age,cgpa,python_score,sql_score,statistics_score,ml_score,dl_score,genai_score,ml_projects,end_to_end_projects,deployed_projects,kaggle_competitions,best_competition_rank,hackathons_attended,hackathons_won,finalist_status,github_projects,internship_months,certifications,ml_interview_score,communication_score,dsa_score,resume_score,mock_interview_score,hackathon_win_rate,hackathon_finalist_rate,has_won_hackathon,deployment_rate,end_to_end_rate,has_deployed_project,has_competed_kaggle,competition_rank_missing,avg_core_skill_score,real_world_exposure,avg_interview_readiness,degree,job_ready,career_track,split
22,7.04,10.0,3.7,4.5,8.3,5.7,4.6,3,3,1,2,241.0,3,0,1,3,3,6.0,0.8,5.6,7.3,3.0,4.5,0.0,0.3333333333333333,0,0.3333333333333333,1.0,1,1,0,6.133333333333334,8,4.24,B.Tech,0,5,train
21,7.94,7.2,9.2,5.0,8.0,5.5,3.6,2,2,2,0,,2,0,0,5,1,3.0,3.2,8.9,7.8,3.7,1.6,0.0,0.0,0,1.0,1.0,1,0,1,6.416666666666667,7,5.040000000000001,B.Tech,0,5,train
21,9.65,5.0,7.8,6.0,5.8,3.9,5.0,1,1,0,0,,3,0,3,2,1,7.0,5.7,6.4,6.5,9.7,5.6,0.0,1.0,0,0.0,1.0,0,0,1,5.583333333333333,2,6.779999999999999,B.Tech,0,5,train
23,8.42,5.1,7.8,10.0,1.0,1.4,4.5,1,1,1,1,474.0,4,1,2,3,3,0.0,3.4,8.2,4.8,7.1,6.1,0.25,0.5,1,1.0,1.0,1,1,0,4.966666666666666,6,5.92,B.Tech,0,5,train
21,8.8,6.7,1.5,8.6,5.6,5.6,3.5,1,1,0,1,91.0,3,0,1,4,2,,0.0,3.7,8.1,6.4,8.1,0.0,0.3333333333333333,0,0.0,1.0,0,1,0,5.25,3,5.260000000000001,B.Tech,0,5,train
25,,7.7,5.5,0.0,4.6,6.1,3.2,4,1,0,1,24.0,2,0,0,1,2,2.0,4.6,8.6,6.6,5.2,2.4,0.0,0.0,0,0.0,0.25,0,1,0,4.516666666666667,3,5.479999999999999,B.Tech,0,5,train
20,6.78,4.7,4.0,5.8,5.9,0.0,4.1,1,1,0,0,,3,1,2,3,1,1.0,1.8,,5.5,4.6,4.1,0.3333333333333333,0.6666666666666666,1,0.0,1.0,0,0,1,4.083333333333333,2,3.9999999999999996,B.Tech,0,5,train
25,9.16,5.3,5.9,7.4,6.4,4.9,4.4,1,1,1,1,481.0,1,0,0,5,4,3.0,3.9,6.2,5.9,,5.3,0.0,0.0,0,1.0,1.0,1,1,0,5.716666666666666,7,5.325,B.Tech,1,2,train
24,6.51,7.8,6.2,6.4,5.5,5.5,7.0,0,0,0,2,96.0,1,0,0,5,2,7.0,2.7,8.2,3.1,4.2,4.0,0.0,0.0,0,0.0,0.0,0,1,0,6.3999999999999995,2,4.4399999999999995,BCA,0,5,train
21,,8.3,7.2,6.7,3.2,4.3,4.5,5,2,0,0,,1,0,0,2,3,1.0,6.4,5.0,6.0,3.6,7.1,0.0,0.0,0,0.0,0.4,0,0,1,5.7,5,5.62,MCA,0,5,train
21,7.25,7.7,5.1,4.0,5.4,0.2,2.7,2,0,0,1,389.0,5,1,2,4,2,5.0,4.5,4.9,6.2,5.1,5.7,0.2,0.4,1,0.0,0.0,0,1,0,4.183333333333334,2,5.28,B.Tech,0,5,train
25,8.18,5.9,7.6,9.3,5.3,4.1,2.4,1,0,0,1,246.0,1,0,0,2,0,4.0,6.5,4.9,4.9,7.3,4.4,0.0,0.0,0,0.0,0.0,0,1,0,5.766666666666667,0,5.6,B.Sc,0,5,train
21,7.75,7.1,8.0,5.0,8.9,7.3,8.1,4,1,0,2,440.0,3,0,1,3,2,3.0,8.1,5.9,5.2,5.6,0.4,0.0,0.3333333333333333,0,0.0,0.25,0,1,0,7.3999999999999995,3,5.039999999999999,B.Tech,1,1,train
24,6.2,5.7,5.7,5.6,5.0,2.5,8.5,1,1,0,2,314.0,4,1,2,6,2,1.0,8.6,5.1,5.3,8.9,4.0,0.25,0.5,1,0.0,1.0,0,1,0,5.5,3,6.38,MCA,1,4,train
24,,4.3,10.0,3.5,5.7,9.5,3.2,4,3,0,3,181.0,4,0,2,4,1,1.0,2.4,8.4,2.8,4.9,7.8,0.0,0.5,0,0.0,0.75,0,1,0,6.033333333333334,4,5.26,B.Tech,1,2,train
22,8.72,8.1,1.1,3.5,2.8,3.8,9.3,2,1,0,3,276.0,3,0,1,2,1,6.0,5.9,6.3,7.5,5.3,3.2,0.0,0.3333333333333333,0,0.0,0.5,0,1,0,4.766666666666667,2,5.64,B.Sc,0,5,train
25,6.5,7.1,6.3,5.7,4.3,2.8,7.5,1,1,1,2,313.0,2,0,0,5,4,0.0,2.6,6.1,6.9,5.4,4.4,0.0,0.0,0,1.0,1.0,1,1,0,5.616666666666667,7,5.08,B.Sc,0,5,train
21,6.76,7.8,2.3,9.5,5.6,5.6,6.6,2,0,0,1,193.0,1,1,1,7,1,1.0,4.7,6.0,3.8,4.0,10.0,1.0,1.0,1,0.0,0.0,0,1,0,6.233333333333334,1,5.7,M.Tech,0,5,train
23,7.08,8.5,3.1,1.9,8.9,4.2,6.0,1,1,0,4,82.0,4,1,2,6,1,1.0,2.0,5.6,6.2,6.2,6.6,0.25,0.5,1,0.0,1.0,0,1,0,5.433333333333333,2,5.32,B.Tech,0,5,train
24,6.61,7.2,7.0,5.6,5.7,0.5,4.7,3,3,1,2,158.0,4,0,1,6,1,1.0,6.2,9.6,4.7,6.6,3.3,0.0,0.25,0,0.3333333333333333,1.0,1,1,0,5.116666666666666,6,6.08,B.Sc,0,5,train
24,7.95,4.1,5.8,3.8,0.5,2.4,4.6,3,0,0,2,265.0,5,1,2,5,2,7.0,6.2,6.3,5.3,4.5,4.1,0.2,0.4,1,0.0,0.0,0,1,0,3.5333333333333328,2,5.279999999999999,MCA,0,5,train
23,6.92,8.3,5.3,5.1,7.4,5.9,2.1,2,0,0,2,206.0,4,0,0,4,2,5.0,6.1,8.7,7.1,6.6,6.1,0.0,0.0,0,0.0,0.0,0,1,0,5.683333333333334,2,6.92,B.Tech,1,1,train
20,6.42,2.9,4.0,5.1,6.1,3.4,8.8,5,1,0,3,87.0,4,1,3,5,1,0.0,2.6,7.5,5.5,2.9,2.6,0.25,0.75,1,0.0,0.2,0,1,0,5.05,2,4.220000000000001,BCA,0,5,train
24,7.75,6.0,4.2,6.3,8.8,3.4,6.5,6,1,1,1,14.0,4,0,1,4,3,3.0,6.1,7.2,2.7,6.8,8.6,0.0,0.25,0,1.0,0.16666666666666666,1,1,0,5.866666666666667,6,6.279999999999999,B.Tech,1,2,train
23,8.32,7.5,6.1,5.5,5.9,5.9,7.5,2,1,0,1,15.0,3,1,2,4,4,1.0,7.9,6.6,4.5,4.8,4.5,0.3333333333333333,0.6666666666666666,1,0.0,0.5,0,1,0,6.3999999999999995,5,5.66,B.Tech,1,1,train
23,7.64,6.1,6.1,3.7,6.2,0.0,3.5,2,0,0,4,180.0,4,0,1,6,2,3.0,7.3,5.6,4.3,5.8,1.6,0.0,0.25,0,0.0,0.0,0,1,0,4.266666666666667,2,4.92,B.Sc,0,5,train
24,8.4,7.1,6.0,6.7,6.0,7.6,3.6,3,2,1,1,340.0,2,0,0,4,1,5.0,4.2,9.3,2.4,4.8,4.8,0.0,0.0,0,0.5,0.6666666666666666,1,1,0,6.166666666666667,5,5.1,B.Tech,0,5,train
22,7.43,5.6,5.8,5.7,6.4,7.1,5.5,2,1,0,1,408.0,2,0,0,5,0,1.0,3.6,,7.5,4.1,5.8,0.0,0.0,0,0.0,0.5,0,1,0,6.016666666666667,1,5.25,MCA,0,5,train
25,7.09,7.4,3.4,3.3,6.9,5.4,2.5,4,1,1,2,496.0,4,0,0,6,2,5.0,6.2,5.2,6.4,3.4,8.5,0.0,0.0,0,1.0,0.25,1,1,0,4.816666666666666,5,5.9399999999999995,MCA,0,5,train
23,7.19,7.6,2.8,4.7,5.9,3.6,3.2,5,2,0,1,265.0,3,0,0,5,2,4.0,5.5,5.4,5.3,3.1,3.6,0.0,0.0,0,0.0,0.4,0,1,0,4.633333333333334,4,4.58,B.Tech,0,5,train
20,9.1,7.8,7.5,7.5,3.5,2.5,3.2,3,0,0,0,,3,1,2,4,2,2.0,5.9,4.3,2.9,3.1,6.2,0.3333333333333333,0.6666666666666666,1,0.0,0.0,0,0,1,5.333333333333333,2,4.4799999999999995,MCA,1,0,train
23,7.66,7.7,5.6,4.5,6.8,3.8,6.3,4,2,2,0,,5,0,1,5,0,3.0,6.1,8.2,7.9,9.0,2.3,0.0,0.2,0,1.0,0.5,1,0,1,5.783333333333334,6,6.7,BCA,1,2,train
25,7.85,5.0,3.6,6.5,8.0,3.8,7.1,4,0,0,0,,2,2,2,8,2,6.0,3.1,8.3,6.4,5.6,7.9,1.0,1.0,1,0.0,0.0,0,0,1,5.666666666666667,2,6.26,B.Tech,0,5,train
20,6.72,7.1,3.8,4.4,2.2,1.5,3.8,2,2,1,3,136.0,3,0,1,4,1,2.0,3.9,8.4,4.5,4.6,3.2,0.0,0.3333333333333333,0,0.5,1.0,1,1,0,3.8000000000000003,5,4.92,B.Tech,1,0,train
20,7.03,6.4,7.1,10.0,1.1,3.2,4.2,4,2,0,2,347.0,3,0,0,4,2,2.0,4.5,4.5,6.7,6.3,3.8,0.0,0.0,0,0.0,0.5,0,1,0,5.333333333333333,4,5.16,B.Tech,0,5,train
20,7.59,6.3,4.2,6.3,4.4,4.1,5.0,1,0,0,2,82.0,2,0,2,12,4,3.0,5.0,,3.6,7.5,6.0,0.0,1.0,0,0.0,0.0,0,1,0,5.050000000000001,4,5.525,MCA,1,1,train
22,7.51,6.3,4.1,2.8,5.3,0.0,7.7,2,0,0,0,,0,0,0,5,0,4.0,0.5,9.4,3.1,7.7,7.3,0.0,0.0,0,0.0,0.0,0,0,1,4.366666666666666,0,5.6,B.Tech,0,5,train
25,6.81,5.2,7.0,7.1,4.5,4.3,3.6,4,1,0,2,68.0,3,0,1,2,3,2.0,3.9,8.2,5.8,5.1,6.4,0.0,0.3333333333333333,0,0.0,0.25,0,1,0,5.283333333333333,4,5.88,B.Tech,1,1,train
25,7.73,7.5,2.8,4.9,3.7,7.2,4.7,2,0,0,1,321.0,2,0,0,4,2,2.0,5.9,5.0,5.3,6.9,7.0,0.0,0.0,0,0.0,0.0,0,1,0,5.133333333333334,2,6.0200000000000005,B.Sc,0,5,train
25,7.42,5.4,5.4,3.1,5.7,5.9,4.2,2,2,1,0,,3,0,2,5,1,2.0,6.0,5.7,5.1,4.6,7.5,0.0,0.6666666666666666,0,0.5,1.0,1,0,1,4.95,5,5.779999999999999,B.Sc,0,5,train
20,5.91,9.0,7.4,3.2,8.0,0.9,2.8,7,2,1,1,496.0,7,0,1,6,1,1.0,3.9,4.7,7.8,3.8,4.1,0.0,0.14285714285714285,0,0.5,0.2857142857142857,1,1,0,5.216666666666666,5,4.859999999999999,B.Tech,0,5,train
25,8.88,6.4,1.8,5.8,4.4,6.5,2.8,1,0,0,2,8.0,4,0,1,5,1,2.0,3.2,6.6,5.6,5.0,6.1,0.0,0.25,0,0.0,0.0,0,1,0,4.616666666666666,1,5.3,B.Tech,0,5,train
23,7.28,5.8,4.3,3.6,7.7,3.3,8.2,3,1,0,0,,3,0,0,6,1,2.0,6.8,6.7,7.1,6.3,4.6,0.0,0.0,0,0.0,0.3333333333333333,0,0,1,5.483333333333333,2,6.3,B.Tech,1,4,train
25,6.82,4.6,8.0,2.6,8.8,8.1,0.9,4,1,0,1,80.0,5,0,1,4,3,4.0,8.6,8.2,1.9,6.4,1.6,0.0,0.2,0,0.0,0.25,0,1,0,5.5,4,5.339999999999999,B.Tech,1,3,train
23,8.4,6.3,5.1,5.8,4.7,6.4,2.0,6,1,0,3,108.0,3,1,2,6,4,1.0,3.5,4.1,4.7,6.0,7.0,0.3333333333333333,0.6666666666666666,1,0.0,0.16666666666666666,0,1,0,5.05,5,5.0600000000000005,B.Tech,1,3,train
20,8.36,7.8,5.1,6.5,4.5,5.3,1.3,4,1,1,0,,2,0,1,6,2,3.0,7.9,6.5,6.2,7.3,5.6,0.0,0.5,0,1.0,0.25,1,0,1,5.083333333333333,5,6.7,M.Tech,1,2,train
21,6.69,6.0,4.9,5.4,8.0,5.4,7.2,2,0,0,2,102.0,8,2,4,1,3,3.0,7.1,6.3,7.8,8.0,6.6,0.25,0.5,1,0.0,0.0,0,1,0,6.150000000000001,3,7.159999999999999,B.Tech,0,5,train
22,7.53,7.4,6.2,2.3,4.2,5.8,6.9,4,0,0,2,270.0,3,0,0,1,2,2.0,5.9,5.8,7.1,8.3,5.9,0.0,0.0,0,0.0,0.0,0,1,0,5.466666666666668,2,6.6,B.Tech,0,5,train
21,8.12,6.5,4.8,6.2,6.2,6.2,3.3,1,1,1,1,256.0,1,0,1,5,1,4.0,6.7,6.0,4.3,4.6,3.3,0.0,1.0,0,1.0,1.0,1,1,0,5.533333333333332,4,4.98,BCA,0,5,train
20,7.49,4.7,4.3,8.4,3.7,1.8,7.6,3,1,0,0,,3,0,1,4,2,0.0,6.5,,6.6,5.2,8.5,0.0,0.3333333333333333,0,0.0,0.3333333333333333,0,0,1,5.083333333333333,3,6.7,MCA,0,5,train
24,6.52,6.8,3.8,5.7,4.7,9.0,3.0,1,1,1,1,337.0,0,0,0,3,3,2.0,2.6,3.7,5.1,3.5,6.4,0.0,0.0,0,1.0,1.0,1,1,0,5.5,6,4.26,B.Tech,0,5,train
23,8.02,6.9,5.6,9.7,7.1,6.6,7.4,4,0,0,1,277.0,8,0,2,3,2,1.0,7.3,7.6,5.4,5.1,4.7,0.0,0.25,0,0.0,0.0,0,1,0,7.216666666666666,2,6.02,B.Tech,1,0,train
24,6.97,5.0,6.0,8.4,5.8,0.3,6.8,3,0,0,1,485.0,4,1,1,5,4,2.0,9.3,5.8,1.5,7.8,6.2,0.25,0.25,1,0.0,0.0,0,1,0,5.383333333333333,4,6.12,B.Tech,1,0,train
23,8.41,5.2,5.9,4.4,4.7,2.8,6.3,1,1,1,1,275.0,3,1,2,5,1,4.0,8.6,5.7,4.9,9.1,7.3,0.3333333333333333,0.6666666666666666,1,1.0,1.0,1,1,0,4.883333333333334,4,7.12,B.Tech,0,5,train
20,7.69,3.6,5.9,7.5,6.3,3.2,4.8,1,1,1,0,,2,0,0,4,1,2.0,6.2,7.5,7.7,6.6,5.7,0.0,0.0,0,1.0,1.0,1,0,1,5.216666666666667,4,6.74,MCA,0,5,train
21,7.72,4.9,3.5,5.2,5.5,8.1,4.6,1,1,1,0,,2,0,0,5,2,5.0,2.5,4.2,8.7,5.9,1.5,0.0,0.0,0,1.0,1.0,1,0,1,5.300000000000001,5,4.56,B.Tech,0,5,train
21,8.07,4.8,5.3,9.4,6.7,6.1,3.5,1,1,1,1,347.0,5,0,1,1,0,2.0,3.4,6.0,4.4,5.2,5.7,0.0,0.2,0,1.0,1.0,1,1,0,5.966666666666666,3,4.9399999999999995,B.Tech,1,2,train
20,7.22,7.7,4.6,4.8,9.9,5.5,4.7,1,1,0,1,298.0,2,0,1,6,2,7.0,3.2,5.1,8.7,5.0,4.7,0.0,0.5,0,0.0,1.0,0,1,0,6.2,3,5.34,M.Tech,1,1,train
21,7.22,5.6,7.8,7.5,5.2,5.2,10.0,5,0,0,0,,6,0,0,4,3,3.0,5.7,5.4,6.3,5.4,5.4,0.0,0.0,0,0.0,0.0,0,0,1,6.883333333333333,3,5.640000000000001,B.Sc,1,4,train
25,7.65,4.7,9.7,6.3,8.1,2.1,1.3,1,0,0,1,219.0,2,0,1,2,0,0.0,4.2,7.7,6.3,6.5,6.3,0.0,0.5,0,0.0,0.0,0,1,0,5.366666666666666,0,6.2,BCA,0,5,train
25,6.83,6.8,3.3,0.0,5.4,4.1,3.9,1,1,1,1,13.0,0,0,0,5,0,3.0,2.7,7.4,2.7,6.4,7.0,0.0,0.0,0,1.0,1.0,1,1,0,3.9166666666666665,3,5.24,M.Tech,0,5,train
21,8.19,8.3,7.4,5.5,6.7,7.4,4.9,2,0,0,1,347.0,4,0,2,2,3,0.0,5.2,5.4,5.4,9.1,6.7,0.0,0.5,0,0.0,0.0,0,1,0,6.7,3,6.36,BCA,1,3,train
25,7.27,6.1,3.5,3.0,3.6,7.0,5.2,5,2,1,2,194.0,3,1,1,9,0,3.0,4.4,7.4,7.6,5.5,8.2,0.3333333333333333,0.3333333333333333,1,0.5,0.4,1,1,0,4.733333333333333,4,6.619999999999999,B.Tech,1,2,train
25,8.47,7.0,8.8,8.1,3.7,4.1,2.2,4,0,0,2,140.0,2,0,0,6,2,0.0,5.3,5.5,6.3,5.2,5.2,0.0,0.0,0,0.0,0.0,0,1,0,5.6499999999999995,2,5.5,B.Sc,0,5,train
23,7.75,8.9,4.6,5.4,7.6,4.1,5.3,1,1,0,1,12.0,4,1,1,3,1,2.0,9.3,7.0,7.4,9.0,4.3,0.25,0.25,1,0.0,1.0,0,1,0,5.983333333333333,2,7.4,BCA,1,1,train
23,8.92,6.7,3.4,3.9,5.0,4.7,2.8,4,1,0,1,383.0,3,1,1,5,0,0.0,7.5,8.2,4.6,3.9,3.5,0.3333333333333333,0.3333333333333333,1,0.0,0.25,0,1,0,4.416666666666667,1,5.539999999999999,B.Tech,0,5,train
25,6.28,6.1,6.9,8.0,7.1,3.9,7.7,1,1,0,0,,2,1,1,3,1,2.0,5.6,8.2,4.1,6.8,9.4,0.5,0.5,1,0.0,1.0,0,0,1,6.616666666666667,2,6.82,M.Tech,0,5,train
25,8.66,6.0,2.9,5.6,5.4,3.7,2.7,2,1,0,2,113.0,2,1,2,5,2,,7.8,6.9,1.6,4.2,4.4,0.5,1.0,1,0.0,0.5,0,1,0,4.383333333333333,3,4.9799999999999995,B.Tech,0,5,train
25,6.2,6.7,6.6,6.3,5.8,3.6,6.3,0,0,0,1,22.0,1,1,1,4,0,2.0,4.8,9.0,5.5,5.6,6.2,1.0,1.0,1,0.0,0.0,0,1,0,5.883333333333334,0,6.22,B.Tech,1,0,train
24,8.99,6.0,7.6,4.1,3.3,4.5,2.6,2,1,0,3,161.0,0,0,0,3,1,1.0,5.6,7.3,5.8,4.9,8.7,0.0,0.0,0,0.0,0.5,0,1,0,4.683333333333334,2,6.459999999999999,M.Tech,0,5,train
22,6.81,9.3,3.4,7.3,5.2,4.6,4.4,0,0,0,0,,0,0,0,4,2,3.0,5.0,4.9,4.4,3.2,0.0,0.0,0.0,0,0.0,0.0,0,0,1,5.699999999999999,2,3.5,M.Tech,0,5,train
21,7.27,7.0,6.3,7.7,6.3,6.2,5.4,2,2,0,2,441.0,3,1,1,5,2,4.0,5.8,5.5,3.9,7.0,4.6,0.3333333333333333,0.3333333333333333,1,0.0,1.0,0,1,0,6.483333333333333,4,5.360000000000001,B.Sc,1,0,train
20,7.6,5.3,5.5,4.6,5.0,2.1,3.7,2,1,1,2,145.0,4,1,2,5,0,4.0,6.2,6.0,3.6,7.5,7.1,0.25,0.5,1,1.0,0.5,1,1,0,4.366666666666666,3,6.08,BCA,1,1,train
23,8.88,6.4,5.0,5.5,6.9,4.1,3.1,2,0,0,3,354.0,2,0,0,2,1,4.0,3.9,4.1,2.8,3.7,5.8,0.0,0.0,0,0.0,0.0,0,1,0,5.166666666666667,1,4.0600000000000005,MCA,0,5,train
20,6.94,5.9,4.1,7.0,6.1,3.6,6.2,2,1,0,2,383.0,3,0,0,2,1,,6.4,9.5,4.5,7.4,6.3,0.0,0.0,0,0.0,0.5,0,1,0,5.483333333333334,2,6.8199999999999985,B.Sc,0,5,train
21,8.02,7.4,7.4,10.0,6.2,1.5,5.0,3,0,0,3,384.0,3,1,1,4,1,2.0,4.2,7.2,1.5,5.7,5.2,0.3333333333333333,0.3333333333333333,1,0.0,0.0,0,1,0,6.25,1,4.76,B.Tech,0,5,train
25,8.91,5.0,4.7,8.0,3.3,4.7,0.0,1,0,0,4,117.0,5,0,2,5,4,3.0,5.9,0.8,6.8,3.7,5.1,0.0,0.4,0,0.0,0.0,0,1,0,4.283333333333333,4,4.459999999999999,MCA,0,5,train
22,8.32,5.2,6.3,5.9,3.0,2.1,5.9,2,0,0,3,110.0,1,0,1,3,0,1.0,5.7,,0.3,4.9,4.9,0.0,1.0,0,0.0,0.0,0,1,0,4.733333333333333,0,3.95,MCA,0,5,train
22,8.42,6.8,6.0,6.8,8.0,7.0,0.7,5,1,1,1,424.0,3,2,3,2,2,2.0,6.3,5.4,5.5,6.7,7.5,0.6666666666666666,1.0,1,1.0,0.2,1,1,0,5.883333333333334,5,6.279999999999999,B.Sc,1,3,train
20,7.89,5.9,4.4,6.8,5.6,7.2,4.3,2,0,0,3,408.0,6,1,2,3,3,3.0,6.6,6.0,6.5,8.0,7.1,0.16666666666666666,0.3333333333333333,1,0.0,0.0,0,1,0,5.7,3,6.840000000000001,MCA,1,3,train
23,8.11,10.0,6.7,6.8,6.8,3.3,9.6,1,0,0,0,,2,0,0,2,5,2.0,6.8,7.7,3.7,6.2,2.7,0.0,0.0,0,0.0,0.0,0,0,1,7.2,5,5.42,B.Tech,1,4,train
24,8.1,5.9,2.5,3.4,4.3,5.1,5.2,2,0,0,3,375.0,2,0,1,6,2,2.0,6.7,4.6,4.6,8.5,2.3,0.0,0.5,0,0.0,0.0,0,1,0,4.4,2,5.34,B.Sc,0,5,train
25,5.03,5.4,3.7,8.3,3.8,6.8,6.0,2,1,1,1,223.0,4,0,2,5,1,1.0,5.2,10.0,8.8,8.2,6.6,0.0,0.5,0,1.0,0.5,1,1,0,5.666666666666667,4,7.760000000000001,B.Tech,1,3,train
23,7.6,5.9,5.3,7.2,7.3,8.2,5.1,2,0,0,0,,2,1,1,2,0,2.0,2.6,9.3,7.1,8.4,6.0,0.5,0.5,1,0.0,0.0,0,0,1,6.5,0,6.68,MCA,1,3,train
25,7.04,6.1,8.0,6.4,5.5,3.4,7.4,1,1,0,4,487.0,3,0,2,1,2,4.0,5.5,2.5,6.4,4.3,2.1,0.0,0.6666666666666666,0,0.0,1.0,0,1,0,6.133333333333333,3,4.16,B.Sc,0,5,train
22,7.75,8.9,3.8,6.6,5.9,2.1,3.9,1,1,0,1,187.0,4,1,1,6,1,3.0,6.5,4.5,5.9,5.9,4.3,0.25,0.25,1,0.0,1.0,0,1,0,5.199999999999999,2,5.42,B.Tech,0,5,train
23,8.15,4.6,7.5,7.8,4.7,5.8,4.3,3,1,1,3,378.0,2,0,1,2,0,1.0,5.1,8.3,3.8,5.6,6.4,0.0,0.5,0,1.0,0.3333333333333333,1,1,0,5.783333333333332,3,5.839999999999999,MCA,1,2,train
24,6.44,5.0,5.6,5.0,2.2,4.8,6.5,4,1,0,4,238.0,2,0,0,9,3,3.0,8.9,5.1,7.1,,5.7,0.0,0.0,0,0.0,0.25,0,1,0,4.8500000000000005,4,6.7,B.Tech,0,5,train
21,,6.1,9.1,5.9,7.6,3.7,5.3,5,2,0,3,70.0,3,0,2,3,3,5.0,7.1,6.9,4.9,4.1,8.2,0.0,0.6666666666666666,0,0.0,0.4,0,1,0,6.283333333333334,5,6.24,M.Tech,1,2,train
25,7.69,6.2,6.5,5.8,5.8,3.8,2.3,2,0,0,1,263.0,3,0,2,1,1,2.0,7.3,6.4,5.8,,7.0,0.0,0.6666666666666666,0,0.0,0.0,0,1,0,5.066666666666667,1,6.625,B.Tech,0,5,train
21,5.61,6.1,6.0,2.2,6.1,3.7,3.2,3,0,0,2,78.0,4,0,1,2,6,2.0,7.1,7.4,5.0,9.9,9.3,0.0,0.25,0,0.0,0.0,0,1,0,4.55,6,7.74,M.Tech,1,3,train
23,6.26,7.4,6.0,7.8,5.1,3.4,4.9,3,2,0,1,448.0,2,1,1,4,4,2.0,4.9,5.8,2.8,8.7,10.0,0.5,0.5,1,0.0,0.6666666666666666,0,1,0,5.766666666666666,6,6.44,B.Tech,1,0,train
25,7.32,5.0,4.2,6.5,8.0,7.5,4.9,0,0,0,2,464.0,4,1,2,4,3,4.0,4.8,7.1,6.3,10.0,4.5,0.25,0.5,1,0.0,0.0,0,1,0,6.016666666666667,3,6.540000000000001,B.Tech,1,1,train
25,7.95,5.9,5.7,7.0,7.1,4.8,2.9,6,3,0,3,342.0,2,0,1,3,3,,4.2,10.0,8.8,2.9,5.0,0.0,0.5,0,0.0,0.5,0,1,0,5.566666666666667,6,6.18,B.Tech,1,2,train
22,7.58,4.8,8.1,5.5,4.4,4.9,4.2,2,2,1,3,266.0,2,0,0,4,2,0.0,7.1,9.0,6.2,5.5,6.3,0.0,0.0,0,0.5,1.0,1,1,0,5.3166666666666655,6,6.82,B.Tech,1,0,train
21,6.83,8.3,6.6,4.9,5.2,6.5,6.2,7,2,0,1,407.0,3,0,0,5,2,3.0,5.0,7.9,6.7,6.8,7.4,0.0,0.0,0,0.0,0.2857142857142857,0,1,0,6.283333333333334,4,6.760000000000001,M.Tech,1,4,train
25,5.92,4.7,3.8,8.0,6.7,1.6,3.7,4,1,0,0,,2,0,0,7,0,4.0,2.4,8.7,4.5,6.3,5.6,0.0,0.0,0,0.0,0.25,0,0,1,4.75,1,5.5,M.Tech,0,5,train
20,7.39,6.5,6.8,6.6,3.6,8.4,5.6,4,0,0,1,366.0,5,0,2,0,2,2.0,4.4,5.6,5.2,8.1,5.0,0.0,0.4,0,0.0,0.0,0,1,0,6.25,2,5.659999999999999,MCA,0,5,train
20,6.9,7.5,6.0,5.7,7.4,5.8,6.7,2,1,0,0,,3,1,2,5,1,1.0,6.2,5.3,6.5,4.7,8.2,0.3333333333333333,0.6666666666666666,1,0.0,0.5,0,0,1,6.516666666666667,2,6.18,B.Tech,1,3,train
21,7.51,4.9,7.8,5.4,4.1,6.2,7.7,5,0,0,0,,3,0,0,3,0,4.0,6.1,7.9,9.2,6.1,9.9,0.0,0.0,0,0.0,0.0,0,0,1,6.016666666666667,0,7.839999999999999,B.Sc,1,4,train
20,5.74,6.4,2.3,1.3,4.7,3.7,3.5,2,2,1,1,281.0,1,0,1,3,2,2.0,2.2,7.7,3.0,9.6,7.1,0.0,1.0,0,0.5,1.0,1,1,0,3.65,6,5.92,B.Tech,0,5,train
25,8.77,6.6,6.4,5.6,6.2,2.9,5.4,2,0,0,3,354.0,6,1,2,2,1,6.0,9.6,6.2,7.8,5.5,5.0,0.16666666666666666,0.3333333333333333,1,0.0,0.0,0,1,0,5.516666666666667,1,6.82,B.Sc,0,5,train
20,8.53,5.8,7.6,8.9,2.1,8.0,5.3,1,1,0,1,66.0,6,1,4,4,2,1.0,3.8,4.8,5.7,4.9,5.0,0.16666666666666666,0.6666666666666666,1,0.0,1.0,0,1,0,6.283333333333332,3,4.840000000000001,B.Tech,1,0,train
23,7.87,5.1,4.8,6.2,7.1,2.6,7.5,2,1,1,2,425.0,2,0,0,7,4,4.0,7.5,7.5,4.4,7.1,8.6,0.0,0.0,0,1.0,0.5,1,1,0,5.55,7,7.0200000000000005,BCA,1,2,train
22,5.86,4.7,2.0,8.9,4.5,5.5,6.1,2,1,0,1,235.0,1,0,0,1,2,2.0,6.0,8.5,6.2,4.9,2.0,0.0,0.0,0,0.0,0.5,0,1,0,5.283333333333334,3,5.5200000000000005,B.Tech,0,5,train
22,8.54,4.0,3.1,7.1,5.8,5.0,6.4,3,1,0,1,163.0,5,0,0,3,4,5.0,5.1,5.7,1.0,5.9,7.7,0.0,0.0,0,0.0,0.3333333333333333,0,1,0,5.233333333333333,5,5.08,MCA,1,3,train
23,6.54,4.4,4.4,9.3,7.4,3.1,3.7,4,1,0,2,443.0,2,0,0,8,1,1.0,5.4,8.4,5.4,6.3,5.6,0.0,0.0,0,0.0,0.25,0,1,0,5.383333333333334,2,6.220000000000001,B.Sc,0,5,train
25,7.68,6.7,4.3,10.0,10.0,2.7,4.5,7,1,0,2,490.0,3,1,2,8,1,7.0,5.4,10.0,6.5,3.2,5.7,0.3333333333333333,0.6666666666666666,1,0.0,0.14285714285714285,0,1,0,6.366666666666667,2,6.159999999999999,M.Tech,1,1,train
23,7.7,3.2,4.5,5.4,5.3,8.4,3.7,8,2,1,0,,1,0,0,2,3,4.0,3.8,7.3,6.4,3.8,8.2,0.0,0.0,0,0.5,0.25,1,0,1,5.083333333333334,7,5.9,B.Tech,1,3,train
24,8.74,3.1,4.4,3.3,5.3,8.2,1.0,2,0,0,0,,4,0,2,3,4,1.0,4.6,5.3,4.2,6.8,5.3,0.0,0.5,0,0.0,0.0,0,0,1,4.216666666666667,4,5.24,B.Tech,0,5,train
25,7.48,6.7,5.9,5.9,5.1,1.9,6.1,2,0,0,0,,3,0,1,7,1,1.0,7.2,7.9,4.3,5.3,8.9,0.0,0.3333333333333333,0,0.0,0.0,0,0,1,5.266666666666667,1,6.720000000000001,B.Tech,1,0,train
22,5.74,10.0,5.9,7.1,0.8,5.5,8.4,1,1,0,1,114.0,1,0,0,3,2,2.0,7.6,5.6,4.2,9.6,2.7,0.0,0.0,0,0.0,1.0,0,1,0,6.283333333333334,3,5.9399999999999995,B.Sc,0,5,train
23,7.94,5.2,4.5,6.2,7.7,2.0,3.4,2,0,0,1,39.0,2,0,1,5,2,2.0,2.0,5.4,9.0,,7.9,0.0,0.5,0,0.0,0.0,0,1,0,4.833333333333333,2,6.074999999999999,B.Tech,0,5,train
21,8.31,6.2,4.8,8.1,4.3,4.4,3.5,1,1,1,1,28.0,0,0,0,1,4,3.0,5.5,5.8,5.9,7.2,2.5,0.0,0.0,0,1.0,1.0,1,1,0,5.216666666666668,7,5.380000000000001,B.Tech,0,5,train
24,7.36,8.1,5.6,7.1,0.0,7.2,4.8,2,1,0,2,143.0,2,0,0,6,2,2.0,4.4,4.4,8.4,7.7,9.6,0.0,0.0,0,0.0,0.5,0,1,0,5.466666666666666,3,6.9,B.Tech,0,5,train
21,5.78,5.2,9.9,3.8,5.5,5.8,3.4,2,1,0,0,,3,0,1,5,1,1.0,6.9,5.6,5.4,8.2,6.3,0.0,0.3333333333333333,0,0.0,0.5,0,0,1,5.6000000000000005,2,6.4799999999999995,B.Tech,0,5,train
21,7.16,5.8,4.7,5.4,6.9,4.2,7.4,3,0,0,1,236.0,2,0,1,3,2,7.0,3.5,6.2,7.1,5.1,4.2,0.0,0.5,0,0.0,0.0,0,1,0,5.733333333333333,2,5.22,B.Tech,0,5,train
25,6.63,5.3,6.3,1.9,4.9,6.6,7.2,0,0,0,2,342.0,0,0,0,2,4,1.0,7.2,9.4,6.4,7.7,6.0,0.0,0.0,0,0.0,0.0,0,1,0,5.366666666666667,4,7.340000000000001,B.Tech,0,5,train
21,7.1,4.9,3.7,6.3,9.8,3.7,8.0,0,0,0,0,,5,0,3,4,4,1.0,8.5,7.9,7.4,7.4,6.4,0.0,0.6,0,0.0,0.0,0,0,1,6.066666666666667,4,7.519999999999999,B.Tech,1,2,train
22,8.83,7.0,6.0,5.4,3.9,1.1,5.9,10,2,0,2,175.0,4,1,1,3,3,4.0,2.2,7.0,7.3,2.0,3.4,0.25,0.25,1,0.0,0.2,0,1,0,4.883333333333333,5,4.38,MCA,0,5,train
22,7.09,5.8,7.1,4.4,6.7,6.1,7.1,4,3,1,2,48.0,4,0,1,3,5,3.0,6.9,7.3,7.5,5.9,7.0,0.0,0.25,0,0.3333333333333333,0.75,1,1,0,6.199999999999999,10,6.92,B.Tech,1,2,train
24,7.55,3.0,4.4,4.8,3.4,9.2,4.3,2,0,0,1,427.0,1,0,0,2,0,3.0,7.1,8.2,5.9,7.2,2.0,0.0,0.0,0,0.0,0.0,0,1,0,4.85,0,6.08,B.Sc,0,5,train
20,8.02,2.5,4.3,8.4,10.0,3.4,10.0,1,1,1,0,,3,1,2,6,4,3.0,3.6,6.5,5.1,5.3,7.0,0.3333333333333333,0.6666666666666666,1,1.0,1.0,1,0,1,6.433333333333333,7,5.5,B.Sc,1,3,train
20,9.04,7.7,6.8,5.1,9.1,3.7,6.9,6,1,0,2,343.0,6,0,2,7,2,2.0,5.3,5.1,6.7,2.8,4.6,0.0,0.3333333333333333,0,0.0,0.16666666666666666,0,1,0,6.550000000000001,3,4.9,B.Sc,1,4,train
20,6.88,4.5,7.8,6.6,8.5,2.9,4.0,2,1,0,1,356.0,3,1,1,3,2,1.0,4.1,10.0,5.5,5.8,0.0,0.3333333333333333,0.3333333333333333,1,0.0,0.5,0,1,0,5.716666666666666,3,5.08,B.Tech,0,5,train
20,7.36,6.0,0.6,4.9,2.9,6.2,10.0,1,1,0,1,46.0,2,1,2,5,4,5.0,1.3,5.4,10.0,2.9,5.2,0.5,1.0,1,0.0,1.0,0,1,0,5.1000000000000005,5,4.959999999999999,B.Tech,0,5,train
25,8.73,5.4,8.0,6.6,8.1,6.5,8.6,3,1,0,2,215.0,4,3,4,4,4,3.0,7.4,6.6,0.8,6.7,8.5,0.75,1.0,1,0.0,0.3333333333333333,0,1,0,7.2,5,6.0,B.Tech,1,4,train
23,5.3,3.1,7.2,5.5,8.6,6.5,6.5,2,2,0,1,234.0,2,1,1,4,1,6.0,3.4,6.8,6.6,2.9,4.9,0.5,0.5,1,0.0,1.0,0,1,0,6.233333333333333,3,4.919999999999999,B.Tech,0,5,train
25,6.9,4.8,7.9,5.6,6.7,7.4,4.2,1,0,0,1,26.0,2,0,0,1,0,2.0,6.3,7.6,5.2,7.5,5.8,0.0,0.0,0,0.0,0.0,0,1,0,6.1000000000000005,0,6.4799999999999995,M.Tech,1,0,train
24,8.44,5.6,8.0,8.0,5.4,4.5,3.4,4,1,0,2,379.0,4,0,2,2,2,1.0,5.7,7.6,8.4,5.1,4.3,0.0,0.5,0,0.0,0.25,0,1,0,5.816666666666666,3,6.220000000000001,MCA,1,0,train
20,8.82,10.0,4.2,7.5,6.8,5.3,3.7,4,0,0,0,,4,1,2,6,4,3.0,3.5,5.9,4.1,8.7,10.0,0.25,0.5,1,0.0,0.0,0,0,1,6.25,4,6.44,BCA,1,1,train
20,6.23,6.8,4.2,8.4,5.4,1.1,2.7,1,1,1,1,99.0,4,0,1,2,0,1.0,4.7,7.9,5.5,3.4,4.4,0.0,0.25,0,1.0,1.0,1,1,0,4.766666666666667,3,5.18,B.Tech,0,5,train
21,8.44,5.7,4.5,5.5,8.5,3.2,1.7,3,2,1,1,134.0,3,0,1,5,3,1.0,2.6,6.2,2.7,5.6,5.1,0.0,0.3333333333333333,0,0.5,0.6666666666666666,1,1,0,4.85,7,4.44,M.Tech,0,5,train
23,7.93,6.2,9.0,5.4,6.5,3.4,5.0,2,1,0,3,71.0,2,0,0,0,3,2.0,4.6,7.8,7.4,7.1,3.7,0.0,0.0,0,0.0,0.5,0,1,0,5.916666666666667,4,6.119999999999999,MCA,1,0,train
24,7.34,7.2,6.9,5.3,6.8,3.1,1.6,1,1,0,2,126.0,6,1,4,6,2,2.0,5.1,6.7,8.0,9.0,3.7,0.16666666666666666,0.6666666666666666,1,0.0,1.0,0,1,0,5.150000000000001,3,6.5,B.Tech,1,0,train
20,6.52,7.2,7.1,7.5,2.8,4.6,9.0,5,0,0,2,443.0,3,1,1,1,2,0.0,8.4,5.7,3.6,3.4,2.6,0.3333333333333333,0.3333333333333333,1,0.0,0.0,0,1,0,6.366666666666667,2,4.74,B.Tech,1,4,train
21,6.52,5.9,6.2,5.8,6.8,7.5,3.4,0,0,0,2,18.0,3,0,0,4,1,2.0,4.0,7.5,9.5,5.3,5.0,0.0,0.0,0,0.0,0.0,0,1,0,5.933333333333334,1,6.26,B.Tech,0,5,train
20,7.88,5.2,0.3,5.0,7.0,6.0,3.7,1,1,1,2,245.0,3,0,1,6,1,2.0,3.3,4.2,8.2,6.4,5.0,0.0,0.3333333333333333,0,1.0,1.0,1,1,0,4.533333333333333,4,5.42,B.Sc,0,5,train
21,6.82,7.0,8.1,4.9,6.9,1.9,5.5,1,1,1,1,21.0,5,1,3,2,2,5.0,7.6,8.1,7.1,9.2,7.6,0.2,0.6,1,1.0,1.0,1,1,0,5.716666666666666,5,7.919999999999999,B.Tech,1,0,train
21,7.13,7.6,5.3,5.3,6.0,3.9,10.0,1,1,1,3,226.0,2,1,2,3,7,1.0,6.6,4.4,5.2,9.4,6.4,0.5,1.0,1,1.0,1.0,1,1,0,6.349999999999999,10,6.4,B.Sc,1,4,train
21,7.99,5.6,4.9,8.2,3.4,4.9,4.9,3,0,0,1,285.0,2,0,0,5,3,4.0,6.7,6.8,4.5,4.4,5.9,0.0,0.0,0,0.0,0.0,0,1,0,5.316666666666666,3,5.659999999999999,B.Sc,0,5,train
22,6.63,7.0,6.6,4.5,6.8,3.2,1.2,1,1,0,1,426.0,2,1,2,3,1,4.0,5.9,6.6,7.4,3.7,8.1,0.5,1.0,1,0.0,1.0,0,1,0,4.883333333333334,2,6.339999999999999,B.Tech,0,5,train
25,7.65,8.3,5.6,8.2,9.2,3.1,8.3,4,3,0,0,,4,0,1,3,3,6.0,5.3,3.4,9.1,7.3,5.8,0.0,0.25,0,0.0,0.75,0,0,1,7.116666666666667,6,6.18,B.Sc,1,4,train
24,8.52,6.4,4.5,8.7,5.7,1.8,7.0,4,1,0,3,331.0,2,0,1,7,3,1.0,9.3,7.6,4.3,7.1,7.0,0.0,0.5,0,0.0,0.25,0,1,0,5.683333333333334,4,7.06,B.Tech,1,4,train
23,8.42,6.2,4.7,8.4,6.3,4.8,0.0,3,0,0,1,190.0,2,0,0,3,1,0.0,6.6,5.3,6.7,5.8,6.2,0.0,0.0,0,0.0,0.0,0,1,0,5.066666666666667,1,6.119999999999999,B.Tech,1,1,train
24,6.77,5.9,2.5,5.1,2.9,4.3,4.4,2,1,1,1,200.0,3,1,2,6,3,1.0,4.5,4.7,5.6,5.2,5.5,0.3333333333333333,0.6666666666666666,1,1.0,0.5,1,1,0,4.183333333333334,6,5.1,B.Tech,0,5,train
21,7.51,4.5,7.0,8.5,7.2,8.1,6.7,1,1,1,2,460.0,0,0,0,4,1,3.0,10.0,8.8,7.3,6.4,2.1,0.0,0.0,0,1.0,1.0,1,1,0,7.0,4,6.92,B.Tech,1,3,train
24,6.04,6.4,5.9,9.6,6.1,8.8,6.8,3,3,0,1,185.0,6,2,2,2,3,1.0,0.0,4.6,5.8,,7.7,0.3333333333333333,0.3333333333333333,1,0.0,1.0,0,1,0,7.266666666666666,6,4.5249999999999995,B.Tech,1,1,train
25,7.99,6.6,7.2,6.3,4.0,0.4,6.3,3,2,1,4,275.0,2,0,0,5,2,2.0,10.0,7.1,8.9,5.8,4.1,0.0,0.0,0,0.5,0.6666666666666666,1,1,0,5.133333333333334,6,7.18,B.Tech,1,0,train
24,8.21,7.6,4.3,5.4,5.9,6.6,5.5,5,1,0,0,,2,1,2,3,1,4.0,5.7,5.0,5.6,10.0,6.6,0.5,1.0,1,0.0,0.2,0,0,1,5.883333333333333,2,6.58,MCA,1,3,train
20,8.21,8.0,9.0,8.6,9.4,2.4,4.5,4,2,0,0,,5,2,3,6,4,3.0,5.9,7.3,3.4,7.7,4.3,0.4,0.6,1,0.0,0.5,0,0,1,6.983333333333333,6,5.72,BCA,1,2,train
24,8.59,5.7,6.6,7.8,5.1,9.2,7.8,3,2,1,6,165.0,1,0,1,6,1,3.0,5.3,9.9,6.2,4.6,5.5,0.0,1.0,0,0.5,0.6666666666666666,1,1,0,7.033333333333334,5,6.3,B.Tech,1,0,train
21,6.65,2.4,4.3,6.6,9.2,8.0,3.7,3,1,1,0,,3,0,2,3,0,2.0,3.4,5.6,3.9,7.0,5.8,0.0,0.6666666666666666,0,1.0,0.3333333333333333,1,0,1,5.7,3,5.14,BCA,0,5,train
25,8.37,1.6,5.8,6.1,4.6,5.4,0.5,0,0,0,0,,2,0,1,6,3,1.0,7.1,2.9,0.5,3.8,5.6,0.0,0.5,0,0.0,0.0,0,0,1,4.0,3,3.9799999999999995,B.Tech,0,5,train
25,6.43,7.1,6.8,6.5,5.0,3.9,3.9,2,2,0,1,134.0,2,0,0,4,4,0.0,7.2,5.5,6.9,4.2,4.8,0.0,0.0,0,0.0,1.0,0,1,0,5.533333333333332,6,5.720000000000001,M.Tech,0,5,train
22,6.43,8.2,9.4,5.1,9.4,2.8,4.1,3,1,1,1,272.0,2,1,2,4,2,3.0,6.0,7.2,2.7,8.5,2.8,0.5,1.0,1,1.0,0.3333333333333333,1,1,0,6.5,5,5.4399999999999995,B.Sc,0,5,train
24,6.92,7.5,6.5,10.0,5.0,1.1,7.4,3,2,0,1,384.0,0,0,0,5,5,3.0,1.6,7.4,7.0,5.3,7.6,0.0,0.0,0,0.0,0.6666666666666666,0,1,0,6.25,7,5.779999999999999,B.Tech,1,0,train
24,5.94,4.5,5.1,5.7,6.7,5.4,2.9,4,1,0,2,44.0,4,0,1,8,6,0.0,7.2,6.7,7.0,6.0,3.3,0.0,0.25,0,0.0,0.25,0,1,0,5.05,7,6.04,B.Tech,1,2,train
23,8.21,6.2,6.4,4.6,5.5,5.4,3.3,0,0,0,1,480.0,4,2,3,2,1,2.0,5.5,4.6,3.8,5.3,8.3,0.5,0.75,1,0.0,0.0,0,1,0,5.233333333333333,1,5.5,B.Sc,1,3,train
21,8.22,8.3,9.8,7.3,5.4,4.5,3.7,2,2,1,1,407.0,3,1,1,5,0,0.0,7.4,8.0,6.6,5.4,7.1,0.3333333333333333,0.3333333333333333,1,0.5,1.0,1,1,0,6.500000000000001,4,6.9,B.Tech,1,0,train
23,7.03,6.6,6.2,4.4,5.3,7.4,5.8,5,0,0,1,484.0,3,1,1,2,3,5.0,0.0,9.8,5.8,4.4,7.4,0.3333333333333333,0.3333333333333333,1,0.0,0.0,0,1,0,5.95,3,5.4799999999999995,M.Tech,0,5,train
20,9.87,7.0,5.4,5.8,5.4,0.7,3.3,2,2,1,4,26.0,5,0,2,2,2,2.0,3.6,5.5,4.5,5.7,7.1,0.0,0.4,0,0.5,1.0,1,1,0,4.6000000000000005,6,5.279999999999999,B.Tech,0,5,train
20,6.61,8.1,3.0,6.2,8.6,5.1,4.6,2,0,0,4,418.0,3,0,1,2,3,3.0,4.5,4.4,4.4,4.7,5.5,0.0,0.3333333333333333,0,0.0,0.0,0,1,0,5.933333333333334,3,4.7,B.Tech,0,5,train
22,6.66,3.4,8.9,5.6,6.5,8.3,10.0,7,1,1,4,152.0,3,0,1,4,2,2.0,2.7,7.1,3.1,7.9,4.4,0.0,0.3333333333333333,0,1.0,0.14285714285714285,1,1,0,7.116666666666667,5,5.040000000000001,B.Tech,1,0,train
24,7.26,7.5,5.1,6.4,5.2,9.0,7.7,2,0,0,3,437.0,1,0,1,1,2,1.0,1.0,6.2,5.6,7.5,4.9,0.0,1.0,0,0.0,0.0,0,1,0,6.816666666666667,2,5.040000000000001,B.Tech,1,4,train
24,7.76,3.5,9.8,3.5,8.4,4.7,7.4,3,1,0,1,433.0,5,1,3,5,0,3.0,7.7,5.0,5.7,4.7,5.9,0.2,0.6,1,0.0,0.3333333333333333,0,1,0,6.216666666666668,1,5.8,B.Tech,1,2,train
25,6.01,9.7,7.3,6.0,7.8,4.0,6.0,1,0,0,2,103.0,6,1,1,4,1,2.0,4.0,8.3,7.8,4.8,1.5,0.16666666666666666,0.16666666666666666,1,0.0,0.0,0,1,0,6.8,1,5.28,B.Tech,0,5,train
25,8.01,4.9,6.1,6.3,1.8,6.6,2.3,4,0,0,1,264.0,5,0,3,5,3,5.0,4.5,3.8,7.4,7.2,8.4,0.0,0.6,0,0.0,0.0,0,1,0,4.666666666666667,3,6.260000000000001,B.Tech,0,5,train
25,7.35,5.7,2.3,1.8,5.0,4.9,9.4,1,1,1,3,113.0,4,2,4,9,1,2.0,8.5,7.2,7.0,7.6,5.7,0.5,1.0,1,1.0,1.0,1,1,0,4.8500000000000005,4,7.2,BCA,1,4,train
20,6.3,7.2,6.4,4.3,6.3,2.4,1.4,3,2,1,2,296.0,1,0,0,6,3,3.0,4.6,7.4,2.4,6.0,6.4,0.0,0.0,0,0.5,0.6666666666666666,1,1,0,4.666666666666667,7,5.359999999999999,MCA,0,5,train
24,7.75,7.9,3.7,4.4,6.8,4.7,2.1,4,0,0,1,422.0,4,0,1,5,2,1.0,6.7,9.4,4.7,8.6,8.0,0.0,0.25,0,0.0,0.0,0,1,0,4.933333333333334,2,7.4799999999999995,B.Tech,1,1,train
23,6.88,5.1,4.4,4.8,2.9,5.1,4.5,3,1,1,2,51.0,3,1,1,4,2,1.0,5.4,8.5,7.9,5.4,4.0,0.3333333333333333,0.3333333333333333,1,1.0,0.3333333333333333,1,1,0,4.466666666666666,5,6.24,M.Tech,0,5,train
24,7.91,7.0,4.4,1.2,4.7,5.0,8.3,2,2,1,1,236.0,1,0,1,4,0,1.0,6.2,6.8,2.1,8.1,4.9,0.0,1.0,0,0.5,1.0,1,1,0,5.1000000000000005,4,5.62,B.Sc,0,5,train
21,8.5,6.9,6.6,3.0,7.5,4.0,3.6,5,1,1,0,,0,0,0,4,0,5.0,4.6,7.0,3.7,6.8,5.3,0.0,0.0,0,1.0,0.2,1,0,1,5.266666666666667,3,5.48,B.Sc,1,4,train
23,6.44,4.2,3.1,4.5,5.8,4.8,4.5,2,0,0,1,55.0,4,1,1,3,2,3.0,7.1,4.7,4.6,5.9,7.1,0.25,0.25,1,0.0,0.0,0,1,0,4.483333333333333,2,5.88,B.Sc,0,5,train
23,7.32,4.0,4.4,6.5,5.3,4.8,8.8,4,1,1,0,,1,0,0,0,4,7.0,3.7,4.0,4.6,4.8,4.1,0.0,0.0,0,1.0,0.25,1,0,1,5.633333333333333,7,4.24,B.Tech,1,2,train
20,7.94,8.5,5.7,8.4,4.9,4.8,7.9,3,3,0,1,377.0,3,0,0,5,2,4.0,5.9,5.4,1.5,6.5,3.1,0.0,0.0,0,0.0,1.0,0,1,0,6.699999999999999,5,4.48,B.Tech,1,1,train
23,7.23,10.0,3.8,3.8,8.2,3.6,8.1,0,0,0,1,56.0,5,1,2,7,2,4.0,6.0,,3.6,5.7,3.9,0.2,0.4,1,0.0,0.0,0,1,0,6.25,2,4.8,B.Tech,0,5,train
24,7.57,6.2,5.4,8.3,6.3,5.7,5.2,2,1,1,4,93.0,3,0,0,2,2,4.0,5.3,6.5,4.9,4.9,3.0,0.0,0.0,0,1.0,0.5,1,1,0,6.183333333333334,5,4.92,BCA,1,1,train
20,8.0,3.6,3.7,5.8,8.6,5.1,6.8,6,2,1,1,46.0,1,0,0,3,1,2.0,6.6,9.6,4.6,7.3,1.7,0.0,0.0,0,0.5,0.3333333333333333,1,1,0,5.6000000000000005,5,5.959999999999999,B.Tech,1,2,train
22,7.15,10.0,5.6,3.9,7.2,4.5,7.3,4,1,1,0,,6,0,1,9,0,2.0,1.7,8.2,5.4,7.8,7.1,0.0,0.16666666666666666,0,1.0,0.25,1,0,1,6.416666666666667,3,6.039999999999999,BCA,1,4,train
23,8.53,2.1,6.1,4.4,9.3,6.7,5.4,1,1,0,0,,5,0,1,3,1,3.0,4.5,6.0,8.4,7.5,7.7,0.0,0.2,0,0.0,1.0,0,0,1,5.666666666666667,2,6.82,MCA,1,3,train
20,7.21,4.3,6.4,6.4,5.3,3.2,1.4,2,2,1,1,469.0,2,1,1,4,1,3.0,5.3,4.7,5.4,9.5,9.2,0.5,0.5,1,0.5,1.0,1,1,0,4.5,5,6.8199999999999985,B.Sc,1,0,train
25,7.45,6.2,8.3,5.3,8.7,2.9,4.0,1,1,0,2,119.0,1,1,1,1,2,3.0,6.0,6.0,6.9,8.3,4.2,1.0,1.0,1,0.0,1.0,0,1,0,5.8999999999999995,3,6.279999999999999,MCA,1,0,train
25,8.72,8.0,5.6,5.4,6.8,3.2,2.0,3,1,1,2,248.0,1,1,1,5,2,1.0,6.2,4.3,7.7,9.2,4.5,1.0,1.0,1,1.0,0.3333333333333333,1,1,0,5.166666666666667,5,6.38,B.Tech,1,1,train
24,8.16,7.2,2.3,5.4,2.3,8.3,7.1,2,2,0,3,481.0,7,1,2,4,1,0.0,3.6,6.3,8.1,5.8,4.8,0.14285714285714285,0.2857142857142857,1,0.0,1.0,0,1,0,5.433333333333334,3,5.720000000000001,B.Tech,0,5,train
20,7.72,5.5,8.8,6.2,5.7,3.3,5.0,1,1,1,1,183.0,6,1,3,4,1,3.0,5.2,7.2,5.1,7.8,5.0,0.16666666666666666,0.5,1,1.0,1.0,1,1,0,5.75,4,6.0600000000000005,B.Tech,0,5,train
25,7.27,7.5,4.4,3.4,8.9,2.6,8.5,3,1,0,1,302.0,3,0,1,5,1,1.0,7.2,8.0,1.5,6.7,4.0,0.0,0.3333333333333333,0,0.0,0.3333333333333333,0,1,0,5.883333333333334,2,5.4799999999999995,B.Tech,0,5,train
24,8.06,4.4,6.3,6.9,7.0,3.8,7.5,2,1,0,2,232.0,3,0,0,2,0,1.0,5.1,7.5,7.6,6.6,5.3,0.0,0.0,0,0.0,0.5,0,1,0,5.983333333333334,1,6.419999999999999,B.Tech,0,5,train
22,8.14,7.8,4.4,5.1,6.6,4.1,1.1,0,0,0,0,,3,1,2,8,1,7.0,8.2,7.9,7.3,8.0,8.8,0.3333333333333333,0.6666666666666666,1,0.0,0.0,0,0,1,4.8500000000000005,1,8.040000000000001,M.Tech,0,5,train
24,5.77,5.7,5.3,7.8,3.1,6.4,10.0,4,1,0,1,329.0,5,1,2,2,3,2.0,4.0,,6.3,9.4,7.5,0.2,0.4,1,0.0,0.25,0,1,0,6.383333333333334,4,6.800000000000001,B.Sc,1,4,train
24,6.87,9.1,7.7,6.7,5.9,5.9,5.2,2,0,0,3,387.0,2,0,0,0,2,4.0,7.9,6.6,5.9,4.3,8.8,0.0,0.0,0,0.0,0.0,0,1,0,6.75,2,6.7,B.Tech,1,4,train
20,8.09,8.6,6.4,6.6,9.7,2.1,7.0,3,3,1,2,59.0,3,0,2,3,1,2.0,4.9,,6.7,6.1,6.4,0.0,0.6666666666666666,0,0.3333333333333333,1.0,1,1,0,6.733333333333333,6,6.025,BCA,1,2,train
22,9.51,6.5,6.4,6.4,5.1,8.9,5.2,2,1,0,3,182.0,1,0,0,3,1,3.0,0.0,5.0,3.0,9.2,7.3,0.0,0.0,0,0.0,0.5,0,1,0,6.416666666666667,2,4.9,B.Tech,0,5,train
21,7.1,5.7,6.5,5.9,4.7,3.0,8.5,2,1,1,2,255.0,1,0,1,7,2,5.0,3.2,7.4,1.1,5.4,4.1,0.0,1.0,0,1.0,0.5,1,1,0,5.716666666666666,5,4.24,MCA,0,5,train
25,7.79,4.6,3.6,1.9,5.4,5.5,4.1,6,1,1,2,246.0,1,0,0,3,6,2.0,7.3,3.6,4.7,4.0,5.2,0.0,0.0,0,1.0,0.16666666666666666,1,1,0,4.183333333333334,9,4.96,BCA,0,5,train
25,6.69,9.3,5.5,6.6,5.8,1.9,5.5,2,0,0,1,310.0,1,0,0,2,3,2.0,3.2,5.4,4.4,6.2,6.8,0.0,0.0,0,0.0,0.0,0,1,0,5.766666666666666,3,5.200000000000001,M.Tech,0,5,train
24,7.69,6.1,3.7,7.0,6.2,6.3,5.2,1,1,0,1,128.0,2,0,1,7,4,4.0,5.6,4.6,10.0,9.9,6.4,0.0,0.5,0,0.0,1.0,0,1,0,5.75,5,7.3,MCA,1,3,train
22,7.77,4.4,3.9,6.7,5.6,8.1,5.4,3,3,0,0,,1,0,0,2,2,7.0,4.4,6.5,7.0,7.0,4.3,0.0,0.0,0,0.0,1.0,0,0,1,5.683333333333334,5,5.84,B.Tech,1,3,train
25,7.99,7.8,4.0,5.8,10.0,6.1,5.2,0,0,0,1,395.0,4,2,3,7,0,2.0,6.9,,5.3,8.6,4.5,0.5,0.75,1,0.0,0.0,0,1,0,6.483333333333334,0,6.324999999999999,B.Tech,0,5,train
22,7.47,7.1,1.3,5.5,5.0,8.1,0.6,2,0,0,2,231.0,3,1,1,6,2,2.0,5.8,5.6,3.8,5.1,6.1,0.3333333333333333,0.3333333333333333,1,0.0,0.0,0,1,0,4.6000000000000005,2,5.279999999999999,MCA,0,5,train
24,7.12,6.9,4.3,7.9,4.7,4.9,5.2,5,1,0,1,246.0,0,0,0,6,3,1.0,1.3,8.0,7.3,5.2,5.7,0.0,0.0,0,0.0,0.2,0,1,0,5.650000000000001,4,5.5,B.Tech,0,5,train
25,8.32,6.2,8.3,6.3,7.2,3.4,2.8,1,1,0,0,,3,0,0,2,6,2.0,5.4,8.2,3.0,3.4,5.8,0.0,0.0,0,0.0,1.0,0,0,1,5.699999999999999,7,5.16,B.Tech,1,0,train
20,6.57,4.0,6.8,8.5,5.4,3.8,5.6,1,0,0,4,113.0,4,1,3,3,0,2.0,3.7,5.9,6.7,5.5,4.3,0.25,0.75,1,0.0,0.0,0,1,0,5.683333333333334,0,5.220000000000001,M.Tech,0,5,train
22,7.26,9.8,5.9,7.1,4.8,8.1,3.8,2,1,0,1,169.0,4,1,1,8,2,3.0,4.7,6.8,4.6,1.0,2.0,0.25,0.25,1,0.0,0.5,0,1,0,6.583333333333333,3,3.8200000000000003,B.Tech,0,5,train
22,7.17,8.1,8.8,10.0,8.8,6.0,6.7,4,1,0,2,241.0,3,0,1,3,2,3.0,4.7,3.2,2.8,3.6,1.3,0.0,0.3333333333333333,0,0.0,0.25,0,1,0,8.066666666666668,3,3.12,B.Sc,1,1,train
20,5.84,9.1,9.5,6.4,5.6,3.7,3.3,1,1,1,0,,4,0,0,5,2,2.0,6.8,4.9,4.5,6.3,4.4,0.0,0.0,0,1.0,1.0,1,0,1,6.266666666666667,5,5.38,MCA,0,5,train
22,5.54,7.0,4.8,3.1,8.8,4.9,5.8,3,2,0,0,,3,2,3,1,2,6.0,6.5,4.2,7.7,6.7,4.5,0.6666666666666666,1.0,1,0.0,0.6666666666666666,0,0,1,5.733333333333333,4,5.92,B.Tech,1,2,train
21,8.83,7.3,7.8,4.9,3.0,0.2,4.0,4,0,0,5,262.0,1,0,0,1,3,3.0,7.2,7.9,3.4,7.4,8.8,0.0,0.0,0,0.0,0.0,0,1,0,4.533333333333333,3,6.94,MCA,0,5,train
22,8.01,9.5,3.8,5.4,3.9,7.4,4.2,2,0,0,2,419.0,5,0,1,5,3,2.0,9.1,7.2,0.3,6.4,7.2,0.0,0.2,0,0.0,0.0,0,1,0,5.7,3,6.04,B.Sc,1,1,train
24,6.13,7.8,3.2,6.2,5.1,4.7,6.6,2,0,0,2,2.0,3,1,1,4,0,3.0,6.1,6.4,6.2,3.8,3.7,0.3333333333333333,0.3333333333333333,1,0.0,0.0,0,1,0,5.599999999999999,0,5.24,M.Tech,0,5,train
22,6.82,8.0,4.0,8.9,5.2,5.8,4.1,3,1,1,1,360.0,3,1,2,6,1,1.0,5.6,5.1,5.5,7.0,4.7,0.3333333333333333,0.6666666666666666,1,1.0,0.3333333333333333,1,1,0,6.0,4,5.58,B.Tech,1,0,train
24,6.24,5.9,5.1,7.3,2.2,6.8,6.4,4,0,0,1,305.0,8,1,2,5,3,6.0,8.7,6.7,5.0,5.9,5.1,0.125,0.25,1,0.0,0.0,0,1,0,5.616666666666667,3,6.279999999999999,B.Tech,1,0,train
20,7.31,3.1,7.4,8.1,1.5,1.9,1.9,1,1,1,2,300.0,4,0,1,7,2,7.0,6.3,5.1,7.7,6.7,7.3,0.0,0.25,0,1.0,1.0,1,1,0,3.983333333333333,5,6.619999999999999,B.Tech,1,0,train
21,6.02,8.0,3.1,6.6,4.2,6.1,6.6,1,0,0,2,426.0,5,0,0,2,2,5.0,3.8,6.7,3.9,7.3,6.2,0.0,0.0,0,0.0,0.0,0,1,0,5.766666666666667,2,5.58,B.Sc,1,1,train
24,8.38,7.5,4.3,5.4,4.6,6.5,7.3,2,1,1,2,378.0,2,0,0,2,2,2.0,0.8,7.0,7.4,6.3,8.0,0.0,0.0,0,1.0,0.5,1,1,0,5.933333333333334,5,5.9,B.Sc,1,4,train
25,7.07,3.9,2.8,9.3,3.0,4.8,4.1,2,0,0,2,466.0,4,1,1,4,3,3.0,7.8,7.8,5.2,3.5,6.2,0.25,0.25,1,0.0,0.0,0,1,0,4.6499999999999995,3,6.1,B.Tech,0,5,train
24,8.28,8.0,3.3,4.9,5.5,6.8,6.8,2,1,0,3,426.0,3,0,1,1,1,2.0,5.5,4.4,8.3,3.6,6.4,0.0,0.3333333333333333,0,0.0,0.5,0,1,0,5.883333333333334,2,5.640000000000001,B.Sc,1,4,train
20,7.51,6.8,6.9,2.3,2.7,8.4,3.2,4,2,2,0,,4,0,0,4,2,0.0,3.6,6.6,8.8,6.4,4.3,0.0,0.0,0,1.0,0.5,1,0,1,5.05,8,5.9399999999999995,B.Tech,1,3,train
21,5.96,10.0,8.0,7.8,8.5,4.2,2.9,2,1,0,2,337.0,0,0,0,5,1,1.0,5.4,7.5,7.0,6.2,8.7,0.0,0.0,0,0.0,0.5,0,1,0,6.8999999999999995,2,6.959999999999999,M.Tech,1,1,train
22,8.07,8.5,6.9,5.9,5.1,10.0,5.4,3,0,0,3,142.0,6,1,1,4,1,3.0,6.0,8.6,2.9,6.1,4.4,0.16666666666666666,0.16666666666666666,1,0.0,0.0,0,1,0,6.966666666666666,1,5.6,B.Tech,1,1,train
22,8.29,4.9,3.7,7.0,4.7,4.1,2.5,0,0,0,1,161.0,3,1,2,3,2,2.0,4.6,4.7,7.5,5.4,10.0,0.3333333333333333,0.6666666666666666,1,0.0,0.0,0,1,0,4.483333333333333,2,6.44,B.Tech,0,5,train
22,9.78,9.0,8.2,9.3,5.8,5.0,2.2,0,0,0,3,14.0,4,0,1,3,2,4.0,10.0,7.1,1.0,4.5,10.0,0.0,0.25,0,0.0,0.0,0,1,0,6.583333333333333,2,6.5200000000000005,B.Tech,1,0,train
20,8.02,6.4,7.4,8.0,3.1,3.2,6.1,3,1,1,0,,1,0,0,5,3,0.0,4.2,4.1,10.0,9.3,4.6,0.0,0.0,0,1.0,0.3333333333333333,1,0,1,5.7,6,6.44,M.Tech,0,5,train
24,7.02,5.6,4.9,1.3,4.5,1.5,8.4,3,1,1,3,347.0,7,2,4,5,0,6.0,4.7,4.2,7.5,8.1,8.7,0.2857142857142857,0.5714285714285714,1,1.0,0.3333333333333333,1,1,0,4.366666666666667,3,6.640000000000001,B.Sc,1,4,train
23,6.97,3.1,5.8,7.4,6.5,4.8,4.2,4,0,0,1,191.0,1,0,0,3,3,6.0,5.6,5.0,3.4,6.6,6.8,0.0,0.0,0,0.0,0.0,0,1,0,5.3,3,5.48,B.Tech,0,5,train
24,6.6,6.7,10.0,2.7,6.2,3.8,4.6,1,1,1,1,86.0,2,0,1,7,2,2.0,3.6,6.9,3.1,3.6,4.2,0.0,0.5,0,1.0,1.0,1,1,0,5.666666666666667,5,4.279999999999999,BCA,0,5,train
24,7.17,7.0,7.3,5.6,5.0,8.6,4.6,2,1,0,2,92.0,0,0,0,2,1,1.0,6.7,4.2,7.4,5.0,5.8,0.0,0.0,0,0.0,0.5,0,1,0,6.3500000000000005,2,5.82,B.Tech,1,0,train
24,9.31,3.7,2.4,4.0,4.5,6.0,5.8,7,1,1,2,192.0,2,0,0,3,5,2.0,7.6,7.4,3.3,6.4,4.5,0.0,0.0,0,1.0,0.14285714285714285,1,1,0,4.4,8,5.840000000000001,M.Tech,1,2,train
22,6.56,6.2,6.1,8.9,8.3,6.9,1.4,4,1,0,1,439.0,2,0,0,4,4,1.0,7.0,4.0,0.0,4.7,1.0,0.0,0.0,0,0.0,0.25,0,1,0,6.300000000000001,5,3.34,B.Tech,0,5,train
20,7.58,8.4,5.9,5.8,4.6,2.5,4.5,5,0,0,4,493.0,2,0,0,4,1,2.0,1.3,4.7,3.9,6.4,7.3,0.0,0.0,0,0.0,0.0,0,1,0,5.283333333333334,1,4.720000000000001,B.Sc,0,5,train
23,8.43,9.1,6.1,3.8,7.6,4.1,7.9,1,1,0,2,136.0,3,0,0,1,2,3.0,5.7,5.5,2.4,5.2,4.0,0.0,0.0,0,0.0,1.0,0,1,0,6.433333333333334,3,4.5600000000000005,B.Sc,0,5,train
20,6.67,10.0,5.6,5.5,5.1,5.0,5.8,3,1,1,0,,4,1,2,2,1,3.0,5.7,7.8,8.0,5.6,5.7,0.25,0.5,1,1.0,0.3333333333333333,1,0,1,6.166666666666667,4,6.5600000000000005,BCA,1,4,train
22,7.01,4.6,6.4,7.5,5.9,7.8,4.9,3,0,0,3,402.0,3,1,3,4,2,3.0,9.9,4.6,2.2,9.4,6.6,0.3333333333333333,1.0,1,0.0,0.0,0,1,0,6.183333333333333,2,6.540000000000001,B.Tech,1,3,train
25,6.05,3.8,6.7,4.6,3.1,4.2,4.8,1,1,0,1,138.0,0,0,0,10,1,4.0,5.5,4.2,6.1,7.1,6.6,0.0,0.0,0,0.0,1.0,0,1,0,4.533333333333333,2,5.9,BCA,0,5,train
21,7.11,6.2,5.6,3.1,1.6,3.8,6.6,3,1,0,1,230.0,0,0,0,2,1,6.0,6.4,4.5,7.2,7.3,6.9,0.0,0.0,0,0.0,0.3333333333333333,0,1,0,4.483333333333333,2,6.460000000000001,B.Tech,0,5,train
25,8.34,6.8,8.3,2.5,7.3,4.0,5.0,2,1,0,0,,1,0,0,4,1,4.0,6.2,7.1,5.4,5.0,4.4,0.0,0.0,0,0.0,0.5,0,0,1,5.650000000000001,2,5.62,B.Sc,0,5,train
20,7.23,3.8,6.4,5.4,3.5,3.8,4.4,7,0,0,0,,6,0,0,3,4,1.0,7.9,5.6,5.0,5.3,7.7,0.0,0.0,0,0.0,0.0,0,0,1,4.550000000000001,4,6.3,B.Tech,1,0,train
23,7.48,7.2,4.7,2.3,6.6,3.9,5.5,1,1,0,3,308.0,3,1,1,6,3,3.0,8.0,4.4,4.4,3.3,6.4,0.3333333333333333,0.3333333333333333,1,0.0,1.0,0,1,0,5.033333333333332,4,5.3,B.Tech,1,3,train
22,8.79,4.7,5.7,1.4,6.6,4.7,5.5,2,2,0,2,193.0,4,1,4,5,1,2.0,2.7,8.9,4.7,5.8,8.0,0.25,1.0,1,0.0,1.0,0,1,0,4.766666666666667,3,6.0200000000000005,BCA,1,3,train
23,7.19,8.4,6.4,4.4,5.6,8.1,4.8,4,2,0,2,112.0,5,1,2,3,2,3.0,5.4,8.1,6.3,7.3,7.7,0.2,0.4,1,0.0,0.5,0,1,0,6.283333333333334,4,6.960000000000001,B.Tech,1,3,train
24,,7.5,6.0,7.2,3.0,0.8,6.0,4,0,0,1,36.0,3,0,1,6,4,1.0,7.0,5.8,6.4,6.8,1.0,0.0,0.3333333333333333,0,0.0,0.0,0,1,0,5.083333333333333,4,5.4,MCA,0,5,train
22,7.25,6.6,3.6,2.6,8.1,4.6,8.0,3,2,1,1,426.0,5,1,3,2,2,2.0,4.9,8.1,2.2,9.2,4.7,0.2,0.6,1,0.5,0.6666666666666666,1,1,0,5.583333333333333,6,5.819999999999999,B.Tech,0,5,train
22,6.18,9.2,4.2,8.2,8.5,4.3,5.4,4,2,1,1,364.0,2,1,2,3,3,2.0,5.7,8.4,6.8,5.3,3.0,0.5,1.0,1,0.5,0.5,1,1,0,6.633333333333333,7,5.840000000000001,M.Tech,1,2,train
25,7.06,9.2,2.5,8.5,6.2,5.2,5.3,3,1,0,0,,2,0,1,7,2,0.0,3.0,6.5,5.2,4.0,4.7,0.0,0.5,0,0.0,0.3333333333333333,0,0,1,6.1499999999999995,3,4.68,B.Sc,0,5,train
20,9.54,6.7,8.5,5.4,5.3,5.0,7.3,4,0,0,0,,4,0,1,3,1,1.0,8.4,,7.1,5.5,8.7,0.0,0.25,0,0.0,0.0,0,0,1,6.366666666666667,1,7.425,M.Tech,0,5,train
24,7.72,4.9,5.9,4.1,4.6,5.0,8.1,2,1,1,0,,4,1,2,4,1,3.0,3.6,6.7,4.9,3.6,1.4,0.25,0.5,1,1.0,0.5,1,0,1,5.433333333333334,4,4.04,B.Tech,0,5,train
23,7.72,10.0,9.3,7.3,5.1,5.1,2.3,2,2,1,0,,4,0,0,2,1,1.0,8.0,9.6,6.4,6.1,3.8,0.0,0.0,0,0.5,1.0,1,0,1,6.516666666666667,5,6.779999999999999,MCA,1,0,train
23,8.69,4.5,5.1,6.9,7.0,1.9,7.1,3,1,0,2,364.0,2,0,0,8,1,2.0,4.5,6.5,5.4,4.4,7.0,0.0,0.0,0,0.0,0.3333333333333333,0,1,0,5.416666666666667,2,5.56,BCA,0,5,train
25,8.11,5.3,7.7,5.0,3.2,7.5,8.6,4,0,0,0,,4,0,1,3,1,6.0,2.4,5.6,5.6,4.9,5.9,0.0,0.25,0,0.0,0.0,0,0,1,6.216666666666666,1,4.88,B.Tech,0,5,train
23,8.09,4.6,6.9,0.0,7.6,5.7,9.3,2,0,0,3,376.0,2,0,1,4,3,3.0,3.4,6.1,6.2,7.3,7.4,0.0,0.5,0,0.0,0.0,0,1,0,5.683333333333334,3,6.08,B.Tech,1,4,train
21,7.91,5.3,4.5,6.7,4.9,6.3,7.4,8,0,0,1,316.0,4,0,2,4,4,2.0,3.1,3.6,5.7,4.0,6.5,0.0,0.5,0,0.0,0.0,0,1,0,5.8500000000000005,4,4.58,B.Tech,1,4,train
22,7.67,7.0,3.4,5.9,3.8,1.1,8.7,3,1,1,3,138.0,5,0,2,6,1,1.0,6.0,6.4,6.2,6.5,6.4,0.0,0.4,0,1.0,0.3333333333333333,1,1,0,4.983333333333333,4,6.3,B.Tech,1,4,train
22,8.05,9.0,8.4,4.9,7.7,7.4,4.6,1,1,1,2,137.0,4,0,0,4,1,1.0,5.3,6.6,7.1,,8.4,0.0,0.0,0,1.0,1.0,1,1,0,7.0,4,6.85,B.Tech,1,3,train
23,7.09,8.4,7.9,7.0,4.4,7.2,5.7,3,1,1,1,245.0,1,0,0,1,6,3.0,5.2,9.4,4.9,4.9,3.8,0.0,0.0,0,1.0,0.3333333333333333,1,1,0,6.766666666666668,9,5.64,MCA,1,4,train
22,8.19,8.6,4.3,6.3,8.3,5.3,7.7,1,1,1,2,141.0,6,1,2,4,4,2.0,6.4,6.0,1.4,3.8,9.9,0.16666666666666666,0.3333333333333333,1,1.0,1.0,1,1,0,6.75,7,5.5,B.Tech,1,4,train
21,6.56,7.8,3.8,6.4,5.9,6.8,4.7,1,1,0,1,439.0,4,0,0,4,0,5.0,1.2,7.3,5.6,3.6,5.2,0.0,0.0,0,0.0,1.0,0,1,0,5.8999999999999995,1,4.58,B.Sc,0,5,train
22,5.78,7.3,3.8,5.0,3.5,3.9,1.5,3,0,0,1,360.0,0,0,0,5,2,0.0,3.1,2.3,3.8,6.2,2.3,0.0,0.0,0,0.0,0.0,0,1,0,4.166666666666667,2,3.54,B.Sc,0,5,train
22,7.9,4.3,8.0,7.2,3.7,4.1,6.6,1,1,0,1,156.0,3,0,0,0,1,2.0,5.9,8.4,5.2,6.8,4.5,0.0,0.0,0,0.0,1.0,0,1,0,5.6499999999999995,2,6.16,B.Sc,0,5,train
24,5.72,5.9,6.4,8.1,3.6,2.4,2.7,4,1,1,5,402.0,2,1,1,4,3,4.0,7.2,5.7,3.4,7.7,7.7,0.5,0.5,1,1.0,0.25,1,1,0,4.85,6,6.34,M.Tech,1,0,train
22,,7.5,3.7,4.1,7.9,1.1,2.6,3,0,0,1,161.0,1,0,1,4,3,2.0,6.3,5.9,6.1,6.1,8.8,0.0,1.0,0,0.0,0.0,0,1,0,4.483333333333333,3,6.640000000000001,B.Tech,1,2,train
24,8.77,5.2,5.2,3.8,8.9,6.3,2.0,1,0,0,4,65.0,1,0,0,6,1,2.0,5.7,3.8,6.3,5.9,2.8,0.0,0.0,0,0.0,0.0,0,1,0,5.233333333333333,1,4.9,B.Tech,0,5,train
21,8.6,7.2,10.0,5.1,8.6,4.8,9.7,6,0,0,3,135.0,1,0,1,4,3,1.0,2.7,4.3,4.5,6.0,5.4,0.0,1.0,0,0.0,0.0,0,1,0,7.5666666666666655,3,4.58,B.Sc,1,4,train
21,8.02,8.5,8.3,3.6,6.0,7.1,6.7,6,2,0,0,,1,0,1,2,1,2.0,7.0,6.8,7.8,9.6,8.5,0.0,1.0,0,0.0,0.3333333333333333,0,0,1,6.7,3,7.94,B.Sc,1,3,train
22,8.85,7.1,4.5,4.7,8.0,4.4,2.2,3,0,0,1,113.0,1,0,0,6,3,2.0,3.2,7.2,6.6,,5.0,0.0,0.0,0,0.0,0.0,0,1,0,5.15,3,5.5,B.Tech,0,5,train
20,8.52,10.0,4.5,6.5,6.0,5.7,7.1,2,1,1,1,392.0,1,0,0,6,0,3.0,3.7,4.8,4.9,7.2,4.0,0.0,0.0,0,1.0,0.5,1,1,0,6.633333333333334,3,4.92,B.Tech,1,4,train
22,7.59,10.0,8.0,6.2,8.7,5.7,7.1,2,1,1,2,176.0,2,0,0,5,1,3.0,8.3,5.9,7.2,5.1,6.3,0.0,0.0,0,1.0,0.5,1,1,0,7.616666666666667,4,6.56,M.Tech,1,4,train
25,8.28,5.1,6.6,4.9,5.5,1.4,4.8,2,0,0,0,,3,0,2,1,4,1.0,3.9,,4.5,5.6,4.0,0.0,0.6666666666666666,0,0.0,0.0,0,0,1,4.716666666666667,4,4.5,B.Tech,0,5,train
22,7.04,7.4,9.0,6.0,7.3,0.7,5.1,0,0,0,3,103.0,3,0,1,5,3,0.0,6.3,8.9,5.3,6.3,6.0,0.0,0.3333333333333333,0,0.0,0.0,0,1,0,5.916666666666667,3,6.56,B.Sc,0,5,train
25,6.31,1.8,6.0,5.4,5.4,5.1,8.8,1,1,0,2,417.0,6,0,2,2,1,2.0,7.7,3.1,4.2,,7.8,0.0,0.3333333333333333,0,0.0,1.0,0,1,0,5.416666666666667,2,5.7,MCA,0,5,train
20,8.5,3.2,6.1,3.8,3.9,5.9,7.8,2,2,1,1,223.0,2,1,1,4,1,4.0,6.3,6.6,6.5,7.1,4.6,0.5,0.5,1,0.5,1.0,1,1,0,5.116666666666666,5,6.220000000000001,B.Tech,1,4,train
24,8.24,6.6,5.8,5.2,4.8,8.9,6.2,1,0,0,0,,1,0,0,4,2,7.0,5.7,6.5,7.6,4.6,5.8,0.0,0.0,0,0.0,0.0,0,0,1,6.25,2,6.04,B.Tech,0,5,train
24,7.85,6.1,8.0,9.0,6.2,7.5,2.3,1,1,0,0,,2,1,2,5,0,5.0,4.0,4.4,4.8,5.9,6.2,0.5,1.0,1,0.0,1.0,0,0,1,6.516666666666666,1,5.0600000000000005,B.Tech,0,5,train
20,8.44,8.1,7.4,6.0,10.0,1.1,10.0,0,0,0,2,413.0,3,1,1,2,3,0.0,7.5,4.3,3.4,9.3,5.7,0.3333333333333333,0.3333333333333333,1,0.0,0.0,0,1,0,7.1000000000000005,3,6.04,B.Tech,1,1,train
22,6.86,8.2,3.2,6.7,4.3,1.8,5.8,2,2,1,2,322.0,3,0,1,3,2,2.0,4.5,6.1,2.4,5.0,4.0,0.0,0.3333333333333333,0,0.5,1.0,1,1,0,5.0,6,4.4,M.Tech,0,5,train
25,7.99,8.2,6.6,4.1,9.4,5.9,1.5,2,2,0,1,386.0,4,0,1,1,0,4.0,5.9,9.0,7.7,5.1,4.2,0.0,0.25,0,0.0,1.0,0,1,0,5.949999999999999,2,6.380000000000001,B.Sc,1,3,train
21,10.0,6.6,0.0,4.5,8.7,4.4,6.7,5,2,0,1,302.0,1,0,0,4,3,0.0,6.7,5.2,9.7,3.8,3.8,0.0,0.0,0,0.0,0.4,0,1,0,5.1499999999999995,5,5.840000000000001,BCA,0,5,train
22,,7.5,6.3,1.1,4.9,4.7,4.8,4,0,0,1,264.0,5,1,1,7,5,2.0,8.0,9.1,1.7,5.7,6.2,0.2,0.2,1,0.0,0.0,0,1,0,4.883333333333334,5,6.14,B.Tech,1,4,train
20,7.53,7.9,6.3,4.5,4.8,5.8,6.1,3,1,1,4,398.0,2,0,0,3,1,2.0,5.5,8.1,7.0,,5.5,0.0,0.0,0,1.0,0.3333333333333333,1,1,0,5.8999999999999995,4,6.525,B.Tech,1,4,train
20,6.87,7.8,7.4,6.5,5.5,5.1,0.8,4,2,1,2,475.0,1,1,1,7,3,2.0,3.5,9.7,4.1,4.5,7.7,1.0,1.0,1,0.5,0.5,1,1,0,5.516666666666666,7,5.8999999999999995,BCA,1,0,train
24,7.78,7.3,5.6,4.9,3.9,1.9,4.9,4,0,0,0,,5,1,1,6,1,3.0,6.1,2.9,3.1,8.1,4.7,0.2,0.2,1,0.0,0.0,0,0,1,4.749999999999999,1,4.9799999999999995,B.Sc,0,5,train
21,6.08,5.7,5.7,7.4,6.9,5.0,3.1,1,1,0,2,8.0,1,0,1,3,1,1.0,3.9,5.6,4.2,6.0,5.4,0.0,1.0,0,0.0,1.0,0,1,0,5.633333333333334,2,5.0200000000000005,B.Sc,1,3,train
25,7.34,4.9,5.1,10.0,5.2,4.9,10.0,2,0,0,0,,7,3,3,1,1,3.0,6.5,7.3,5.7,8.2,8.3,0.42857142857142855,0.42857142857142855,1,0.0,0.0,0,0,1,6.683333333333334,1,7.2,B.Sc,1,4,train
20,6.88,6.1,5.8,7.2,8.2,4.2,4.7,2,1,0,4,116.0,1,0,0,2,1,0.0,4.3,7.6,7.9,4.3,4.8,0.0,0.0,0,0.0,0.5,0,1,0,6.033333333333332,2,5.779999999999999,B.Tech,1,3,train
24,7.13,3.7,10.0,5.5,6.2,1.5,2.5,5,0,0,2,187.0,3,1,2,3,3,1.0,5.0,7.0,5.0,2.4,8.1,0.3333333333333333,0.6666666666666666,1,0.0,0.0,0,1,0,4.8999999999999995,3,5.5,B.Tech,1,0,train
25,6.28,4.0,9.0,3.5,4.6,3.7,6.9,3,1,0,1,85.0,3,0,0,7,2,1.0,3.6,8.0,6.4,7.1,5.0,0.0,0.0,0,0.0,0.3333333333333333,0,1,0,5.283333333333334,3,6.0200000000000005,BCA,0,5,train
24,7.42,6.1,4.4,5.8,2.8,3.3,5.9,0,0,0,4,487.0,3,1,1,5,4,0.0,6.3,7.5,9.9,8.0,5.4,0.3333333333333333,0.3333333333333333,1,0.0,0.0,0,1,0,4.716666666666668,4,7.42,MCA,0,5,train
21,,7.2,7.8,5.0,1.7,1.5,6.7,0,0,0,0,,0,0,0,4,1,1.0,3.5,4.5,5.0,6.5,7.4,0.0,0.0,0,0.0,0.0,0,0,1,4.983333333333333,1,5.38,B.Tech,0,5,train
20,7.64,8.8,6.3,3.7,5.0,1.9,1.1,2,0,0,2,185.0,1,0,0,1,2,5.0,9.9,6.7,3.7,,3.6,0.0,0.0,0,0.0,0.0,0,1,0,4.466666666666667,2,5.9750000000000005,MCA,0,5,train
22,7.56,6.4,7.0,6.1,8.3,3.3,2.1,1,1,0,0,,1,1,1,7,1,4.0,4.8,8.9,4.9,7.1,6.9,1.0,1.0,1,0.0,1.0,0,0,1,5.533333333333334,2,6.5200000000000005,B.Tech,0,5,train
25,7.57,5.9,6.6,6.0,7.2,5.8,5.5,0,0,0,1,316.0,3,0,0,2,3,0.0,7.1,8.7,3.8,6.2,5.5,0.0,0.0,0,0.0,0.0,0,1,0,6.166666666666667,3,6.26,B.Tech,1,1,train
23,6.6,5.1,6.3,4.6,5.2,5.7,1.6,2,0,0,0,,5,0,0,3,1,2.0,5.1,10.0,5.8,1.8,8.7,0.0,0.0,0,0.0,0.0,0,0,1,4.75,1,6.279999999999999,B.Tech,0,5,train
20,6.99,8.0,1.7,2.0,3.8,7.7,8.2,6,2,0,4,326.0,7,1,2,3,1,3.0,5.3,3.7,9.6,,10.0,0.14285714285714285,0.2857142857142857,1,0.0,0.3333333333333333,0,1,0,5.233333333333333,3,7.15,MCA,1,3,train
22,6.87,6.8,3.2,4.4,5.6,3.5,8.4,4,1,1,0,,5,1,2,3,4,3.0,5.7,7.4,5.1,8.3,6.3,0.2,0.4,1,1.0,0.25,1,0,1,5.316666666666666,7,6.5600000000000005,M.Tech,1,2,train
23,7.4,4.8,6.6,8.5,5.8,2.0,3.8,3,0,0,0,,4,0,1,7,2,2.0,5.6,7.6,4.6,9.1,7.2,0.0,0.25,0,0.0,0.0,0,0,1,5.25,2,6.82,B.Tech,0,5,train
22,8.55,6.4,5.3,5.4,7.8,4.9,3.1,2,1,1,3,171.0,2,0,1,7,2,1.0,5.3,5.5,7.0,4.4,8.1,0.0,0.5,0,1.0,0.5,1,1,0,5.483333333333334,5,6.0600000000000005,B.Sc,1,2,train
25,8.79,7.2,7.0,3.4,3.1,4.2,9.4,2,1,0,0,,2,0,1,3,3,2.0,3.5,4.4,5.7,7.5,6.2,0.0,0.5,0,0.0,0.5,0,0,1,5.716666666666666,4,5.46,B.Tech,0,5,train
21,6.59,4.3,3.7,4.4,6.5,3.7,5.3,3,1,0,4,263.0,1,0,1,5,2,1.0,4.8,6.1,9.1,4.2,5.9,0.0,1.0,0,0.0,0.3333333333333333,0,1,0,4.6499999999999995,3,6.0200000000000005,B.Tech,0,5,train
21,7.83,8.4,4.4,8.6,5.6,6.3,6.2,0,0,0,1,347.0,2,0,0,5,5,6.0,8.7,7.7,5.0,5.2,7.6,0.0,0.0,0,0.0,0.0,0,1,0,6.583333333333333,5,6.839999999999999,M.Tech,1,4,train
22,6.76,7.5,7.4,5.5,7.1,8.8,7.2,2,2,2,1,76.0,3,0,1,3,6,3.0,5.0,5.1,3.8,5.0,4.5,0.0,0.3333333333333333,0,1.0,1.0,1,1,0,7.25,12,4.68,MCA,1,3,train
21,7.38,4.1,6.6,7.0,5.2,4.3,6.2,3,0,0,3,394.0,3,1,2,6,2,4.0,1.2,3.9,5.1,9.0,6.7,0.3333333333333333,0.6666666666666666,1,0.0,0.0,0,1,0,5.566666666666666,2,5.18,B.Tech,0,5,train
24,,7.0,3.9,5.5,7.5,4.1,1.8,2,0,0,0,,3,1,2,6,0,3.0,6.0,6.7,4.8,5.2,8.5,0.3333333333333333,0.6666666666666666,1,0.0,0.0,0,0,1,4.966666666666667,0,6.24,B.Tech,0,5,train
25,8.79,6.3,8.7,6.1,2.7,5.5,4.6,3,0,0,3,343.0,5,1,2,5,3,0.0,9.6,3.2,5.4,2.5,7.5,0.2,0.4,1,0.0,0.0,0,1,0,5.6499999999999995,3,5.640000000000001,B.Sc,0,5,train
22,6.61,5.0,2.5,8.3,2.0,8.5,4.2,1,0,0,2,194.0,4,1,2,4,0,4.0,7.1,2.5,5.6,6.7,3.3,0.25,0.5,1,0.0,0.0,0,1,0,5.083333333333333,0,5.04,BCA,0,5,train
21,7.06,6.1,7.4,5.6,8.3,6.9,0.6,1,1,1,1,377.0,2,1,1,6,4,1.0,6.4,6.0,5.8,2.5,5.1,0.5,0.5,1,1.0,1.0,1,1,0,5.816666666666667,7,5.159999999999999,BCA,1,2,train
22,7.83,6.8,7.3,8.9,5.4,1.4,5.0,3,1,0,1,215.0,3,1,1,4,4,1.0,6.8,8.9,3.3,7.0,5.5,0.3333333333333333,0.3333333333333333,1,0.0,0.3333333333333333,0,1,0,5.8,5,6.3,B.Tech,1,1,train
25,9.47,9.9,4.4,4.7,5.3,3.0,2.4,3,1,0,0,,2,0,0,9,4,2.0,6.4,5.6,5.7,5.6,5.8,0.0,0.0,0,0.0,0.3333333333333333,0,0,1,4.95,5,5.819999999999999,B.Tech,0,5,train
21,6.58,5.5,7.5,5.6,5.2,0.8,7.3,3,2,2,2,361.0,2,2,2,1,2,6.0,8.1,5.4,6.3,3.7,6.4,1.0,1.0,1,1.0,0.6666666666666666,1,1,0,5.316666666666667,8,5.9799999999999995,B.Tech,1,2,train
21,6.96,5.6,3.0,7.5,4.9,3.4,1.3,1,0,0,1,326.0,1,0,0,3,1,,7.9,8.9,6.8,,6.1,0.0,0.0,0,0.0,0.0,0,1,0,4.283333333333333,1,7.425000000000001,B.Tech,0,5,train
21,7.87,3.7,0.7,5.9,6.2,5.6,6.4,1,0,0,2,366.0,2,0,1,4,1,3.0,5.7,6.6,7.6,5.9,10.0,0.0,0.5,0,0.0,0.0,0,1,0,4.75,1,7.159999999999999,B.Tech,0,5,train
23,6.79,6.0,6.5,6.3,6.0,6.7,3.8,4,0,0,2,465.0,2,0,0,6,0,1.0,2.9,5.4,6.3,3.9,9.6,0.0,0.0,0,0.0,0.0,0,1,0,5.883333333333333,0,5.62,B.Sc,0,5,train
22,7.77,7.2,1.8,6.8,5.3,5.4,5.9,6,3,0,1,94.0,2,0,1,4,3,2.0,3.7,4.9,4.9,6.7,5.5,0.0,0.5,0,0.0,0.5,0,1,0,5.3999999999999995,6,5.140000000000001,B.Tech,0,5,train
23,7.26,9.5,7.6,7.8,7.5,5.6,7.8,3,0,0,1,391.0,2,0,0,5,1,1.0,4.0,8.0,7.4,5.4,3.8,0.0,0.0,0,0.0,0.0,0,1,0,7.633333333333334,1,5.72,M.Tech,1,1,train
23,7.87,7.1,8.6,7.5,3.1,5.7,7.6,6,2,0,4,33.0,7,1,3,7,4,4.0,6.6,6.7,8.1,7.9,5.5,0.14285714285714285,0.42857142857142855,1,0.0,0.3333333333333333,0,1,0,6.6000000000000005,6,6.959999999999999,B.Tech,1,0,train
22,7.59,5.6,4.9,8.3,5.0,7.8,9.1,2,0,0,0,,8,2,4,4,3,2.0,3.3,4.9,9.9,6.9,3.2,0.25,0.5,1,0.0,0.0,0,0,1,6.783333333333334,3,5.64,B.Tech,1,3,train
23,7.63,9.7,10.0,5.7,6.2,3.8,4.9,6,3,1,1,348.0,6,1,2,4,1,2.0,7.3,8.8,9.9,5.0,2.8,0.16666666666666666,0.3333333333333333,1,0.3333333333333333,0.5,1,1,0,6.716666666666666,6,6.76,B.Tech,1,2,train
23,7.45,6.9,3.9,5.2,6.7,3.7,2.7,6,2,1,2,237.0,6,1,1,2,1,3.0,8.2,8.0,7.9,5.7,5.8,0.16666666666666666,0.16666666666666666,1,0.5,0.3333333333333333,1,1,0,4.85,5,7.12,MCA,1,2,train
20,6.18,5.4,7.3,8.0,8.1,5.9,3.3,2,0,0,1,28.0,0,0,0,4,2,5.0,6.2,,5.9,8.5,7.1,0.0,0.0,0,0.0,0.0,0,1,0,6.333333333333332,2,6.925000000000001,B.Tech,1,0,train
25,7.17,10.0,8.1,6.2,5.6,6.4,1.3,0,0,0,2,121.0,2,0,1,0,4,1.0,8.1,8.4,9.2,6.1,5.4,0.0,0.5,0,0.0,0.0,0,1,0,6.266666666666666,4,7.4399999999999995,B.Tech,1,1,train
21,7.89,5.0,1.0,6.4,8.8,0.0,4.7,4,1,0,2,41.0,8,0,2,5,5,3.0,7.7,7.6,3.1,3.6,6.8,0.0,0.25,0,0.0,0.25,0,1,0,4.316666666666667,6,5.760000000000001,B.Tech,1,2,train
24,7.82,7.6,3.9,10.0,2.2,1.3,4.5,1,1,0,1,360.0,3,0,1,8,4,1.0,5.3,9.2,5.7,6.2,7.0,0.0,0.3333333333333333,0,0.0,1.0,0,1,0,4.916666666666667,5,6.68,B.Tech,1,0,train
24,8.17,6.4,3.2,5.5,6.7,0.0,4.0,2,2,0,1,357.0,3,0,1,8,2,3.0,7.6,9.1,7.9,5.1,9.3,0.0,0.3333333333333333,0,0.0,1.0,0,1,0,4.3,4,7.8,M.Tech,1,2,train
24,7.38,8.4,4.6,4.0,9.0,3.4,5.3,6,1,1,2,139.0,4,1,1,1,0,4.0,5.0,6.9,6.1,5.2,6.8,0.25,0.25,1,1.0,0.16666666666666666,1,1,0,5.783333333333332,3,6.0,B.Tech,1,1,train
20,7.47,4.1,8.3,5.3,4.7,5.8,1.9,1,1,1,3,20.0,1,0,1,2,2,5.0,3.8,10.0,5.9,5.1,6.2,0.0,1.0,0,1.0,1.0,1,1,0,5.016666666666667,5,6.200000000000001,B.Sc,0,5,train
23,8.13,7.8,3.2,6.2,4.4,2.3,2.9,2,0,0,3,385.0,9,0,1,1,2,2.0,5.3,5.7,5.5,4.5,8.3,0.0,0.1111111111111111,0,0.0,0.0,0,1,0,4.466666666666667,2,5.86,B.Tech,0,5,train
22,6.69,7.7,5.9,2.2,5.2,6.2,2.1,4,1,1,3,352.0,3,0,2,1,2,1.0,8.4,9.1,4.6,5.2,8.4,0.0,0.6666666666666666,0,1.0,0.25,1,1,0,4.883333333333334,5,7.140000000000001,B.Tech,0,5,train
24,8.23,6.3,8.2,8.0,1.9,5.1,6.0,0,0,0,0,,3,0,1,3,1,6.0,7.5,5.1,5.4,4.0,4.1,0.0,0.3333333333333333,0,0.0,0.0,0,0,1,5.916666666666667,1,5.220000000000001,MCA,0,5,train
25,8.0,7.3,6.4,4.5,3.9,4.7,6.0,2,0,0,3,294.0,5,2,4,4,3,2.0,6.7,4.0,4.1,6.0,7.0,0.4,0.8,1,0.0,0.0,0,1,0,5.466666666666666,3,5.56,B.Tech,0,5,train
21,6.81,7.0,3.8,9.0,5.7,0.0,6.7,1,1,0,2,147.0,3,1,3,5,2,3.0,4.4,8.6,3.2,5.2,5.9,0.3333333333333333,1.0,1,0.0,1.0,0,1,0,5.366666666666667,3,5.459999999999999,B.Tech,0,5,train
22,7.02,8.3,3.8,6.1,2.7,5.4,9.8,0,0,0,4,235.0,0,0,0,3,0,6.0,4.6,6.2,4.6,6.8,6.8,0.0,0.0,0,0.0,0.0,0,1,0,6.016666666666668,0,5.8,M.Tech,1,4,train
23,7.58,6.5,3.6,4.7,6.0,1.7,3.2,2,0,0,3,80.0,2,1,2,2,2,1.0,3.6,6.1,5.3,4.6,0.5,0.5,1.0,1,0.0,0.0,0,1,0,4.283333333333333,2,4.0200000000000005,B.Tech,0,5,train
20,6.11,6.9,7.7,5.4,7.3,6.1,4.5,4,0,0,1,157.0,2,1,2,4,0,1.0,4.8,3.8,6.3,3.8,5.4,0.5,1.0,1,0.0,0.0,0,1,0,6.316666666666666,0,4.82,B.Sc,0,5,train
23,7.9,7.7,1.8,7.0,5.2,6.6,2.5,3,1,0,2,242.0,4,1,1,4,4,1.0,5.6,6.8,3.6,5.1,7.6,0.25,0.25,1,0.0,0.3333333333333333,0,1,0,5.133333333333333,5,5.739999999999999,MCA,1,1,train
21,8.24,6.0,5.7,7.1,3.6,6.1,6.7,4,2,0,2,146.0,2,0,0,2,1,2.0,4.8,7.2,5.5,6.7,7.0,0.0,0.0,0,0.0,0.5,0,1,0,5.866666666666667,3,6.24,BCA,0,5,train
21,7.42,6.1,4.9,4.1,6.6,1.6,8.6,2,0,0,1,152.0,3,2,2,5,6,2.0,2.4,4.4,3.3,6.0,2.1,0.6666666666666666,0.6666666666666666,1,0.0,0.0,0,1,0,5.316666666666666,6,3.6400000000000006,MCA,0,5,train
20,7.74,7.8,9.2,7.1,2.4,1.3,5.8,3,1,0,1,334.0,1,0,0,5,2,2.0,4.4,3.7,3.8,6.9,6.3,0.0,0.0,0,0.0,0.3333333333333333,0,1,0,5.6000000000000005,3,5.020000000000001,B.Tech,0,5,train
20,7.06,5.3,4.6,1.6,3.8,3.1,4.9,3,2,1,1,24.0,1,0,0,3,3,2.0,3.0,3.6,6.0,7.7,8.5,0.0,0.0,0,0.5,0.6666666666666666,1,1,0,3.883333333333333,7,5.76,B.Sc,0,5,train
22,6.52,7.1,4.4,6.9,8.8,4.5,5.9,1,1,1,1,59.0,3,0,0,7,2,3.0,8.7,6.7,3.1,7.9,1.7,0.0,0.0,0,1.0,1.0,1,1,0,6.266666666666667,5,5.619999999999999,B.Tech,0,5,train
23,6.12,6.6,4.1,5.1,4.9,7.7,6.7,5,0,0,4,313.0,5,1,2,6,2,1.0,4.8,8.4,5.1,4.8,6.1,0.2,0.4,1,0.0,0.0,0,1,0,5.8500000000000005,2,5.839999999999999,B.Tech,0,5,train
21,8.38,5.7,2.6,5.9,2.1,4.2,6.3,2,2,2,1,316.0,1,0,1,3,3,3.0,3.4,6.9,3.8,5.2,4.4,0.0,1.0,0,1.0,1.0,1,1,0,4.466666666666667,9,4.74,MCA,0,5,train
23,9.3,6.9,6.8,3.5,5.1,7.3,5.5,3,1,1,1,121.0,3,0,1,4,3,4.0,5.4,3.8,4.7,5.8,5.1,0.0,0.3333333333333333,0,1.0,0.3333333333333333,1,1,0,5.849999999999999,6,4.959999999999999,B.Tech,1,3,train
24,7.2,7.5,7.2,5.2,8.0,5.0,3.6,2,1,0,1,122.0,1,0,0,3,3,4.0,6.7,7.5,6.2,7.2,3.2,0.0,0.0,0,0.0,0.5,0,1,0,6.083333333333333,4,6.159999999999999,B.Sc,1,3,train
21,8.38,10.0,6.9,5.4,7.3,7.1,6.4,1,1,0,2,91.0,5,0,1,7,5,2.0,6.7,5.2,5.3,3.1,6.2,0.0,0.2,0,0.0,1.0,0,1,0,7.183333333333333,6,5.3,B.Sc,1,4,train
24,8.62,4.2,6.0,5.8,6.4,6.9,1.5,4,2,0,0,,3,0,1,5,6,3.0,5.2,6.8,1.9,9.6,6.7,0.0,0.3333333333333333,0,0.0,0.5,0,0,1,5.133333333333333,8,6.04,B.Tech,1,3,train
24,5.94,5.2,5.7,1.4,6.9,4.7,5.0,2,1,0,1,261.0,5,1,1,4,2,4.0,3.2,7.2,5.8,7.8,6.4,0.2,0.2,1,0.0,0.5,0,1,0,4.816666666666667,3,6.08,B.Tech,0,5,train
20,8.77,10.0,4.9,3.4,0.4,2.2,5.9,1,0,0,1,450.0,3,1,2,1,1,1.0,2.8,7.1,6.5,8.1,2.7,0.3333333333333333,0.6666666666666666,1,0.0,0.0,0,1,0,4.466666666666666,1,5.4399999999999995,M.Tech,0,5,train
22,8.92,8.5,7.3,3.2,8.4,5.8,6.8,4,0,0,0,,2,0,0,4,0,1.0,6.9,7.1,7.3,5.0,3.7,0.0,0.0,0,0.0,0.0,0,0,1,6.666666666666665,0,6.0,M.Tech,1,4,train
21,8.15,6.3,6.8,0.0,3.2,3.6,5.4,1,0,0,1,39.0,5,1,2,1,6,5.0,8.6,3.9,2.7,3.9,7.3,0.2,0.4,1,0.0,0.0,0,1,0,4.216666666666668,6,5.279999999999999,B.Tech,0,5,train
22,8.19,9.0,4.3,7.2,7.6,1.6,2.0,2,0,0,5,271.0,4,2,3,2,5,3.0,3.3,8.8,9.8,5.4,6.4,0.5,0.75,1,0.0,0.0,0,1,0,5.283333333333334,5,6.74,MCA,1,1,train
25,7.37,2.5,9.1,9.0,7.7,2.9,6.0,2,2,0,2,489.0,6,2,3,9,3,3.0,2.2,4.6,9.6,6.7,5.7,0.3333333333333333,0.5,1,0.0,1.0,0,1,0,6.2,5,5.76,B.Tech,1,0,train
25,7.12,5.3,9.9,4.2,5.8,0.8,4.7,2,2,0,2,367.0,6,0,2,5,2,2.0,2.4,6.2,4.0,4.3,6.0,0.0,0.3333333333333333,0,0.0,1.0,0,1,0,5.116666666666666,4,4.58,MCA,0,5,train
24,7.5,8.9,8.2,4.1,7.9,0.5,7.6,3,0,0,1,377.0,3,1,1,3,4,2.0,7.6,2.2,0.0,7.2,7.0,0.3333333333333333,0.3333333333333333,1,0.0,0.0,0,1,0,6.2,4,4.8,B.Tech,0,5,train
21,9.23,7.6,5.2,3.2,2.4,6.0,1.5,6,0,0,3,394.0,4,0,1,5,3,2.0,6.5,3.9,7.1,4.3,4.5,0.0,0.25,0,0.0,0.0,0,1,0,4.316666666666666,3,5.26,MCA,0,5,train
21,8.93,8.3,5.5,7.0,6.3,2.6,1.9,2,1,0,1,84.0,2,0,1,2,1,3.0,2.2,5.6,7.0,8.0,7.9,0.0,0.5,0,0.0,0.5,0,1,0,5.266666666666667,2,6.140000000000001,B.Tech,0,5,train
21,6.75,5.8,4.9,4.4,5.0,3.5,5.9,2,2,0,0,,0,0,0,5,2,4.0,0.2,8.0,4.5,3.4,4.9,0.0,0.0,0,0.0,1.0,0,0,1,4.916666666666667,4,4.2,B.Tech,0,5,train
21,6.72,5.6,6.3,3.4,9.2,5.2,10.0,4,1,1,1,288.0,3,0,1,6,1,1.0,5.7,8.1,6.3,2.1,5.4,0.0,0.3333333333333333,0,1.0,0.25,1,1,0,6.616666666666667,4,5.5200000000000005,MCA,1,4,train
20,7.62,5.6,4.3,5.0,3.0,6.0,1.3,4,1,0,1,49.0,2,0,1,3,1,5.0,2.0,4.1,2.1,8.2,6.7,0.0,0.5,0,0.0,0.25,0,1,0,4.2,2,4.619999999999999,B.Sc,0,5,train
20,8.78,4.2,5.0,7.3,6.9,2.7,3.9,3,0,0,1,350.0,1,1,1,7,1,2.0,6.6,6.1,3.7,6.5,5.8,1.0,1.0,1,0.0,0.0,0,1,0,4.999999999999999,1,5.74,B.Sc,0,5,train
20,7.93,3.6,6.5,8.8,3.3,6.4,9.0,0,0,0,1,338.0,2,0,0,4,0,2.0,7.6,8.9,6.5,3.9,7.0,0.0,0.0,0,0.0,0.0,0,1,0,6.266666666666667,0,6.779999999999999,B.Sc,1,0,train
25,8.1,9.1,8.7,5.8,2.5,5.8,3.4,1,0,0,1,174.0,5,2,2,6,2,7.0,1.5,6.7,7.6,4.8,8.0,0.4,0.4,1,0.0,0.0,0,1,0,5.883333333333333,2,5.72,B.Tech,0,5,train
22,6.55,5.2,3.1,4.9,4.9,5.6,1.6,0,0,0,1,273.0,1,1,1,2,4,2.0,6.9,7.1,5.4,6.6,7.3,1.0,1.0,1,0.0,0.0,0,1,0,4.216666666666668,4,6.659999999999999,M.Tech,0,5,train
21,7.08,3.0,4.3,5.0,5.3,5.3,4.2,4,2,2,0,,2,0,0,7,5,1.0,2.0,6.9,1.2,5.3,6.6,0.0,0.0,0,1.0,0.5,1,0,1,4.516666666666667,11,4.4,B.Sc,1,2,train
22,7.34,9.4,7.3,7.2,9.0,1.0,7.3,3,0,0,2,409.0,4,2,2,6,3,3.0,1.2,3.5,6.4,5.1,4.4,0.5,0.5,1,0.0,0.0,0,1,0,6.866666666666666,3,4.12,B.Tech,0,5,train
21,7.41,8.2,3.8,5.0,6.8,2.1,4.5,4,2,0,0,,3,0,1,4,4,1.0,8.8,4.6,6.2,4.8,3.9,0.0,0.3333333333333333,0,0.0,0.5,0,0,1,5.066666666666667,6,5.66,B.Sc,1,2,train
20,7.85,8.4,6.3,6.1,9.6,3.4,4.3,1,0,0,2,11.0,3,0,0,4,2,2.0,8.8,5.0,4.8,5.2,7.8,0.0,0.0,0,0.0,0.0,0,1,0,6.349999999999999,2,6.32,B.Tech,1,1,train
24,8.56,7.1,6.4,7.8,3.9,2.3,6.7,1,0,0,1,59.0,2,1,2,2,5,3.0,4.6,4.1,7.5,5.3,7.9,0.5,1.0,1,0.0,0.0,0,1,0,5.7,5,5.88,M.Tech,0,5,train
20,6.32,6.9,6.2,7.8,4.6,6.5,5.2,3,3,1,2,276.0,6,2,5,5,2,5.0,6.0,5.9,3.7,5.1,7.8,0.3333333333333333,0.8333333333333334,1,0.3333333333333333,1.0,1,1,0,6.2,7,5.700000000000001,B.Tech,1,2,train
21,6.83,8.6,9.6,7.6,2.7,6.6,6.4,3,3,0,1,6.0,2,0,1,5,0,4.0,4.7,4.1,6.6,6.8,5.3,0.0,0.5,0,0.0,1.0,0,1,0,6.916666666666665,3,5.5,B.Tech,1,0,train
23,,9.1,8.5,4.2,4.7,3.4,4.2,6,1,1,0,,1,0,1,4,1,2.0,5.5,6.3,5.9,2.0,4.7,0.0,1.0,0,1.0,0.16666666666666666,1,0,1,5.683333333333334,4,4.880000000000001,MCA,0,5,train
23,8.89,4.9,8.7,5.2,7.0,5.0,5.1,4,1,1,0,,6,1,3,5,1,0.0,7.4,6.2,6.3,8.9,2.5,0.16666666666666666,0.5,1,1.0,0.25,1,0,1,5.983333333333333,4,6.260000000000001,M.Tech,1,2,train
20,8.61,3.5,5.1,7.2,6.9,4.5,6.3,0,0,0,2,36.0,1,0,0,4,2,2.0,7.8,6.4,4.8,5.8,7.7,0.0,0.0,0,0.0,0.0,0,1,0,5.583333333333333,2,6.5,B.Tech,1,1,train
25,8.6,7.4,10.0,6.1,5.7,2.0,6.2,1,1,1,0,,3,0,0,3,0,2.0,7.5,4.9,6.8,,4.1,0.0,0.0,0,1.0,1.0,1,0,1,6.233333333333333,3,5.824999999999999,B.Tech,0,5,train
22,7.56,7.9,5.9,10.0,7.9,2.8,3.9,3,0,0,0,,7,2,2,5,0,2.0,0.7,5.6,3.1,4.5,6.6,0.2857142857142857,0.2857142857142857,1,0.0,0.0,0,0,1,6.3999999999999995,0,4.1,M.Tech,0,5,train
25,7.18,9.1,4.6,2.7,7.3,0.8,7.2,0,0,0,0,,5,0,2,4,2,2.0,4.9,6.1,6.4,5.2,4.7,0.0,0.4,0,0.0,0.0,0,0,1,5.283333333333333,2,5.459999999999999,B.Tech,0,5,train
25,7.68,7.6,5.4,6.8,5.0,5.0,2.5,2,0,0,3,392.0,1,0,0,5,4,4.0,0.5,6.2,2.6,4.5,7.2,0.0,0.0,0,0.0,0.0,0,1,0,5.383333333333333,4,4.2,B.Tech,1,1,train
24,7.33,7.1,5.6,2.5,7.5,4.4,3.6,4,0,0,0,,1,0,0,7,2,3.0,9.1,2.2,7.0,6.9,7.3,0.0,0.0,0,0.0,0.0,0,0,1,5.116666666666667,2,6.5,MCA,1,4,train
25,7.71,5.0,5.4,7.3,4.0,4.4,3.0,3,2,1,1,89.0,2,0,0,4,0,3.0,6.8,5.3,3.6,5.7,5.0,0.0,0.0,0,0.5,0.6666666666666666,1,1,0,4.8500000000000005,4,5.279999999999999,B.Tech,0,5,train
25,7.47,8.1,7.9,5.8,5.7,7.5,9.8,5,1,1,1,202.0,3,0,0,6,1,1.0,7.4,6.9,4.6,7.3,1.8,0.0,0.0,0,1.0,0.2,1,1,0,7.466666666666666,4,5.6,B.Sc,1,4,train
24,5.49,7.5,5.4,5.2,4.4,5.6,3.4,1,1,0,1,250.0,1,0,0,1,1,4.0,6.6,6.5,9.6,4.2,8.2,0.0,0.0,0,0.0,1.0,0,1,0,5.25,2,7.019999999999999,B.Tech,0,5,train
24,7.56,10.0,6.7,5.2,5.5,0.2,2.2,3,0,0,1,161.0,0,0,0,2,0,3.0,8.2,7.5,6.3,5.7,7.3,0.0,0.0,0,0.0,0.0,0,1,0,4.966666666666666,0,7.0,MCA,0,5,train
21,6.8,6.9,6.5,6.3,8.2,5.8,6.2,2,2,1,4,141.0,2,0,1,8,0,0.0,9.4,8.5,5.7,5.4,4.3,0.0,0.5,0,0.5,1.0,1,1,0,6.6499999999999995,4,6.659999999999999,B.Sc,1,1,train
22,6.49,7.4,6.8,5.4,6.0,5.4,10.0,0,0,0,0,,5,1,1,4,0,2.0,9.5,5.1,1.4,6.4,5.5,0.2,0.2,1,0.0,0.0,0,0,1,6.833333333333333,0,5.58,B.Tech,0,5,train
20,7.75,5.0,5.0,3.2,9.5,5.3,1.3,0,0,0,0,,3,0,0,6,2,2.0,8.6,6.9,3.7,2.8,3.0,0.0,0.0,0,0.0,0.0,0,0,1,4.883333333333334,2,5.0,B.Tech,0,5,train
22,,3.4,5.3,6.8,5.0,5.6,3.9,4,1,1,0,,0,0,0,3,3,3.0,5.0,6.8,5.8,8.5,3.8,0.0,0.0,0,1.0,0.25,1,0,1,5.0,6,5.98,B.Sc,0,5,train
23,7.29,7.7,4.6,2.9,8.6,2.1,4.4,3,1,0,1,130.0,4,2,3,2,1,2.0,5.0,7.8,5.0,7.7,6.9,0.5,0.75,1,0.0,0.3333333333333333,0,1,0,5.050000000000001,2,6.4799999999999995,B.Tech,1,1,train
24,7.11,8.4,4.6,6.7,5.4,7.1,6.0,3,0,0,3,350.0,2,2,2,6,2,6.0,8.3,3.2,2.8,2.3,4.8,1.0,1.0,1,0.0,0.0,0,1,0,6.366666666666667,2,4.28,MCA,1,4,train
25,8.57,8.3,5.7,6.0,7.4,4.1,0.0,2,2,0,0,,7,0,0,5,2,1.0,5.3,4.8,0.0,4.2,3.1,0.0,0.0,0,0.0,1.0,0,0,1,5.25,4,3.4800000000000004,MCA,0,5,train
20,7.31,6.3,4.3,2.9,6.0,6.0,4.2,3,2,1,5,44.0,1,0,0,3,5,1.0,2.7,9.1,4.1,5.2,7.7,0.0,0.0,0,0.5,0.6666666666666666,1,1,0,4.95,9,5.76,B.Tech,1,3,train
20,6.4,9.0,3.5,4.4,8.1,5.7,4.3,1,1,1,1,183.0,0,0,0,3,6,,5.3,10.0,8.0,6.2,2.2,0.0,0.0,0,1.0,1.0,1,1,0,5.833333333333333,9,6.34,B.Tech,1,3,train
23,7.94,4.3,5.2,10.0,4.5,7.0,3.9,2,2,0,2,390.0,3,0,0,4,2,1.0,6.3,7.5,7.6,,7.2,0.0,0.0,0,0.0,1.0,0,1,0,5.816666666666666,4,7.1499999999999995,B.Tech,1,0,train
22,6.35,2.7,6.6,4.5,7.0,2.3,2.1,3,1,1,1,437.0,1,0,0,4,4,3.0,5.6,7.8,7.7,6.8,5.6,0.0,0.0,0,1.0,0.3333333333333333,1,1,0,4.2,7,6.7,MCA,1,2,train
24,7.86,3.6,7.6,2.0,2.1,4.0,4.9,1,1,0,0,,2,0,0,1,3,2.0,5.1,7.9,7.5,7.8,4.3,0.0,0.0,0,0.0,1.0,0,0,1,4.033333333333332,4,6.5200000000000005,B.Tech,1,2,train
20,7.96,5.0,3.9,5.4,6.3,4.1,8.0,1,1,0,3,166.0,4,1,2,7,4,2.0,5.4,10.0,4.7,4.8,7.3,0.25,0.5,1,0.0,1.0,0,1,0,5.45,5,6.44,BCA,1,4,train
21,7.93,2.9,5.8,2.3,5.5,1.7,6.1,4,1,1,1,394.0,1,0,0,5,1,4.0,7.4,6.8,5.9,4.3,4.6,0.0,0.0,0,1.0,0.25,1,1,0,4.05,4,5.8,B.Tech,0,5,train
20,7.68,4.7,5.2,4.4,2.3,4.3,6.2,1,1,0,1,317.0,5,0,4,5,2,2.0,9.2,8.3,8.2,8.1,5.4,0.0,0.8,0,0.0,1.0,0,1,0,4.516666666666667,3,7.839999999999999,B.Tech,1,4,train
20,7.55,5.4,6.5,6.1,2.1,1.8,5.9,2,1,0,5,452.0,2,0,1,2,2,4.0,3.6,7.8,9.8,4.8,7.4,0.0,0.5,0,0.0,0.5,0,1,0,4.633333333333334,3,6.6800000000000015,B.Tech,0,5,train
22,5.41,6.0,3.0,5.2,4.0,5.4,5.7,2,2,0,2,208.0,2,0,0,1,2,7.0,3.1,5.7,6.6,8.3,5.7,0.0,0.0,0,0.0,1.0,0,1,0,4.883333333333334,4,5.880000000000001,B.Tech,0,5,train
24,7.02,9.6,4.9,4.9,4.8,5.7,6.6,2,2,0,2,474.0,2,1,1,3,3,3.0,3.9,6.8,5.4,6.9,5.2,0.5,0.5,1,0.0,1.0,0,1,0,6.083333333333333,5,5.64,MCA,1,1,train
20,7.99,5.0,8.4,5.8,5.0,3.1,0.7,1,0,0,0,,5,0,1,4,1,1.0,8.4,6.0,7.8,4.7,3.3,0.0,0.2,0,0.0,0.0,0,0,1,4.666666666666667,1,6.04,BCA,1,0,train
24,7.29,7.3,6.7,2.8,6.5,7.8,6.7,0,0,0,2,319.0,2,0,1,2,3,1.0,5.7,7.0,7.4,6.2,4.7,0.0,0.5,0,0.0,0.0,0,1,0,6.300000000000001,3,6.2,BCA,1,3,train
25,5.67,4.6,7.7,9.6,10.0,4.9,5.9,0,0,0,4,115.0,5,1,2,13,4,4.0,5.4,5.7,3.9,3.4,4.9,0.2,0.4,1,0.0,0.0,0,1,0,7.116666666666666,4,4.660000000000001,BCA,1,0,train
21,6.61,10.0,7.4,7.2,8.5,7.8,6.9,1,1,0,1,252.0,1,1,1,2,1,5.0,3.8,4.8,4.0,3.7,7.8,1.0,1.0,1,0.0,1.0,0,1,0,7.966666666666665,2,4.82,M.Tech,1,1,train
23,8.06,6.4,5.8,5.6,3.8,2.9,3.2,6,3,1,1,123.0,4,0,1,3,5,3.0,5.6,7.0,3.9,4.5,5.2,0.0,0.25,0,0.3333333333333333,0.5,1,1,0,4.616666666666666,10,5.24,B.Tech,1,2,train
21,7.54,7.9,7.1,4.2,5.0,6.9,0.0,3,1,1,1,442.0,2,0,1,2,4,6.0,7.8,4.7,5.4,7.9,5.6,0.0,0.5,0,1.0,0.3333333333333333,1,1,0,5.183333333333334,7,6.279999999999999,B.Tech,0,5,train
21,6.78,6.4,1.5,4.7,3.4,3.3,7.3,1,0,0,1,203.0,0,0,0,6,0,3.0,7.4,5.7,4.3,3.7,4.0,0.0,0.0,0,0.0,0.0,0,1,0,4.433333333333334,0,5.0200000000000005,B.Tech,0,5,train
25,6.79,5.3,6.8,4.9,4.6,3.7,0.1,3,1,1,4,439.0,1,0,0,6,2,2.0,4.6,4.6,6.1,8.1,5.3,0.0,0.0,0,1.0,0.3333333333333333,1,1,0,4.233333333333333,5,5.74,M.Tech,0,5,train
24,8.22,6.6,3.6,4.1,6.2,3.1,4.5,2,0,0,1,107.0,0,0,0,4,2,4.0,7.6,6.0,5.2,6.2,4.8,0.0,0.0,0,0.0,0.0,0,1,0,4.683333333333334,2,5.96,B.Tech,0,5,train
20,7.47,8.2,6.3,2.2,4.0,4.4,4.6,2,2,0,0,,1,0,0,4,1,3.0,4.2,6.5,6.4,6.3,6.0,0.0,0.0,0,0.0,1.0,0,0,1,4.95,3,5.880000000000001,BCA,0,5,train
25,8.28,5.2,6.9,5.0,9.5,0.2,6.3,3,1,0,1,139.0,2,1,2,3,1,5.0,4.6,5.4,8.4,,6.9,0.5,1.0,1,0.0,0.3333333333333333,0,1,0,5.516666666666667,2,6.324999999999999,B.Tech,0,5,train
21,7.1,6.5,4.0,6.8,4.7,2.8,3.3,2,2,0,2,478.0,1,0,1,9,5,0.0,2.4,8.2,6.1,5.8,6.3,0.0,1.0,0,0.0,1.0,0,1,0,4.683333333333334,7,5.76,B.Tech,1,4,train
24,8.37,6.7,5.4,7.3,7.5,3.1,5.8,2,2,1,2,17.0,2,0,0,4,1,2.0,7.8,,8.3,5.3,3.9,0.0,0.0,0,0.5,1.0,1,1,0,5.966666666666668,5,6.325,M.Tech,1,2,train
25,8.83,5.0,5.6,6.1,7.3,5.1,2.8,6,1,1,0,,2,0,1,1,2,2.0,4.1,7.2,5.0,5.6,8.4,0.0,0.5,0,1.0,0.16666666666666666,1,0,1,5.316666666666667,5,6.06,B.Tech,1,2,train
23,7.6,5.9,7.4,5.4,7.4,3.2,1.4,3,1,1,1,229.0,2,1,1,7,0,2.0,3.2,8.6,6.2,10.0,5.8,0.5,0.5,1,1.0,0.3333333333333333,1,1,0,5.116666666666666,3,6.76,B.Tech,1,2,train
21,5.99,6.0,8.1,4.2,8.5,5.0,4.4,1,1,0,3,438.0,3,1,2,2,1,,5.1,6.7,8.5,6.3,6.9,0.3333333333333333,0.6666666666666666,1,0.0,1.0,0,1,0,6.033333333333334,2,6.7,B.Tech,1,3,train
20,7.71,6.7,3.6,7.4,6.5,10.0,2.1,2,1,1,2,385.0,4,0,1,2,4,3.0,8.2,7.2,7.0,6.8,5.5,0.0,0.25,0,1.0,0.5,1,1,0,6.050000000000001,7,6.94,MCA,1,3,train
21,7.22,6.0,5.6,4.1,5.2,3.8,4.3,3,1,0,1,201.0,1,0,0,3,2,4.0,6.2,2.4,4.9,5.9,3.7,0.0,0.0,0,0.0,0.3333333333333333,0,1,0,4.833333333333333,3,4.619999999999999,B.Tech,0,5,train
23,7.79,5.8,2.8,5.6,6.2,2.4,4.0,6,0,0,1,263.0,2,0,1,4,2,3.0,7.4,6.0,7.0,5.6,4.8,0.0,0.5,0,0.0,0.0,0,1,0,4.466666666666666,2,6.16,BCA,0,5,train
21,7.52,7.0,6.0,6.9,1.7,7.0,5.4,3,2,0,4,475.0,3,0,0,2,5,1.0,4.5,7.9,8.7,4.3,4.2,0.0,0.0,0,0.0,0.6666666666666666,0,1,0,5.666666666666667,7,5.92,MCA,1,0,train
24,8.44,6.9,4.4,3.7,6.7,7.6,3.9,4,2,0,4,334.0,3,1,2,5,4,,4.7,7.1,7.4,7.4,5.8,0.3333333333333333,0.6666666666666666,1,0.0,0.5,0,1,0,5.533333333333332,6,6.4799999999999995,B.Tech,1,3,train
21,6.79,6.7,7.3,5.9,3.8,1.3,4.9,2,2,0,3,18.0,2,1,1,1,1,3.0,3.3,4.3,2.1,5.6,5.4,0.5,0.5,1,0.0,1.0,0,1,0,4.983333333333333,3,4.14,BCA,0,5,train
22,7.48,8.7,8.4,7.2,3.9,8.3,7.6,4,0,0,3,127.0,2,0,0,2,0,1.0,6.2,5.6,6.8,1.9,5.1,0.0,0.0,0,0.0,0.0,0,1,0,7.3500000000000005,0,5.12,B.Sc,0,5,train
21,6.92,3.3,4.9,5.9,3.8,2.0,4.0,3,0,0,1,117.0,9,1,5,3,2,3.0,6.9,4.7,6.7,4.7,5.5,0.1111111111111111,0.5555555555555556,1,0.0,0.0,0,1,0,3.983333333333333,2,5.7,MCA,0,5,train
23,6.81,4.1,4.1,4.5,6.6,6.0,10.0,5,2,1,4,229.0,3,0,0,2,5,3.0,5.8,7.5,6.2,4.7,5.5,0.0,0.0,0,0.5,0.4,1,1,0,5.883333333333333,9,5.9399999999999995,B.Tech,1,2,train
25,7.77,4.6,5.3,8.0,4.3,3.4,2.3,2,1,0,3,178.0,1,0,0,3,2,3.0,6.5,7.7,4.1,3.6,7.4,0.0,0.0,0,0.0,0.5,0,1,0,4.6499999999999995,3,5.859999999999999,B.Tech,1,0,train
20,7.66,7.5,0.3,3.1,4.0,2.3,6.1,1,1,1,2,484.0,5,3,5,8,1,3.0,3.9,4.6,4.0,5.9,10.0,0.6,1.0,1,1.0,1.0,1,1,0,3.883333333333333,4,5.68,MCA,0,5,train
21,5.56,5.1,8.4,4.4,7.0,3.2,1.1,1,1,1,1,471.0,8,2,4,0,3,0.0,5.1,7.6,3.2,,3.7,0.25,0.5,1,1.0,1.0,1,1,0,4.866666666666666,6,4.8999999999999995,BCA,0,5,train
22,6.62,6.0,1.8,4.9,9.1,6.1,3.3,4,1,0,0,,2,1,1,4,1,3.0,6.0,9.0,3.3,4.5,7.2,0.5,0.5,1,0.0,0.25,0,0,1,5.2,2,6.0,B.Tech,1,3,train
22,7.34,8.0,5.9,2.7,4.0,0.8,6.9,3,1,0,2,103.0,2,1,1,3,2,3.0,6.6,5.5,3.1,3.4,4.0,0.5,0.5,1,0.0,0.3333333333333333,0,1,0,4.716666666666668,3,4.52,B.Tech,0,5,train
23,7.75,6.4,7.0,2.3,7.4,4.1,4.0,2,2,1,1,35.0,2,0,1,6,0,2.0,8.7,7.4,5.6,8.6,7.2,0.0,0.5,0,0.5,1.0,1,1,0,5.2,4,7.500000000000002,B.Tech,1,3,train
25,7.9,7.3,3.6,0.2,6.7,4.6,0.0,4,0,0,4,99.0,1,1,1,3,3,0.0,7.9,6.1,7.2,3.6,7.1,1.0,1.0,1,0.0,0.0,0,1,0,3.733333333333333,3,6.38,B.Tech,1,3,train
25,7.74,4.6,6.9,8.2,6.9,4.5,7.4,1,1,0,1,420.0,4,1,3,2,2,0.0,6.8,5.9,6.9,8.7,5.1,0.25,0.75,1,0.0,1.0,0,1,0,6.416666666666667,3,6.68,B.Tech,1,0,train
23,6.91,6.0,5.6,3.7,7.7,5.5,7.7,1,0,0,2,396.0,2,1,2,10,5,0.0,6.1,,5.9,6.3,6.8,0.5,1.0,1,0.0,0.0,0,1,0,6.033333333333334,5,6.275,B.Sc,0,5,train
25,8.36,3.6,5.3,1.8,8.8,5.9,9.3,3,1,1,0,,2,1,2,4,4,4.0,4.4,7.4,4.7,4.1,2.3,0.5,1.0,1,1.0,0.3333333333333333,1,0,1,5.783333333333334,7,4.58,MCA,0,5,train
21,7.04,5.3,6.9,5.5,5.0,5.3,6.5,3,0,0,2,135.0,4,0,1,3,0,2.0,4.9,7.4,2.2,4.9,4.1,0.0,0.25,0,0.0,0.0,0,1,0,5.75,0,4.7,B.Tech,0,5,train
25,8.33,6.4,6.5,5.1,8.3,2.6,6.5,4,1,0,3,421.0,1,1,1,2,1,2.0,5.3,4.4,7.0,7.2,4.8,1.0,1.0,1,0.0,0.25,0,1,0,5.900000000000001,2,5.74,B.Tech,1,4,train
24,5.88,8.1,3.2,5.0,7.5,3.5,6.8,5,2,0,1,308.0,7,3,4,3,0,3.0,3.6,8.0,6.1,6.3,1.6,0.42857142857142855,0.5714285714285714,1,0.0,0.4,0,1,0,5.683333333333334,2,5.12,B.Tech,0,5,train
24,7.14,4.7,6.4,5.0,5.7,7.5,5.3,2,0,0,0,,0,0,0,7,0,2.0,1.5,6.8,5.2,6.3,4.5,0.0,0.0,0,0.0,0.0,0,0,1,5.766666666666667,0,4.86,B.Tech,0,5,train
22,8.37,4.4,4.0,6.3,4.4,1.4,5.0,3,2,0,1,123.0,4,0,2,6,4,3.0,8.1,7.1,4.5,5.2,3.1,0.0,0.5,0,0.0,0.6666666666666666,0,1,0,4.25,6,5.6,B.Tech,0,5,train
25,7.26,7.7,6.1,4.9,3.0,5.7,4.1,0,0,0,0,,3,1,1,3,0,3.0,8.4,6.9,3.6,6.0,6.7,0.3333333333333333,0.3333333333333333,1,0.0,0.0,0,0,1,5.25,0,6.32,MCA,0,5,train
21,7.54,5.9,6.4,7.1,3.0,6.5,0.9,3,1,1,2,55.0,3,1,1,5,3,6.0,6.2,6.6,5.9,7.3,5.5,0.3333333333333333,0.3333333333333333,1,1.0,0.3333333333333333,1,1,0,4.966666666666666,6,6.300000000000001,B.Sc,1,0,train
20,8.79,7.3,5.7,3.2,5.5,4.5,4.8,2,2,0,1,404.0,3,0,0,3,3,5.0,4.6,7.8,8.0,3.0,6.8,0.0,0.0,0,0.0,1.0,0,1,0,5.166666666666667,5,6.04,M.Tech,1,2,train
24,6.33,7.9,5.8,5.8,4.5,4.4,6.4,2,1,0,4,30.0,4,0,1,2,1,3.0,7.7,5.2,6.2,9.6,8.4,0.0,0.25,0,0.0,0.5,0,1,0,5.8,2,7.42,B.Tech,1,4,train
20,8.16,7.3,4.4,6.1,9.5,4.1,5.9,3,2,1,1,400.0,5,0,1,2,2,2.0,2.6,6.0,4.0,5.9,8.4,0.0,0.2,0,0.5,0.6666666666666666,1,1,0,6.216666666666666,6,5.38,B.Tech,1,1,train
24,6.77,5.6,6.7,5.1,7.0,0.7,2.3,5,2,0,2,156.0,1,0,0,4,4,5.0,6.0,5.8,3.8,1.6,4.8,0.0,0.0,0,0.0,0.4,0,1,0,4.566666666666666,6,4.4,B.Tech,0,5,train
21,6.75,5.0,4.8,6.7,5.0,1.1,2.1,3,1,1,2,3.0,3,0,2,5,3,3.0,3.9,6.9,8.4,3.2,7.7,0.0,0.6666666666666666,0,1.0,0.3333333333333333,1,1,0,4.116666666666667,6,6.0200000000000005,BCA,0,5,train
25,5.88,7.2,6.5,8.8,6.5,1.3,6.3,2,1,1,0,,4,2,4,2,0,0.0,7.1,4.5,6.1,8.7,4.0,0.5,1.0,1,1.0,0.5,1,0,1,6.1000000000000005,3,6.08,M.Tech,1,0,train
25,7.92,4.6,5.2,3.7,7.8,3.6,5.0,3,2,1,0,,4,0,2,2,4,2.0,3.2,3.5,4.0,6.1,8.4,0.0,0.5,0,0.5,0.6666666666666666,1,0,1,4.983333333333333,8,5.039999999999999,B.Sc,1,2,train
21,7.89,9.5,8.4,5.2,2.6,4.7,1.5,1,0,0,2,343.0,1,0,1,3,1,0.0,6.6,9.6,7.6,7.3,2.6,0.0,1.0,0,0.0,0.0,0,1,0,5.316666666666666,1,6.739999999999999,B.Tech,0,5,train
24,6.96,7.3,4.2,5.0,4.1,1.9,1.3,3,1,0,1,435.0,7,3,4,6,1,3.0,7.3,7.0,7.7,4.0,6.7,0.42857142857142855,0.5714285714285714,1,0.0,0.3333333333333333,0,1,0,3.966666666666667,2,6.540000000000001,B.Tech,0,5,train
21,8.54,6.4,6.0,7.9,9.0,0.0,4.8,5,0,0,3,274.0,3,0,0,2,2,4.0,6.7,6.2,5.5,6.4,4.7,0.0,0.0,0,0.0,0.0,0,1,0,5.683333333333334,2,5.8999999999999995,B.Tech,1,1,train
21,6.64,4.2,4.3,4.2,8.1,6.4,5.0,4,0,0,1,108.0,1,0,0,3,1,1.0,3.1,7.7,5.3,7.8,7.2,0.0,0.0,0,0.0,0.0,0,1,0,5.366666666666666,1,6.220000000000001,B.Tech,0,5,train
22,7.49,9.4,7.4,2.7,9.2,1.1,0.0,3,0,0,1,280.0,2,0,1,3,2,2.0,8.0,6.7,5.8,,7.3,0.0,0.5,0,0.0,0.0,0,1,0,4.966666666666667,2,6.95,B.Tech,0,5,train
20,6.37,7.2,5.6,3.0,7.9,4.4,6.5,4,2,0,3,272.0,6,0,1,4,3,3.0,5.7,10.0,7.0,5.0,3.3,0.0,0.16666666666666666,0,0.0,0.5,0,1,0,5.766666666666667,5,6.2,BCA,1,4,train
25,8.75,9.2,6.7,5.6,5.4,5.7,1.8,5,3,1,0,,0,0,0,3,6,3.0,7.3,9.8,3.8,5.1,3.2,0.0,0.0,0,0.3333333333333333,0.6,1,0,1,5.733333333333333,11,5.84,M.Tech,1,2,train
21,6.72,6.6,8.9,5.4,5.1,6.5,4.0,1,1,0,1,205.0,3,0,1,5,1,1.0,6.4,,5.3,6.9,3.5,0.0,0.3333333333333333,0,0.0,1.0,0,1,0,6.083333333333333,2,5.525,B.Tech,0,5,train
23,7.35,9.6,3.9,5.8,6.7,1.2,0.3,4,0,0,1,232.0,2,0,0,5,1,2.0,8.1,7.6,4.4,7.1,8.3,0.0,0.0,0,0.0,0.0,0,1,0,4.583333333333333,1,7.1,B.Sc,1,1,train
20,9.05,4.5,5.7,6.0,3.2,2.4,5.1,0,0,0,1,459.0,2,0,0,3,1,4.0,7.3,5.8,5.3,9.2,3.6,0.0,0.0,0,0.0,0.0,0,1,0,4.483333333333333,1,6.24,MCA,0,5,train
25,8.91,7.8,6.2,4.7,5.6,2.7,5.3,4,2,0,2,41.0,2,0,1,5,3,2.0,2.2,7.2,6.8,2.7,8.7,0.0,0.5,0,0.0,0.5,0,1,0,5.383333333333333,5,5.52,M.Tech,1,4,train
23,9.13,5.4,4.7,3.9,3.9,4.0,4.6,3,0,0,2,403.0,1,0,0,6,5,3.0,8.9,3.0,7.5,6.0,7.3,0.0,0.0,0,0.0,0.0,0,1,0,4.416666666666667,5,6.539999999999999,BCA,1,3,train
24,6.09,6.8,5.5,3.5,8.8,1.5,1.3,5,3,0,2,436.0,5,2,3,0,2,2.0,8.0,5.4,5.3,6.6,2.3,0.4,0.6,1,0.0,0.6,0,1,0,4.566666666666667,5,5.52,BCA,1,2,train
22,7.09,7.8,3.7,3.6,2.6,2.0,4.5,1,1,0,3,396.0,3,1,2,3,2,0.0,6.0,,6.6,4.3,9.1,0.3333333333333333,0.6666666666666666,1,0.0,1.0,0,1,0,4.033333333333333,3,6.5,B.Sc,0,5,train
25,6.8,3.7,6.0,6.2,6.6,5.8,5.6,3,3,0,0,,2,0,1,3,1,5.0,7.5,7.4,4.5,7.5,5.8,0.0,0.5,0,0.0,1.0,0,0,1,5.6499999999999995,4,6.539999999999999,B.Tech,1,2,train
23,5.58,5.3,5.8,4.2,6.4,5.6,5.5,4,0,0,5,33.0,3,1,3,1,6,1.0,4.7,8.1,6.2,6.8,4.9,0.3333333333333333,1.0,1,0.0,0.0,0,1,0,5.466666666666668,6,6.140000000000001,B.Sc,1,4,train
20,7.88,5.3,4.4,7.8,4.3,6.4,0.9,2,0,0,3,352.0,2,0,1,5,0,2.0,4.4,4.1,7.0,4.6,4.8,0.0,0.5,0,0.0,0.0,0,1,0,4.8500000000000005,0,4.98,B.Tech,0,5,train
23,7.24,4.0,5.0,5.8,3.6,4.8,3.0,6,0,0,1,477.0,2,0,0,7,2,2.0,3.6,5.1,3.6,,10.0,0.0,0.0,0,0.0,0.0,0,1,0,4.366666666666667,2,5.574999999999999,B.Sc,0,5,train
24,7.61,4.8,4.2,5.2,7.3,5.9,3.7,0,0,0,0,,3,0,1,4,4,2.0,6.1,9.0,9.3,2.2,7.7,0.0,0.3333333333333333,0,0.0,0.0,0,0,1,5.183333333333333,4,6.859999999999999,B.Sc,1,3,train
20,7.42,5.1,6.5,3.3,3.5,1.8,5.5,5,3,0,2,56.0,6,1,4,3,2,2.0,2.4,9.9,6.4,6.9,3.8,0.16666666666666666,0.6666666666666666,1,0.0,0.6,0,1,0,4.283333333333333,5,5.880000000000001,B.Tech,1,4,train
23,6.46,5.5,6.7,4.7,7.4,7.2,6.2,1,0,0,0,,3,0,0,5,4,1.0,4.0,5.9,3.2,4.7,5.7,0.0,0.0,0,0.0,0.0,0,0,1,6.283333333333332,4,4.7,B.Sc,0,5,train
25,6.3,7.0,3.8,4.5,6.3,2.5,4.5,1,1,1,1,98.0,2,0,1,7,5,1.0,5.1,4.6,2.5,6.6,7.3,0.0,0.5,0,1.0,1.0,1,1,0,4.766666666666667,8,5.22,B.Tech,1,4,train
24,8.1,6.9,5.8,4.5,7.2,7.9,4.9,3,3,0,2,287.0,2,1,1,4,1,2.0,6.4,4.4,3.8,3.5,5.6,0.5,0.5,1,0.0,1.0,0,1,0,6.199999999999999,4,4.74,BCA,0,5,train
22,6.88,8.4,3.3,3.7,6.9,5.1,1.4,1,1,0,0,,4,0,3,6,2,5.0,6.2,2.8,4.0,5.2,5.9,0.0,0.75,0,0.0,1.0,0,0,1,4.8,3,4.82,BCA,0,5,train
20,8.21,2.5,6.0,9.3,2.9,4.5,2.7,4,1,0,2,118.0,1,0,0,6,3,3.0,4.6,3.9,4.1,5.8,2.7,0.0,0.0,0,0.0,0.25,0,1,0,4.6499999999999995,4,4.22,B.Tech,0,5,train
21,6.01,7.7,7.8,8.7,6.6,3.5,6.6,0,0,0,0,,4,1,3,4,3,5.0,4.3,8.3,1.0,,3.8,0.25,0.75,1,0.0,0.0,0,0,1,6.816666666666666,3,4.3500000000000005,B.Tech,1,1,train
25,7.14,7.0,5.4,4.7,4.9,3.4,8.6,2,2,1,2,319.0,1,0,0,6,3,2.0,6.2,5.8,5.0,6.9,5.5,0.0,0.0,0,0.5,1.0,1,1,0,5.666666666666667,7,5.88,MCA,1,2,train
20,6.69,1.8,2.6,2.2,5.3,2.1,1.8,7,0,0,0,,4,1,3,7,0,1.0,4.8,6.1,6.1,5.0,5.6,0.25,0.75,1,0.0,0.0,0,0,1,2.6333333333333333,0,5.5200000000000005,B.Tech,0,5,train
24,7.0,5.9,4.9,5.5,6.2,2.1,4.7,3,2,0,1,86.0,3,1,3,4,5,4.0,8.1,9.8,3.4,4.3,5.8,0.3333333333333333,1.0,1,0.0,0.6666666666666666,0,1,0,4.883333333333334,7,6.279999999999999,M.Tech,1,2,train
22,7.73,8.9,10.0,5.0,5.4,9.4,2.7,2,1,1,0,,3,2,2,5,2,3.0,6.3,7.6,3.9,4.4,6.4,0.6666666666666666,0.6666666666666666,1,1.0,0.5,1,0,1,6.8999999999999995,5,5.719999999999999,B.Tech,1,3,train
21,7.15,8.1,4.5,8.1,3.9,1.2,5.9,5,1,1,3,272.0,1,0,0,2,4,3.0,4.4,6.3,9.0,5.7,2.4,0.0,0.0,0,1.0,0.2,1,1,0,5.283333333333332,7,5.56,B.Sc,0,5,train
23,6.68,4.1,3.7,5.7,3.8,5.0,7.8,1,1,0,4,132.0,1,0,0,8,2,0.0,3.3,6.1,5.6,3.4,6.0,0.0,0.0,0,0.0,1.0,0,1,0,5.016666666666667,3,4.88,B.Tech,1,0,train
22,8.49,6.2,4.4,5.8,7.5,2.2,8.4,2,2,0,1,489.0,1,0,0,0,1,5.0,7.1,6.5,5.2,5.0,4.7,0.0,0.0,0,0.0,1.0,0,1,0,5.75,3,5.7,BCA,1,4,train
22,7.4,6.8,5.3,5.9,5.7,0.9,1.4,3,0,0,2,318.0,2,1,1,4,4,2.0,4.7,5.3,4.3,3.6,6.4,0.5,0.5,1,0.0,0.0,0,1,0,4.333333333333333,4,4.860000000000001,B.Sc,0,5,train
24,6.58,7.2,6.7,5.9,5.4,2.8,4.9,1,1,1,2,419.0,5,0,2,6,2,2.0,4.5,3.8,0.0,5.5,4.8,0.0,0.4,0,1.0,1.0,1,1,0,5.483333333333334,5,3.72,B.Tech,1,0,train
25,8.26,6.5,7.0,5.3,8.5,1.2,4.6,3,0,0,1,90.0,2,0,1,1,1,2.0,6.2,5.9,5.5,7.8,6.3,0.0,0.5,0,0.0,0.0,0,1,0,5.516666666666667,1,6.340000000000001,B.Tech,0,5,train
24,7.38,9.1,5.6,4.6,0.9,2.6,5.2,2,0,0,0,,2,0,0,4,1,3.0,9.7,5.6,4.2,5.4,6.6,0.0,0.0,0,0.0,0.0,0,0,1,4.666666666666666,1,6.3,BCA,0,5,train
23,7.69,5.7,7.0,3.9,10.0,2.7,2.1,2,2,0,2,48.0,0,0,0,4,0,1.0,2.8,7.4,5.8,5.2,3.6,0.0,0.0,0,0.0,1.0,0,1,0,5.233333333333333,2,4.96,B.Sc,0,5,train
21,9.16,3.9,6.3,7.5,7.0,5.2,5.0,2,0,0,0,,2,1,1,3,3,4.0,2.1,6.8,4.9,6.2,7.9,0.5,0.5,1,0.0,0.0,0,0,1,5.816666666666666,3,5.58,B.Tech,0,5,train
22,6.6,5.3,8.4,4.5,3.4,5.7,5.2,1,1,1,2,134.0,1,0,1,1,4,1.0,5.0,7.7,4.5,5.4,5.1,0.0,1.0,0,1.0,1.0,1,1,0,5.416666666666667,7,5.540000000000001,B.Tech,1,0,train
21,8.51,6.7,3.7,5.7,4.9,4.3,2.5,4,4,0,1,437.0,3,0,0,3,2,4.0,3.5,7.8,7.5,5.8,5.2,0.0,0.0,0,0.0,1.0,0,1,0,4.633333333333334,6,5.96,B.Tech,1,2,train
22,8.2,7.9,2.3,6.4,3.2,6.2,0.0,2,0,0,2,340.0,4,1,1,2,4,2.0,3.0,8.9,1.8,5.5,5.5,0.25,0.25,1,0.0,0.0,0,1,0,4.333333333333333,4,4.94,B.Tech,0,5,train
20,7.5,5.1,5.7,9.1,7.3,6.8,4.6,3,2,0,1,208.0,7,1,2,5,5,4.0,6.3,7.0,5.9,8.1,4.6,0.14285714285714285,0.2857142857142857,1,0.0,0.6666666666666666,0,1,0,6.433333333333334,7,6.380000000000001,B.Tech,1,0,train
24,,4.9,4.6,5.5,10.0,7.8,1.5,3,1,1,1,207.0,3,0,1,7,3,3.0,2.7,6.4,8.4,5.8,5.8,0.0,0.3333333333333333,0,1.0,0.3333333333333333,1,1,0,5.716666666666666,6,5.82,B.Tech,1,3,train
22,7.51,8.1,6.0,4.8,7.9,4.0,3.7,3,0,0,1,258.0,2,0,1,12,3,4.0,4.4,6.0,8.5,,3.5,0.0,0.5,0,0.0,0.0,0,1,0,5.75,3,5.6,B.Tech,0,5,train
24,7.74,4.4,5.3,3.2,8.7,2.0,1.4,1,0,0,0,,3,0,0,11,1,2.0,1.8,6.7,6.6,5.4,4.2,0.0,0.0,0,0.0,0.0,0,0,1,4.166666666666666,1,4.9399999999999995,B.Tech,0,5,train
20,6.47,4.1,7.4,6.6,6.1,4.7,6.0,3,0,0,1,116.0,5,1,1,5,4,2.0,6.4,6.6,7.3,5.2,5.5,0.2,0.2,1,0.0,0.0,0,1,0,5.816666666666667,4,6.2,M.Tech,0,5,train
22,9.49,5.1,5.6,7.5,6.3,4.0,5.9,2,0,0,0,,3,0,0,8,0,3.0,8.0,3.6,3.7,4.2,7.5,0.0,0.0,0,0.0,0.0,0,0,1,5.733333333333333,0,5.4,B.Tech,1,0,train
21,7.18,5.4,5.3,8.1,8.9,4.1,7.1,2,2,0,0,,5,0,1,7,5,3.0,1.8,8.4,5.9,5.4,7.3,0.0,0.2,0,0.0,1.0,0,0,1,6.483333333333333,7,5.76,B.Tech,1,1,train
20,6.79,7.7,7.2,4.4,5.1,5.3,3.3,1,1,0,1,333.0,5,3,3,3,2,2.0,5.3,7.3,6.1,5.3,5.7,0.6,0.6,1,0.0,1.0,0,1,0,5.5,3,5.9399999999999995,B.Sc,0,5,train
24,7.22,7.6,5.8,6.4,6.6,3.5,2.7,1,1,1,2,354.0,4,0,0,1,0,4.0,7.0,6.5,7.1,3.8,2.2,0.0,0.0,0,1.0,1.0,1,1,0,5.433333333333334,3,5.32,MCA,0,5,train
25,7.49,6.7,5.5,7.4,5.9,6.1,6.4,6,1,1,3,41.0,2,1,1,6,2,1.0,5.3,6.1,6.3,3.9,8.5,0.5,0.5,1,1.0,0.16666666666666666,1,1,0,6.333333333333333,5,6.02,B.Tech,0,5,train
25,6.49,6.8,5.8,5.6,8.3,6.7,10.0,0,0,0,2,152.0,3,0,2,7,2,2.0,10.0,4.9,5.2,5.6,4.2,0.0,0.6666666666666666,0,0.0,0.0,0,1,0,7.2,2,5.98,BCA,1,4,train
25,9.49,7.6,5.3,2.1,3.1,7.3,6.6,2,0,0,4,79.0,3,1,1,2,5,1.0,6.3,6.3,6.0,7.1,5.0,0.3333333333333333,0.3333333333333333,1,0.0,0.0,0,1,0,5.333333333333333,5,6.140000000000001,MCA,0,5,train
24,9.74,6.9,5.2,5.0,5.2,6.0,6.1,4,3,0,0,,4,2,3,5,1,0.0,3.0,2.7,5.6,5.5,8.7,0.5,0.75,1,0.0,0.75,0,0,1,5.733333333333333,4,5.1,B.Tech,0,5,train
23,7.08,6.0,8.6,6.9,5.8,2.0,3.5,2,1,0,1,340.0,5,0,1,1,0,2.0,8.1,5.9,5.9,3.2,8.0,0.0,0.2,0,0.0,0.5,0,1,0,5.466666666666666,1,6.22,MCA,0,5,train
20,7.1,5.9,6.4,7.9,8.3,2.6,5.2,2,1,1,1,115.0,6,2,3,4,1,5.0,8.3,7.3,7.2,7.2,7.3,0.3333333333333333,0.5,1,1.0,0.5,1,1,0,6.050000000000001,4,7.459999999999999,M.Tech,1,2,train
25,7.14,7.3,1.6,6.4,5.0,4.0,0.7,3,1,0,0,,2,0,0,4,5,1.0,8.6,6.3,10.0,3.8,6.3,0.0,0.0,0,0.0,0.3333333333333333,0,0,1,4.166666666666667,6,7.0,B.Tech,1,1,train
23,7.69,7.6,7.0,3.7,5.3,9.0,6.6,0,0,0,1,483.0,4,1,1,7,2,1.0,5.4,8.9,6.5,10.0,6.6,0.25,0.25,1,0.0,0.0,0,1,0,6.533333333333334,2,7.4799999999999995,B.Tech,0,5,train
24,8.0,10.0,4.0,7.3,9.4,4.8,2.7,5,2,1,2,235.0,2,0,0,2,0,1.0,3.3,5.7,5.8,9.3,6.3,0.0,0.0,0,0.5,0.4,1,1,0,6.366666666666667,4,6.08,B.Tech,0,5,train
20,5.84,6.1,7.5,6.9,6.2,7.7,6.6,5,1,0,0,,2,1,2,1,1,1.0,5.6,6.2,2.7,7.3,6.6,0.5,1.0,1,0.0,0.2,0,0,1,6.833333333333333,2,5.68,BCA,1,0,train
25,7.21,3.4,5.3,9.4,5.4,3.9,2.4,3,0,0,1,212.0,8,1,4,4,1,5.0,5.1,9.3,3.6,8.8,3.9,0.125,0.5,1,0.0,0.0,0,1,0,4.966666666666666,1,6.14,B.Tech,0,5,train
20,5.96,7.0,7.7,4.6,5.2,5.4,5.1,2,1,0,0,,4,0,1,6,2,2.0,7.6,6.8,4.2,7.4,4.3,0.0,0.25,0,0.0,0.5,0,0,1,5.833333333333333,3,6.0600000000000005,B.Tech,1,3,train
23,6.72,7.3,7.0,6.4,4.8,4.3,10.0,1,1,0,1,169.0,2,0,1,4,2,0.0,5.7,7.8,3.4,8.0,4.8,0.0,0.5,0,0.0,1.0,0,1,0,6.633333333333334,3,5.9399999999999995,M.Tech,1,4,train
22,7.29,7.9,0.5,5.9,5.6,3.5,0.7,2,2,2,1,361.0,4,2,4,3,2,1.0,6.8,6.7,6.0,4.8,6.9,0.5,1.0,1,1.0,1.0,1,1,0,4.016666666666667,8,6.24,B.Tech,0,5,train
22,6.65,8.7,6.6,6.3,10.0,6.2,4.9,2,2,0,2,84.0,5,0,0,1,0,1.0,4.5,9.2,7.9,8.0,2.2,0.0,0.0,0,0.0,1.0,0,1,0,7.116666666666666,2,6.36,B.Tech,1,2,train
23,9.1,5.9,4.5,7.3,5.0,2.3,1.7,3,3,0,1,160.0,1,0,0,3,6,2.0,4.8,,7.2,3.3,4.4,0.0,0.0,0,0.0,1.0,0,1,0,4.45,9,4.925000000000001,BCA,1,2,train
21,7.76,4.6,7.4,6.6,7.6,5.7,5.0,2,1,0,2,246.0,1,0,0,6,5,6.0,1.7,9.3,7.2,5.5,6.5,0.0,0.0,0,0.0,0.5,0,1,0,6.150000000000001,6,6.04,B.Tech,1,0,train
25,9.41,6.9,5.1,4.9,9.0,5.0,6.9,1,1,1,1,267.0,5,0,1,1,2,5.0,5.2,7.8,4.9,4.6,9.6,0.0,0.2,0,1.0,1.0,1,1,0,6.3,5,6.42,B.Tech,1,2,train
21,5.87,8.2,5.1,5.4,8.5,2.4,5.9,1,0,0,1,371.0,2,0,1,6,3,1.0,7.8,9.7,6.2,6.1,4.0,0.0,0.5,0,0.0,0.0,0,1,0,5.916666666666667,3,6.76,B.Tech,1,1,train
24,7.01,8.5,3.9,8.1,4.0,6.1,10.0,5,1,0,1,294.0,2,0,1,8,1,5.0,7.0,8.2,4.8,2.7,2.6,0.0,0.5,0,0.0,0.2,0,1,0,6.766666666666667,2,5.0600000000000005,B.Tech,1,4,train
20,5.01,7.6,2.2,5.2,6.9,5.7,2.3,5,3,0,0,,4,2,4,8,1,2.0,6.6,6.3,5.2,7.9,8.1,0.5,1.0,1,0.0,0.6,0,0,1,4.983333333333333,4,6.82,B.Tech,1,2,train
23,8.83,9.5,6.5,7.9,7.3,4.5,4.4,2,2,2,0,,5,0,1,3,1,3.0,7.4,5.9,4.5,4.4,3.0,0.0,0.2,0,1.0,1.0,1,0,1,6.683333333333334,7,5.040000000000001,M.Tech,0,5,train
23,7.44,6.6,7.8,6.3,9.2,5.4,8.5,0,0,0,1,113.0,6,1,4,2,2,6.0,3.6,3.7,5.1,4.5,4.0,0.16666666666666666,0.6666666666666666,1,0.0,0.0,0,1,0,7.3,2,4.18,B.Sc,0,5,train
23,7.44,6.9,8.2,7.1,7.1,4.4,4.7,0,0,0,3,371.0,3,1,1,6,3,1.0,6.5,6.9,4.2,8.4,4.0,0.3333333333333333,0.3333333333333333,1,0.0,0.0,0,1,0,6.3999999999999995,3,6.0,B.Sc,1,0,train
25,7.93,7.4,10.0,4.3,9.0,4.6,1.8,4,0,0,3,302.0,6,0,2,3,3,0.0,6.5,5.5,4.6,3.3,6.6,0.0,0.3333333333333333,0,0.0,0.0,0,1,0,6.183333333333333,3,5.3,MCA,1,3,train
20,7.94,7.2,3.2,7.6,8.9,5.6,7.2,4,1,1,1,82.0,2,0,0,2,2,2.0,6.0,3.7,4.3,6.8,9.6,0.0,0.0,0,1.0,0.25,1,1,0,6.616666666666667,5,6.08,B.Sc,0,5,train
21,8.68,5.7,5.7,1.5,5.3,5.7,6.0,0,0,0,4,428.0,3,1,1,2,1,3.0,4.6,8.3,6.9,8.7,6.5,0.3333333333333333,0.3333333333333333,1,0.0,0.0,0,1,0,4.983333333333333,1,7.0,B.Sc,0,5,train
20,7.7,6.8,6.2,4.3,5.2,1.6,1.8,5,0,0,0,,2,0,0,8,1,4.0,6.8,5.7,10.0,9.3,6.1,0.0,0.0,0,0.0,0.0,0,0,1,4.316666666666667,1,7.58,M.Tech,0,5,train
20,6.99,6.9,3.6,4.5,6.8,4.1,0.0,2,0,0,3,427.0,3,2,3,2,2,5.0,4.4,5.8,8.1,4.7,2.7,0.6666666666666666,1.0,1,0.0,0.0,0,1,0,4.316666666666666,2,5.139999999999999,B.Tech,0,5,train
22,7.45,8.1,6.8,5.8,3.6,2.0,3.2,1,1,1,3,4.0,5,2,4,4,5,3.0,4.2,8.6,4.7,6.6,4.2,0.4,0.8,1,1.0,1.0,1,1,0,4.916666666666667,8,5.66,B.Tech,1,2,train
23,8.53,5.9,5.7,10.0,2.5,0.4,6.0,4,2,2,2,188.0,2,1,1,5,3,5.0,3.9,5.5,6.0,4.4,4.9,0.5,0.5,1,1.0,0.5,1,1,0,5.083333333333333,9,4.94,B.Sc,1,0,train
22,8.46,4.0,10.0,3.2,2.2,0.0,5.0,4,2,1,2,404.0,3,0,0,2,0,0.0,5.9,6.9,5.5,5.6,6.5,0.0,0.0,0,0.5,0.5,1,1,0,4.066666666666666,4,6.08,BCA,0,5,train
22,6.92,4.2,5.4,6.9,7.7,3.7,4.6,0,0,0,1,122.0,2,0,0,8,2,1.0,3.4,4.0,1.4,7.5,5.2,0.0,0.0,0,0.0,0.0,0,1,0,5.416666666666667,2,4.3,B.Sc,0,5,train
25,7.86,6.4,5.1,5.8,3.5,0.0,5.2,5,1,1,1,48.0,3,0,0,4,2,0.0,8.0,5.8,5.3,4.5,4.3,0.0,0.0,0,1.0,0.2,1,1,0,4.333333333333333,5,5.58,B.Tech,1,0,train
21,5.62,7.9,2.2,5.1,5.9,6.6,6.4,2,2,0,3,283.0,2,1,1,2,2,3.0,5.1,5.8,7.9,7.3,5.2,0.5,0.5,1,0.0,1.0,0,1,0,5.683333333333334,4,6.26,B.Tech,0,5,train
25,7.95,4.0,8.0,3.0,5.3,7.1,4.7,5,0,0,1,264.0,0,0,0,3,3,3.0,7.9,6.9,4.9,5.6,6.8,0.0,0.0,0,0.0,0.0,0,1,0,5.3500000000000005,3,6.42,B.Tech,1,3,train
23,7.83,6.0,9.1,6.1,5.6,5.5,0.0,5,0,0,1,486.0,1,0,0,4,0,3.0,7.1,6.9,1.3,8.0,4.6,0.0,0.0,0,0.0,0.0,0,1,0,5.383333333333333,0,5.58,B.Sc,0,5,train
21,7.24,3.9,4.9,4.3,9.3,6.0,3.6,1,1,1,1,414.0,3,1,2,2,1,3.0,7.6,5.5,4.3,5.4,4.3,0.3333333333333333,0.6666666666666666,1,1.0,1.0,1,1,0,5.333333333333333,4,5.42,BCA,0,5,train
23,5.96,6.0,6.2,8.8,3.3,2.0,7.9,2,0,0,2,30.0,7,2,4,6,1,3.0,3.1,8.9,4.3,8.3,4.3,0.2857142857142857,0.5714285714285714,1,0.0,0.0,0,1,0,5.7,1,5.78,B.Sc,1,4,train
22,7.4,7.2,5.1,5.1,5.1,4.8,4.5,4,1,0,3,9.0,1,0,0,1,1,3.0,8.3,4.9,7.6,7.3,8.4,0.0,0.0,0,0.0,0.25,0,1,0,5.3,2,7.3,M.Tech,1,1,train
23,7.27,6.3,6.3,5.3,6.2,7.3,8.0,2,0,0,1,180.0,2,1,1,5,0,1.0,7.4,7.9,4.8,4.8,5.3,0.5,0.5,1,0.0,0.0,0,1,0,6.566666666666666,0,6.040000000000001,B.Sc,0,5,train
21,7.68,8.2,5.0,6.8,4.9,4.8,4.4,2,0,0,2,12.0,3,0,1,1,1,3.0,8.3,7.4,6.9,8.8,4.8,0.0,0.3333333333333333,0,0.0,0.0,0,1,0,5.683333333333334,1,7.24,BCA,0,5,train
21,7.36,2.3,8.5,8.0,8.0,3.8,6.6,1,0,0,0,,5,0,0,5,4,4.0,4.8,4.5,6.3,7.5,8.9,0.0,0.0,0,0.0,0.0,0,0,1,6.2,4,6.4,B.Tech,1,0,train
24,7.92,7.8,2.3,6.1,8.5,5.2,5.0,3,0,0,2,201.0,3,0,1,2,0,3.0,3.6,3.6,2.3,4.6,5.9,0.0,0.3333333333333333,0,0.0,0.0,0,1,0,5.816666666666666,0,4.0,M.Tech,0,5,train
23,8.66,7.5,4.2,6.9,7.0,3.4,4.9,3,1,1,2,307.0,4,0,0,2,2,2.0,4.9,7.0,10.0,8.4,3.0,0.0,0.0,0,1.0,0.3333333333333333,1,1,0,5.6499999999999995,5,6.659999999999999,B.Tech,0,5,train
24,7.84,9.4,4.6,6.1,6.0,5.7,1.9,1,0,0,2,139.0,4,0,1,5,1,3.0,9.4,8.2,4.3,7.5,2.1,0.0,0.25,0,0.0,0.0,0,1,0,5.616666666666667,1,6.300000000000001,B.Tech,0,5,train
25,9.55,5.7,5.4,8.2,7.2,2.2,7.5,1,1,0,2,250.0,7,1,3,4,1,1.0,5.7,5.1,5.2,7.6,5.9,0.14285714285714285,0.42857142857142855,1,0.0,1.0,0,1,0,6.033333333333334,2,5.9,B.Sc,0,5,train
23,7.73,8.5,8.9,6.3,7.0,3.5,9.0,5,1,1,0,,6,1,4,1,2,1.0,6.3,9.1,5.6,3.0,4.7,0.16666666666666666,0.6666666666666666,1,1.0,0.2,1,0,1,7.2,5,5.74,B.Sc,1,1,train
22,7.01,6.9,7.9,5.1,8.1,5.7,10.0,2,1,1,1,300.0,6,0,3,3,2,1.0,2.0,9.0,1.8,5.0,8.0,0.0,0.5,0,1.0,0.5,1,1,0,7.283333333333334,5,5.16,B.Sc,1,4,train
23,6.39,6.1,5.6,6.7,4.2,6.1,1.1,1,1,1,3,128.0,0,0,0,2,1,4.0,7.8,4.6,3.3,4.5,6.6,0.0,0.0,0,1.0,1.0,1,1,0,4.966666666666666,4,5.359999999999999,B.Sc,0,5,train
20,6.1,6.2,5.2,4.1,6.1,9.4,1.6,7,2,2,0,,1,0,1,4,1,4.0,8.1,5.6,5.1,8.4,5.4,0.0,1.0,0,1.0,0.2857142857142857,1,0,1,5.433333333333334,7,6.519999999999999,MCA,1,3,train
25,9.01,7.6,4.8,4.5,8.3,5.0,7.4,4,1,1,2,86.0,1,0,0,6,1,1.0,5.5,3.8,7.3,6.1,5.3,0.0,0.0,0,1.0,0.25,1,1,0,6.266666666666667,4,5.6000000000000005,B.Sc,1,3,train
25,8.47,6.5,7.1,8.6,7.3,6.4,0.0,2,2,0,1,191.0,1,0,0,4,1,4.0,4.3,8.4,4.0,5.3,4.6,0.0,0.0,0,0.0,1.0,0,1,0,5.983333333333333,3,5.32,B.Tech,0,5,train
25,8.35,5.8,5.8,6.5,9.8,7.7,2.2,1,1,0,2,130.0,4,2,2,5,3,2.0,7.3,5.6,2.5,5.0,2.8,0.5,0.5,1,0.0,1.0,0,1,0,6.300000000000001,4,4.64,B.Tech,1,1,train
25,7.84,4.8,4.6,6.0,4.3,5.4,5.5,0,0,0,3,143.0,4,0,0,6,2,2.0,8.8,6.0,7.9,7.5,2.2,0.0,0.0,0,0.0,0.0,0,1,0,5.1000000000000005,2,6.480000000000001,B.Sc,0,5,train
21,7.02,9.1,5.2,4.0,3.9,6.8,8.6,1,0,0,2,117.0,0,0,0,0,4,3.0,4.6,7.0,4.5,7.0,5.9,0.0,0.0,0,0.0,0.0,0,1,0,6.266666666666667,4,5.8,B.Tech,1,4,train
21,8.66,5.4,7.8,5.8,3.1,2.9,6.4,3,1,0,1,38.0,5,0,0,1,2,1.0,2.8,4.7,8.0,6.4,3.7,0.0,0.0,0,0.0,0.3333333333333333,0,1,0,5.233333333333333,3,5.119999999999999,B.Tech,0,5,train
21,6.58,5.2,1.9,6.3,5.6,4.0,9.9,2,0,0,0,,3,1,2,3,4,1.0,2.7,7.6,6.9,7.0,4.6,0.3333333333333333,0.6666666666666666,1,0.0,0.0,0,0,1,5.483333333333333,4,5.760000000000001,B.Sc,0,5,train
25,7.75,4.0,5.8,7.2,6.9,3.6,6.8,3,1,1,1,46.0,1,0,0,3,1,2.0,5.8,4.9,6.4,7.1,6.0,0.0,0.0,0,1.0,0.3333333333333333,1,1,0,5.716666666666666,4,6.040000000000001,MCA,1,2,train
25,7.65,5.3,5.4,4.4,5.5,7.6,5.6,4,0,0,1,6.0,2,0,0,6,2,8.0,8.5,8.0,4.1,5.8,5.9,0.0,0.0,0,0.0,0.0,0,1,0,5.633333333333334,2,6.460000000000001,B.Tech,1,3,train
23,7.62,3.5,3.0,6.8,10.0,6.1,5.5,1,1,1,2,211.0,3,0,0,3,5,2.0,3.7,9.8,5.3,8.9,3.5,0.0,0.0,0,1.0,1.0,1,1,0,5.816666666666666,8,6.24,B.Tech,1,2,train
23,8.16,7.5,7.5,0.8,5.8,0.9,5.0,2,0,0,1,108.0,3,1,3,4,1,3.0,5.8,5.3,4.2,3.6,6.9,0.3333333333333333,1.0,1,0.0,0.0,0,1,0,4.583333333333333,1,5.160000000000001,MCA,1,4,train
23,7.77,6.9,4.3,3.6,4.5,3.8,2.8,2,2,0,2,395.0,3,1,2,4,1,3.0,5.4,3.7,4.0,2.2,4.4,0.3333333333333333,0.6666666666666666,1,0.0,1.0,0,1,0,4.316666666666666,3,3.9400000000000004,BCA,0,5,train
24,6.97,5.2,9.7,2.8,8.9,4.1,7.8,2,2,1,2,251.0,1,0,0,2,2,4.0,5.0,8.8,8.4,9.5,8.7,0.0,0.0,0,0.5,1.0,1,1,0,6.416666666666667,6,8.080000000000002,B.Tech,1,2,train
24,6.55,6.6,5.3,6.1,8.3,7.6,9.1,2,1,0,1,100.0,4,0,2,1,1,5.0,4.3,8.4,2.0,4.3,2.8,0.0,0.5,0,0.0,0.5,0,1,0,7.166666666666667,2,4.36,M.Tech,0,5,train
21,6.89,6.2,8.0,6.0,8.3,7.7,5.3,4,1,0,4,420.0,4,1,2,4,1,2.0,8.9,6.2,4.2,6.8,3.7,0.25,0.5,1,0.0,0.25,0,1,0,6.916666666666667,2,5.96,BCA,1,3,train
23,6.61,7.1,3.6,1.5,7.1,5.3,3.9,2,0,0,4,248.0,8,1,3,2,3,1.0,7.9,7.5,4.2,6.6,5.8,0.125,0.375,1,0.0,0.0,0,1,0,4.749999999999999,3,6.4,B.Tech,0,5,train
21,8.08,5.1,3.4,5.4,6.6,8.0,6.0,4,1,0,3,157.0,4,0,1,5,5,2.0,4.2,5.9,7.5,4.9,7.3,0.0,0.25,0,0.0,0.25,0,1,0,5.75,6,5.96,B.Sc,1,1,train
20,7.42,6.7,3.7,4.0,4.2,5.0,4.1,2,2,0,1,309.0,2,0,1,3,2,2.0,6.0,9.5,3.0,7.1,4.1,0.0,0.5,0,0.0,1.0,0,1,0,4.616666666666667,4,5.94,B.Tech,0,5,train
24,7.06,7.5,3.8,4.2,4.7,6.2,10.0,2,0,0,1,229.0,1,0,0,4,5,3.0,3.5,6.6,5.6,4.5,9.8,0.0,0.0,0,0.0,0.0,0,1,0,6.066666666666666,5,6.0,B.Tech,1,4,train
24,6.63,7.3,6.9,5.6,2.1,4.6,6.4,2,0,0,0,,2,0,0,6,1,3.0,7.4,6.1,4.4,6.4,4.1,0.0,0.0,0,0.0,0.0,0,0,1,5.483333333333333,1,5.68,B.Tech,0,5,train
22,7.51,9.1,8.1,10.0,5.5,7.8,4.1,3,2,0,2,303.0,4,2,3,2,3,4.0,6.6,6.2,3.9,6.3,6.6,0.5,0.75,1,0.0,0.6666666666666666,0,1,0,7.433333333333334,5,5.92,B.Tech,1,0,train
20,8.56,8.3,6.3,5.4,10.0,7.1,5.8,4,0,0,2,40.0,4,1,2,3,0,2.0,5.3,5.5,7.0,4.2,6.8,0.25,0.5,1,0.0,0.0,0,1,0,7.1499999999999995,0,5.76,B.Sc,1,3,train
23,7.46,4.5,2.0,5.2,7.9,7.6,4.1,5,1,0,1,280.0,5,0,2,1,2,2.0,7.1,4.8,4.7,4.8,3.5,0.0,0.4,0,0.0,0.2,0,1,0,5.216666666666668,3,4.9799999999999995,BCA,1,3,train
22,8.24,7.4,6.7,8.7,3.8,1.7,5.7,1,1,1,1,27.0,3,0,2,5,1,3.0,8.6,5.9,7.8,6.5,4.1,0.0,0.6666666666666666,0,1.0,1.0,1,1,0,5.666666666666667,4,6.58,MCA,1,1,train
25,6.73,6.0,5.6,7.9,6.2,3.0,6.6,2,2,1,2,382.0,9,0,4,6,3,3.0,3.6,9.1,4.4,3.4,6.0,0.0,0.4444444444444444,0,0.5,1.0,1,1,0,5.883333333333333,7,5.3,MCA,1,2,train
23,7.94,8.5,6.0,2.5,2.5,6.1,6.6,3,1,1,0,,5,1,2,3,2,1.0,5.4,5.1,2.5,4.6,5.7,0.2,0.4,1,1.0,0.3333333333333333,1,0,1,5.366666666666667,5,4.66,M.Tech,0,5,train
21,7.78,8.5,2.7,5.1,5.2,3.4,1.6,3,0,0,1,175.0,4,0,2,3,3,5.0,5.6,7.8,5.0,6.6,6.4,0.0,0.5,0,0.0,0.0,0,1,0,4.416666666666666,3,6.279999999999999,B.Tech,1,1,train
25,8.09,5.2,7.5,1.0,4.9,5.0,6.3,5,0,0,0,,3,0,1,1,3,3.0,9.6,5.4,5.8,8.6,4.3,0.0,0.3333333333333333,0,0.0,0.0,0,0,1,4.983333333333333,3,6.739999999999999,B.Sc,1,4,train
21,7.35,6.7,7.5,6.7,5.1,0.1,7.8,3,1,0,2,395.0,2,0,2,5,1,4.0,6.2,7.6,4.6,7.5,6.0,0.0,1.0,0,0.0,0.3333333333333333,0,1,0,5.6499999999999995,2,6.38,MCA,0,5,train
25,8.43,6.4,4.0,5.8,5.8,3.9,2.3,1,1,0,0,,0,0,0,1,4,1.0,5.7,8.6,9.2,4.6,4.3,0.0,0.0,0,0.0,1.0,0,0,1,4.7,5,6.4799999999999995,B.Tech,0,5,train
20,6.88,8.7,5.4,3.2,0.0,4.4,4.5,0,0,0,0,,6,3,5,4,3,2.0,5.0,7.6,8.0,5.6,7.4,0.5,0.8333333333333334,1,0.0,0.0,0,0,1,4.366666666666667,3,6.720000000000001,B.Tech,1,4,train
23,8.42,8.6,1.9,8.7,7.9,5.0,8.7,3,0,0,3,225.0,2,1,1,5,1,2.0,2.7,7.6,5.1,6.8,4.8,0.5,0.5,1,0.0,0.0,0,1,0,6.8,1,5.4,B.Sc,1,1,train
21,6.95,10.0,2.7,6.6,7.0,5.2,5.2,4,2,1,0,,3,0,1,2,3,3.0,4.9,8.2,5.0,8.6,5.0,0.0,0.3333333333333333,0,0.5,0.5,1,0,1,6.116666666666666,7,6.340000000000001,B.Sc,1,2,train
25,6.4,6.4,5.3,2.6,9.6,6.4,3.8,3,0,0,1,320.0,3,1,1,7,1,4.0,5.9,4.2,6.6,7.7,4.3,0.3333333333333333,0.3333333333333333,1,0.0,0.0,0,1,0,5.683333333333333,1,5.74,MCA,1,3,train
25,6.48,8.2,4.1,5.1,3.3,3.6,7.4,1,1,0,1,336.0,1,0,0,3,1,2.0,7.9,8.1,5.8,9.3,2.0,0.0,0.0,0,0.0,1.0,0,1,0,5.283333333333334,2,6.62,B.Tech,0,5,train
23,6.23,5.9,4.3,6.3,8.1,6.1,4.6,3,2,1,1,498.0,4,1,2,2,2,2.0,1.4,8.2,2.3,2.9,6.3,0.25,0.5,1,0.5,0.6666666666666666,1,1,0,5.883333333333334,6,4.22,B.Tech,0,5,train
21,9.25,5.4,7.9,2.6,3.5,4.2,3.4,1,1,1,0,,2,0,1,4,2,1.0,8.4,8.3,4.7,6.0,5.5,0.0,0.5,0,1.0,1.0,1,0,1,4.499999999999999,5,6.580000000000001,B.Tech,0,5,train
23,8.49,7.6,8.6,9.3,5.7,4.9,3.6,4,4,0,1,442.0,2,0,1,3,3,2.0,1.7,3.6,5.8,8.5,4.3,0.0,0.5,0,0.0,1.0,0,1,0,6.616666666666667,7,4.78,B.Tech,1,0,train
20,5.84,4.9,4.7,5.0,8.6,2.0,4.3,4,0,0,2,409.0,4,0,1,5,2,1.0,6.8,7.1,6.3,5.2,4.2,0.0,0.25,0,0.0,0.0,0,1,0,4.916666666666667,2,5.92,B.Tech,0,5,train
20,6.51,10.0,9.5,1.7,5.9,6.5,2.4,2,2,0,2,321.0,2,0,0,5,2,0.0,3.9,9.0,1.2,7.6,3.3,0.0,0.0,0,0.0,1.0,0,1,0,6.0,4,5.0,BCA,0,5,train
23,6.41,3.3,8.7,1.6,7.7,7.3,5.2,6,2,0,4,93.0,0,0,0,4,1,5.0,6.1,7.3,7.1,4.7,4.1,0.0,0.0,0,0.0,0.3333333333333333,0,1,0,5.633333333333334,3,5.859999999999999,B.Tech,1,3,train
24,7.66,7.1,6.1,2.8,0.5,1.2,9.1,4,1,1,1,147.0,3,0,2,3,3,3.0,5.1,6.7,7.3,7.1,6.8,0.0,0.6666666666666666,0,1.0,0.25,1,1,0,4.466666666666666,6,6.6,B.Tech,0,5,train
24,7.02,6.4,5.7,6.3,5.9,4.3,4.6,3,1,0,1,168.0,4,1,2,6,2,2.0,7.3,8.3,7.6,5.5,7.1,0.25,0.5,1,0.0,0.3333333333333333,0,1,0,5.533333333333334,3,7.160000000000001,B.Sc,0,5,train
20,7.16,6.0,7.3,4.3,2.6,8.5,5.6,2,1,0,0,,2,0,0,3,4,1.0,4.0,5.7,2.9,4.9,8.0,0.0,0.0,0,0.0,0.5,0,0,1,5.716666666666668,5,5.1,B.Tech,0,5,train
20,7.47,6.4,5.2,5.1,6.1,2.1,4.9,0,0,0,1,357.0,1,0,0,7,1,4.0,3.8,5.9,5.2,7.5,4.8,0.0,0.0,0,0.0,0.0,0,1,0,4.966666666666668,1,5.4399999999999995,B.Tech,1,4,train
25,7.61,4.3,4.5,2.0,5.9,4.2,2.5,0,0,0,1,335.0,5,2,5,2,2,1.0,4.8,5.7,6.2,2.1,8.0,0.4,1.0,1,0.0,0.0,0,1,0,3.9000000000000004,2,5.36,M.Tech,0,5,train
20,7.31,7.0,4.2,7.1,5.0,4.1,7.0,3,2,0,1,418.0,4,0,1,5,3,4.0,4.7,6.7,6.1,6.1,3.6,0.0,0.25,0,0.0,0.6666666666666666,0,1,0,5.733333333333333,5,5.44,MCA,1,4,train
21,7.24,4.3,6.2,4.7,7.2,3.7,1.0,2,2,0,2,363.0,2,0,0,2,1,1.0,10.0,6.6,7.3,5.7,5.1,0.0,0.0,0,0.0,1.0,0,1,0,4.516666666666667,3,6.94,B.Tech,0,5,train
20,7.53,10.0,4.9,0.3,4.6,0.9,3.8,2,0,0,2,136.0,5,0,2,7,2,4.0,4.1,7.6,1.7,6.9,2.7,0.0,0.4,0,0.0,0.0,0,1,0,4.083333333333333,2,4.6,B.Sc,0,5,train
25,7.8,6.5,7.9,10.0,8.7,5.6,6.9,1,1,1,2,338.0,5,2,3,2,1,3.0,1.9,7.1,6.1,7.0,6.2,0.4,0.6,1,1.0,1.0,1,1,0,7.599999999999999,4,5.66,M.Tech,1,1,train
22,9.05,5.9,2.9,4.6,5.5,2.9,8.2,2,1,0,2,330.0,3,0,2,2,4,2.0,7.4,8.1,3.7,9.1,5.6,0.0,0.6666666666666666,0,0.0,0.5,0,1,0,4.999999999999999,5,6.779999999999999,B.Tech,0,5,train
23,5.36,7.8,4.9,2.6,9.7,7.4,7.8,2,0,0,1,47.0,4,0,1,2,4,2.0,5.6,6.3,5.3,7.6,2.6,0.0,0.25,0,0.0,0.0,0,1,0,6.699999999999999,4,5.4799999999999995,B.Tech,0,5,train
25,7.12,7.7,4.7,3.5,8.2,5.4,5.9,2,0,0,0,,7,1,4,5,4,3.0,5.5,7.9,4.7,4.4,9.2,0.14285714285714285,0.5714285714285714,1,0.0,0.0,0,0,1,5.8999999999999995,4,6.34,B.Sc,1,3,train
20,8.03,4.0,5.8,7.8,4.1,6.4,4.5,2,0,0,4,55.0,0,0,0,2,2,3.0,8.3,6.3,7.7,5.1,5.3,0.0,0.0,0,0.0,0.0,0,1,0,5.433333333333334,2,6.539999999999999,B.Tech,0,5,train
24,8.12,7.1,5.9,0.5,6.2,4.0,6.3,5,1,0,0,,2,0,0,6,1,3.0,6.4,7.5,3.3,7.6,3.8,0.0,0.0,0,0.0,0.2,0,0,1,5.0,2,5.72,B.Tech,0,5,train
20,7.93,8.3,8.5,6.4,4.6,2.8,3.9,1,0,0,1,346.0,3,0,0,4,1,0.0,5.6,4.2,4.6,8.3,6.9,0.0,0.0,0,0.0,0.0,0,1,0,5.750000000000001,1,5.92,B.Tech,0,5,train
25,8.67,6.9,6.4,4.3,5.4,2.0,10.0,1,1,1,0,,4,2,3,3,0,,6.3,5.7,9.1,10.0,2.2,0.5,0.75,1,1.0,1.0,1,0,1,5.833333333333333,3,6.660000000000001,MCA,1,4,train
20,7.88,10.0,8.7,8.9,7.0,3.7,10.0,2,0,0,2,106.0,5,1,2,2,3,7.0,5.7,,6.9,6.6,7.0,0.2,0.4,1,0.0,0.0,0,1,0,8.05,3,6.550000000000001,B.Tech,1,1,train
25,7.2,7.9,6.3,7.8,1.8,6.8,5.4,3,2,1,4,232.0,1,0,0,4,3,1.0,4.9,6.0,5.6,6.7,9.0,0.0,0.0,0,0.5,0.6666666666666666,1,1,0,6.0,7,6.44,B.Tech,1,0,train
25,6.53,5.0,6.5,7.8,7.2,6.9,5.3,3,1,1,0,,5,0,2,5,1,5.0,6.1,8.2,2.7,4.7,5.0,0.0,0.4,0,1.0,0.3333333333333333,1,0,1,6.449999999999999,4,5.34,MCA,1,3,train
21,7.44,2.3,3.1,5.7,3.3,4.1,3.6,3,1,1,2,179.0,2,0,1,3,2,3.0,3.7,7.6,4.9,8.4,5.9,0.0,0.5,0,1.0,0.3333333333333333,1,1,0,3.6833333333333336,5,6.1,B.Tech,1,2,train
22,8.21,7.6,3.1,9.9,4.1,3.1,5.8,4,2,0,0,,3,0,1,6,1,6.0,3.2,,4.4,7.3,4.5,0.0,0.3333333333333333,0,0.0,0.5,0,0,1,5.6000000000000005,3,4.85,B.Tech,0,5,train
22,7.71,4.8,4.9,3.8,4.9,7.2,4.3,6,0,0,1,186.0,1,0,1,1,1,2.0,4.4,5.8,7.9,7.6,3.9,0.0,1.0,0,0.0,0.0,0,1,0,4.983333333333333,1,5.92,B.Tech,0,5,train
22,6.52,6.0,4.9,10.0,7.7,5.5,2.7,6,1,0,5,409.0,0,0,0,3,2,2.0,5.0,8.7,8.5,9.6,3.3,0.0,0.0,0,0.0,0.16666666666666666,0,1,0,6.133333333333333,3,7.019999999999999,B.Tech,1,1,train
24,7.58,6.3,3.5,6.4,5.9,3.2,0.9,1,1,1,2,348.0,4,0,1,5,4,3.0,4.3,8.1,3.5,8.2,8.9,0.0,0.25,0,1.0,1.0,1,1,0,4.366666666666666,7,6.6,M.Tech,0,5,train
23,8.93,6.4,7.1,5.4,4.8,7.5,4.0,2,0,0,0,,3,0,0,3,1,1.0,4.3,8.6,2.0,4.4,6.2,0.0,0.0,0,0.0,0.0,0,0,1,5.866666666666667,1,5.1,M.Tech,0,5,train
20,7.72,6.1,4.0,6.4,4.3,2.2,5.2,3,1,0,5,206.0,2,0,0,3,3,5.0,3.6,8.6,4.2,5.9,5.1,0.0,0.0,0,0.0,0.3333333333333333,0,1,0,4.7,4,5.4799999999999995,M.Tech,1,4,train
24,6.87,6.3,2.9,2.9,4.1,9.0,7.3,2,2,0,3,140.0,6,0,1,4,3,1.0,5.0,3.5,5.9,7.4,1.4,0.0,0.16666666666666666,0,0.0,1.0,0,1,0,5.416666666666667,5,4.64,B.Tech,0,5,train
23,6.34,4.5,6.8,4.5,7.3,2.6,7.4,3,0,0,1,281.0,3,1,1,2,0,3.0,2.4,10.0,4.2,7.0,3.7,0.3333333333333333,0.3333333333333333,1,0.0,0.0,0,1,0,5.516666666666667,0,5.46,B.Tech,0,5,train
22,8.74,10.0,5.5,9.1,4.6,3.0,4.3,1,1,0,4,413.0,2,0,1,7,1,2.0,6.9,3.6,5.3,9.5,6.2,0.0,0.5,0,0.0,1.0,0,1,0,6.083333333333333,2,6.3,B.Tech,1,0,train
24,8.4,6.9,8.2,3.9,9.5,6.6,2.6,0,0,0,2,100.0,1,0,0,5,1,3.0,5.1,4.6,10.0,6.3,9.2,0.0,0.0,0,0.0,0.0,0,1,0,6.283333333333334,1,7.040000000000001,B.Tech,1,3,train
24,6.0,6.2,6.5,8.0,5.4,0.6,3.4,3,1,0,0,,2,0,0,3,7,1.0,4.2,6.6,5.1,4.5,6.5,0.0,0.0,0,0.0,0.3333333333333333,0,0,1,5.016666666666667,8,5.38,B.Sc,0,5,train
21,6.46,10.0,4.0,2.6,8.3,3.7,4.8,2,1,1,2,363.0,4,1,1,9,2,4.0,2.6,6.3,5.5,4.5,6.8,0.25,0.25,1,1.0,0.5,1,1,0,5.566666666666666,5,5.14,M.Tech,1,2,train
22,5.53,6.2,8.3,3.8,5.3,8.9,7.1,4,0,0,0,,7,0,0,6,2,2.0,7.1,7.0,7.0,7.2,10.0,0.0,0.0,0,0.0,0.0,0,0,1,6.6000000000000005,2,7.659999999999999,B.Tech,1,3,train
21,8.49,8.3,4.6,5.4,5.5,3.7,4.9,4,0,0,0,,2,0,0,5,2,4.0,6.2,9.1,6.5,7.8,7.8,0.0,0.0,0,0.0,0.0,0,0,1,5.3999999999999995,2,7.4799999999999995,B.Tech,1,4,train
24,8.7,7.0,6.3,5.6,4.9,3.5,4.6,4,0,0,1,341.0,5,2,4,2,1,0.0,6.9,4.3,5.6,5.4,4.3,0.4,0.8,1,0.0,0.0,0,1,0,5.316666666666666,1,5.299999999999999,B.Tech,0,5,train
22,7.26,5.8,7.6,4.9,5.5,4.9,6.0,2,1,0,1,444.0,4,0,3,4,1,1.0,6.0,5.9,7.5,7.2,6.0,0.0,0.75,0,0.0,0.5,0,1,0,5.783333333333332,2,6.519999999999999,B.Tech,1,3,train
22,8.28,7.3,4.8,6.0,6.0,4.0,5.0,4,1,0,2,8.0,3,1,1,8,3,,7.4,8.0,7.2,5.5,6.4,0.3333333333333333,0.3333333333333333,1,0.0,0.25,0,1,0,5.516666666666667,4,6.9,BCA,1,4,train
24,8.07,5.1,4.5,7.1,5.4,4.6,6.4,1,1,0,0,,4,0,0,2,2,3.0,5.7,5.9,5.3,5.8,4.6,0.0,0.0,0,0.0,1.0,0,0,1,5.516666666666667,3,5.460000000000001,B.Tech,1,1,train
24,7.28,6.2,2.6,4.9,6.6,5.2,6.2,2,0,0,2,238.0,2,0,1,5,1,4.0,5.6,4.7,6.7,5.6,2.5,0.0,0.5,0,0.0,0.0,0,1,0,5.283333333333333,1,5.0200000000000005,B.Tech,1,3,train
24,8.64,10.0,6.2,6.8,6.9,4.3,6.8,3,2,2,2,478.0,2,0,0,1,3,0.0,6.8,7.1,5.0,4.5,3.2,0.0,0.0,0,1.0,0.6666666666666666,1,1,0,6.833333333333332,9,5.319999999999999,B.Tech,1,1,train
20,6.9,4.4,10.0,5.4,7.3,6.1,3.9,2,1,1,2,334.0,3,1,3,5,1,5.0,6.2,7.0,3.1,3.9,7.7,0.3333333333333333,1.0,1,1.0,0.5,1,1,0,6.183333333333334,4,5.58,B.Tech,1,3,train
23,7.98,7.2,1.9,6.8,6.9,0.0,7.8,5,2,1,0,,2,0,0,4,1,3.0,7.1,4.8,5.7,5.5,8.1,0.0,0.0,0,0.5,0.4,1,0,1,5.1,5,6.239999999999999,M.Tech,0,5,train
24,8.48,6.1,4.6,7.8,8.8,4.9,4.2,2,0,0,3,491.0,2,0,1,4,2,,7.2,6.4,5.3,6.4,5.8,0.0,0.5,0,0.0,0.0,0,1,0,6.066666666666667,2,6.220000000000001,MCA,0,5,train
25,7.14,6.9,5.2,1.8,6.7,2.6,5.4,3,3,0,0,,1,0,1,1,2,3.0,3.4,10.0,4.7,8.9,7.4,0.0,1.0,0,0.0,1.0,0,0,1,4.766666666666667,5,6.88,B.Tech,1,4,train
24,6.24,7.3,5.6,5.3,7.1,4.9,4.0,2,1,1,4,404.0,4,0,2,1,2,2.0,6.8,5.7,6.3,4.6,5.3,0.0,0.5,0,1.0,0.5,1,1,0,5.699999999999999,5,5.74,B.Tech,1,1,train
20,5.9,4.2,7.5,7.4,1.1,1.5,3.0,2,2,0,1,106.0,3,1,3,3,3,0.0,4.9,5.0,1.9,7.9,1.7,0.3333333333333333,1.0,1,0.0,1.0,0,1,0,4.116666666666667,5,4.28,MCA,0,5,train
21,7.85,5.4,3.9,7.5,4.8,7.1,8.4,3,2,0,3,206.0,4,1,2,2,1,2.0,8.0,7.7,5.7,3.4,2.8,0.25,0.5,1,0.0,0.6666666666666666,0,1,0,6.183333333333334,3,5.52,MCA,1,4,train
22,6.93,7.2,6.6,9.0,5.6,3.4,6.9,2,1,1,1,259.0,3,1,3,3,7,1.0,6.6,2.8,7.1,4.5,5.4,0.3333333333333333,1.0,1,1.0,0.5,1,1,0,6.449999999999999,10,5.279999999999999,B.Tech,0,5,train
22,6.9,8.6,4.9,8.2,7.9,7.2,2.9,1,1,1,0,,5,0,2,4,3,0.0,5.8,6.5,5.1,5.0,8.6,0.0,0.4,0,1.0,1.0,1,0,1,6.616666666666667,6,6.2,B.Sc,0,5,train
23,7.1,8.2,5.9,6.0,7.5,3.4,4.9,2,2,0,1,320.0,4,0,1,4,1,,4.7,5.7,4.3,5.1,7.6,0.0,0.25,0,0.0,1.0,0,1,0,5.983333333333333,3,5.4799999999999995,B.Tech,1,1,train
24,6.93,7.0,6.9,9.3,6.7,3.2,4.8,3,0,0,0,,4,0,2,4,1,2.0,7.8,5.7,4.8,3.8,6.7,0.0,0.5,0,0.0,0.0,0,0,1,6.316666666666666,1,5.76,BCA,0,5,train
24,7.69,5.4,3.7,5.2,5.7,3.6,6.0,2,1,0,3,318.0,7,1,2,2,4,5.0,0.7,5.0,6.1,10.0,4.9,0.14285714285714285,0.2857142857142857,1,0.0,0.5,0,1,0,4.933333333333334,5,5.340000000000001,MCA,1,4,train
20,7.5,8.3,6.4,6.8,4.3,5.6,3.8,3,3,1,0,,2,1,1,3,2,6.0,5.0,6.6,3.4,5.6,3.4,0.5,0.5,1,0.3333333333333333,1.0,1,0,1,5.866666666666666,7,4.8,B.Sc,1,1,train
20,8.0,9.4,5.9,2.4,6.2,4.1,6.1,1,1,1,1,211.0,2,1,1,1,2,2.0,8.3,9.2,3.7,2.9,7.5,0.5,0.5,1,1.0,1.0,1,1,0,5.683333333333334,5,6.319999999999999,B.Sc,1,3,train
20,8.91,4.5,6.6,7.0,3.8,0.0,2.7,2,1,0,1,186.0,3,0,1,2,0,0.0,6.4,7.5,6.4,8.0,6.2,0.0,0.3333333333333333,0,0.0,0.5,0,1,0,4.1000000000000005,1,6.9,B.Sc,0,5,train
24,7.45,8.9,5.4,6.6,7.7,1.5,4.1,1,0,0,3,331.0,3,2,2,4,3,0.0,7.0,6.1,6.1,6.7,4.5,0.6666666666666666,0.6666666666666666,1,0.0,0.0,0,1,0,5.699999999999999,3,6.08,B.Tech,0,5,train
23,6.54,8.8,6.6,6.0,9.8,4.5,3.7,2,0,0,1,460.0,3,1,1,3,1,4.0,5.8,4.8,6.2,3.3,6.2,0.3333333333333333,0.3333333333333333,1,0.0,0.0,0,1,0,6.566666666666667,1,5.26,M.Tech,0,5,train
25,7.11,4.8,5.5,5.3,9.3,2.7,7.5,3,2,0,0,,3,0,1,7,4,2.0,7.1,5.4,3.9,3.1,4.7,0.0,0.3333333333333333,0,0.0,0.6666666666666666,0,0,1,5.8500000000000005,6,4.84,B.Sc,1,2,train
23,5.5,7.2,5.2,5.3,5.0,4.0,4.8,0,0,0,0,,0,0,0,8,1,1.0,7.7,8.0,4.6,6.7,7.9,0.0,0.0,0,0.0,0.0,0,0,1,5.25,1,6.9799999999999995,B.Tech,1,1,train
22,5.53,6.0,4.6,5.8,7.5,0.0,6.3,3,1,0,5,49.0,4,0,0,3,1,6.0,6.6,5.8,6.8,2.8,6.4,0.0,0.0,0,0.0,0.3333333333333333,0,1,0,5.033333333333333,2,5.68,BCA,1,1,train
25,8.57,7.0,5.7,4.7,3.8,2.1,7.1,5,1,1,0,,4,0,1,4,3,2.0,6.2,4.3,5.8,6.5,5.7,0.0,0.25,0,1.0,0.2,1,0,1,5.066666666666666,6,5.7,B.Sc,0,5,train
22,7.41,4.1,9.2,8.6,5.5,6.8,4.9,2,2,1,1,240.0,4,2,3,10,3,3.0,1.7,4.5,8.1,3.3,5.6,0.5,0.75,1,0.5,1.0,1,1,0,6.516666666666666,7,4.640000000000001,B.Tech,1,0,train
25,6.42,6.0,5.1,6.5,3.4,5.2,8.7,1,1,1,0,,1,0,0,2,2,3.0,4.9,,4.3,4.1,7.3,0.0,0.0,0,1.0,1.0,1,0,1,5.816666666666666,5,5.1499999999999995,M.Tech,1,4,train
23,6.71,7.4,2.8,5.7,3.1,5.1,6.4,1,0,0,5,195.0,7,0,2,5,1,4.0,7.0,8.2,4.6,9.1,6.0,0.0,0.2857142857142857,0,0.0,0.0,0,1,0,5.083333333333333,1,6.9799999999999995,B.Sc,0,5,train
21,7.42,7.8,7.8,7.6,9.3,4.1,4.4,6,2,0,0,,2,1,1,8,2,3.0,8.9,4.2,8.6,3.7,6.7,0.5,0.5,1,0.0,0.3333333333333333,0,0,1,6.833333333333333,4,6.42,M.Tech,1,2,train
25,8.9,4.1,9.7,5.7,5.3,4.1,3.4,3,3,0,2,180.0,5,0,3,2,0,2.0,6.1,5.2,8.3,7.5,6.1,0.0,0.6,0,0.0,1.0,0,1,0,5.383333333333333,3,6.640000000000001,B.Tech,0,5,train
21,6.15,5.6,4.3,5.4,3.7,2.8,3.9,4,0,0,2,236.0,6,2,3,5,0,2.0,4.4,5.7,7.0,4.7,3.5,0.3333333333333333,0.5,1,0.0,0.0,0,1,0,4.283333333333333,0,5.0600000000000005,M.Tech,0,5,train
22,8.16,3.9,7.4,5.3,4.2,6.3,9.7,4,3,0,1,7.0,2,1,1,3,6,0.0,7.7,4.5,6.4,8.0,7.0,0.5,0.5,1,0.0,0.75,0,1,0,6.133333333333333,9,6.720000000000001,M.Tech,1,2,train
21,7.94,3.6,2.3,3.3,5.4,5.5,3.1,2,1,0,0,,1,0,0,4,3,1.0,4.2,7.1,7.9,7.7,7.0,0.0,0.0,0,0.0,0.5,0,0,1,3.866666666666667,4,6.780000000000001,B.Tech,0,5,train
21,6.84,5.3,1.4,4.0,5.1,7.6,8.7,3,2,0,3,276.0,5,0,0,3,3,2.0,6.3,10.0,2.8,7.2,6.7,0.0,0.0,0,0.0,0.6666666666666666,0,1,0,5.349999999999999,5,6.6,B.Sc,1,2,train
20,,8.1,6.5,4.1,5.1,9.3,3.2,2,0,0,0,,2,0,1,4,2,1.0,4.7,4.7,2.3,4.0,3.7,0.0,0.5,0,0.0,0.0,0,0,1,6.05,2,3.88,B.Tech,0,5,train
22,7.09,5.5,5.7,8.9,4.8,5.2,5.6,1,1,0,3,216.0,3,0,0,3,6,4.0,4.2,8.2,5.1,7.0,10.0,0.0,0.0,0,0.0,1.0,0,1,0,5.95,7,6.9,B.Tech,1,0,train
24,8.46,5.6,8.0,1.0,9.3,6.4,6.0,3,3,0,0,,4,2,2,5,2,1.0,7.2,3.2,6.3,7.1,4.3,0.5,0.5,1,0.0,1.0,0,0,1,6.05,5,5.619999999999999,B.Tech,1,2,train
23,6.93,5.8,6.7,6.7,5.7,5.5,6.7,1,0,0,0,,4,0,0,1,2,1.0,6.9,6.5,6.2,4.9,7.1,0.0,0.0,0,0.0,0.0,0,0,1,6.183333333333334,2,6.32,B.Tech,1,1,train
24,,5.0,5.7,6.7,6.6,7.8,5.9,4,0,0,1,149.0,2,0,1,6,3,0.0,2.6,5.6,5.9,7.6,4.7,0.0,0.5,0,0.0,0.0,0,1,0,6.283333333333334,3,5.279999999999999,B.Tech,1,3,train
21,6.93,5.2,5.5,2.5,5.1,4.1,5.5,1,1,1,5,4.0,2,0,0,3,2,3.0,7.8,8.7,5.7,7.1,7.8,0.0,0.0,0,1.0,1.0,1,1,0,4.6499999999999995,5,7.419999999999999,B.Tech,1,4,train
25,8.33,6.1,8.3,5.8,4.9,4.6,5.6,2,2,2,1,495.0,3,1,3,4,2,4.0,4.6,5.1,6.1,4.2,4.5,0.3333333333333333,1.0,1,1.0,1.0,1,1,0,5.883333333333334,8,4.9,M.Tech,0,5,train
21,8.19,4.6,10.0,8.7,6.9,4.5,7.3,4,4,1,0,,1,0,0,3,1,2.0,4.0,6.3,5.4,4.1,6.2,0.0,0.0,0,0.25,1.0,1,0,1,6.999999999999999,7,5.2,B.Tech,0,5,train
24,8.55,9.1,5.6,5.6,6.5,5.8,1.3,0,0,0,3,472.0,1,0,0,3,5,1.0,2.8,5.3,9.0,5.5,5.8,0.0,0.0,0,0.0,0.0,0,1,0,5.649999999999999,5,5.680000000000001,B.Tech,1,3,train
20,7.98,5.9,10.0,4.2,2.9,5.9,2.5,2,0,0,0,,3,0,1,2,2,1.0,3.6,8.8,8.5,4.6,4.4,0.0,0.3333333333333333,0,0.0,0.0,0,0,1,5.233333333333333,2,5.9799999999999995,B.Tech,0,5,train
24,7.59,6.5,7.6,1.2,3.0,2.7,3.8,2,2,0,2,248.0,5,0,2,6,2,1.0,8.1,6.6,8.3,4.8,2.8,0.0,0.4,0,0.0,1.0,0,1,0,4.133333333333333,4,6.12,B.Tech,0,5,train
21,6.18,6.9,6.8,8.1,4.2,7.9,5.8,3,3,0,1,120.0,4,0,0,4,0,2.0,4.6,6.7,3.0,8.4,6.1,0.0,0.0,0,0.0,1.0,0,1,0,6.616666666666666,3,5.760000000000001,MCA,1,4,train
22,9.99,8.2,4.2,3.3,4.3,7.1,4.7,3,0,0,1,3.0,5,0,1,3,0,2.0,4.9,7.0,3.5,5.6,6.3,0.0,0.2,0,0.0,0.0,0,1,0,5.3,0,5.46,B.Tech,0,5,train
20,8.76,7.6,6.8,3.2,3.6,6.3,6.3,2,0,0,3,437.0,3,1,1,5,2,2.0,4.8,6.6,7.5,4.5,5.8,0.3333333333333333,0.3333333333333333,1,0.0,0.0,0,1,0,5.633333333333333,2,5.84,B.Tech,1,3,train
22,7.39,5.2,7.0,7.5,5.4,6.7,4.0,4,1,0,1,260.0,1,0,0,4,2,5.0,7.6,1.3,7.0,6.1,3.7,0.0,0.0,0,0.0,0.25,0,1,0,5.966666666666666,3,5.14,B.Tech,0,5,train
25,8.09,5.0,6.6,2.5,5.2,0.0,4.5,4,3,1,2,343.0,2,0,2,6,5,5.0,7.6,7.2,6.7,9.5,5.9,0.0,1.0,0,0.3333333333333333,0.75,1,1,0,3.966666666666667,10,7.38,B.Tech,0,5,train
23,8.61,5.6,9.0,7.8,8.3,5.4,4.4,6,4,2,0,,1,0,0,6,2,1.0,7.8,6.0,3.6,8.7,4.2,0.0,0.0,0,0.5,0.6666666666666666,1,0,1,6.75,10,6.0600000000000005,B.Sc,1,2,train
21,6.78,10.0,5.3,3.1,3.8,6.2,0.9,2,1,0,1,300.0,2,0,1,4,3,2.0,7.4,8.9,4.2,8.9,9.5,0.0,0.5,0,0.0,0.5,0,1,0,4.883333333333334,4,7.779999999999999,B.Tech,1,3,train
21,7.42,7.4,4.7,5.1,8.0,4.7,2.9,6,3,1,2,433.0,1,0,0,1,0,2.0,4.0,3.1,5.1,4.7,6.5,0.0,0.0,0,0.3333333333333333,0.5,1,1,0,5.466666666666668,5,4.68,B.Tech,0,5,train
25,8.94,6.7,3.4,5.4,7.5,0.0,4.6,3,0,0,4,119.0,4,2,3,3,4,1.0,3.5,5.6,5.4,7.8,6.8,0.5,0.75,1,0.0,0.0,0,1,0,4.6000000000000005,4,5.82,B.Sc,1,1,train
24,6.32,7.2,7.0,3.8,8.2,4.8,5.3,2,2,0,2,9.0,4,0,0,3,4,2.0,4.6,6.8,3.6,7.7,7.6,0.0,0.0,0,0.0,1.0,0,1,0,6.05,6,6.06,B.Tech,1,2,train
20,8.02,7.1,10.0,5.2,5.8,4.8,2.2,1,1,1,2,108.0,0,0,0,5,2,3.0,7.6,7.1,6.4,4.4,7.8,0.0,0.0,0,1.0,1.0,1,1,0,5.8500000000000005,5,6.659999999999999,M.Tech,1,0,train
23,6.45,5.8,4.7,5.5,4.4,7.4,3.4,5,3,1,0,,2,0,1,10,2,4.0,5.6,4.8,7.8,2.1,7.9,0.0,0.5,0,0.3333333333333333,0.6,1,0,1,5.199999999999999,7,5.640000000000001,BCA,1,3,train
25,6.76,10.0,6.8,7.5,6.3,4.1,2.2,3,0,0,1,193.0,1,0,0,3,4,2.0,3.5,5.2,4.4,4.1,5.2,0.0,0.0,0,0.0,0.0,0,1,0,6.150000000000001,4,4.4799999999999995,M.Tech,0,5,train
22,7.75,5.7,6.9,4.4,5.7,2.4,4.2,2,2,0,2,416.0,6,1,3,5,3,4.0,4.2,7.3,9.2,9.2,3.4,0.16666666666666666,0.5,1,0.0,1.0,0,1,0,4.883333333333333,5,6.659999999999999,M.Tech,1,2,train
25,8.26,4.2,1.5,4.8,5.1,6.5,8.8,2,0,0,3,54.0,3,1,1,1,2,0.0,4.5,8.9,3.5,8.2,6.7,0.3333333333333333,0.3333333333333333,1,0.0,0.0,0,1,0,5.15,2,6.359999999999999,M.Tech,0,5,train
22,7.34,5.5,7.5,8.7,5.4,5.6,4.0,1,1,0,1,318.0,3,0,2,2,2,1.0,6.3,10.0,2.6,5.0,6.7,0.0,0.6666666666666666,0,0.0,1.0,0,1,0,6.116666666666667,3,6.12,M.Tech,1,0,train
25,7.08,5.6,8.8,3.7,7.3,2.1,3.5,7,1,1,1,142.0,4,2,2,2,2,1.0,7.2,9.2,4.8,4.3,5.3,0.5,0.5,1,1.0,0.14285714285714285,1,1,0,5.166666666666667,5,6.16,BCA,0,5,train
24,7.47,5.7,5.2,3.3,5.9,7.0,7.5,1,1,1,2,133.0,0,0,0,2,2,2.0,5.9,9.5,5.0,4.3,4.6,0.0,0.0,0,1.0,1.0,1,1,0,5.766666666666667,5,5.859999999999999,B.Tech,0,5,train
24,7.97,9.3,8.1,3.6,6.8,5.7,7.1,3,0,0,3,285.0,0,0,0,9,5,2.0,4.4,6.7,8.3,6.6,4.6,0.0,0.0,0,0.0,0.0,0,1,0,6.766666666666667,5,6.12,B.Tech,1,3,train
24,8.83,6.8,5.3,1.8,3.0,7.0,3.3,2,0,0,0,,1,0,0,4,0,3.0,7.6,3.1,6.8,,3.1,0.0,0.0,0,0.0,0.0,0,0,1,4.533333333333333,0,5.15,B.Tech,0,5,train
23,8.82,4.1,3.7,7.3,4.2,5.0,3.9,2,1,0,4,458.0,1,0,0,4,3,2.0,7.0,9.3,3.7,4.9,1.8,0.0,0.0,0,0.0,0.5,0,1,0,4.7,4,5.34,B.Tech,0,5,train
24,8.53,4.8,6.4,8.9,2.4,7.9,5.0,2,1,1,3,236.0,5,1,1,5,3,0.0,7.6,8.2,3.9,8.8,5.7,0.2,0.2,1,1.0,0.5,1,1,0,5.8999999999999995,6,6.840000000000001,B.Tech,1,0,train
25,7.23,10.0,6.9,2.9,7.1,4.2,5.2,3,1,1,2,466.0,4,1,1,4,2,4.0,4.8,7.1,4.9,3.8,2.4,0.25,0.25,1,1.0,0.3333333333333333,1,1,0,6.05,5,4.6,MCA,1,4,train
24,7.14,5.3,3.4,6.7,5.6,0.9,3.2,2,1,0,2,93.0,5,1,2,4,1,4.0,5.6,3.4,1.1,5.2,6.2,0.2,0.4,1,0.0,0.5,0,1,0,4.183333333333333,2,4.3,B.Tech,0,5,train
25,8.59,7.0,2.9,5.0,1.4,5.0,1.9,3,1,1,0,,6,0,0,3,3,4.0,5.8,5.5,6.4,5.9,3.2,0.0,0.0,0,1.0,0.3333333333333333,1,0,1,3.8666666666666667,6,5.36,B.Sc,0,5,train
22,8.21,10.0,8.3,8.5,6.5,4.3,2.6,2,2,0,1,125.0,2,0,1,3,1,2.0,9.8,6.0,1.7,9.1,7.9,0.0,0.5,0,0.0,1.0,0,1,0,6.699999999999999,3,6.9,BCA,1,1,train
25,6.16,8.7,7.0,6.2,6.0,5.7,6.0,4,1,1,2,335.0,2,0,1,6,3,2.0,5.6,7.1,4.7,5.9,4.5,0.0,0.5,0,1.0,0.25,1,1,0,6.6000000000000005,6,5.56,BCA,1,4,train
21,5.35,4.8,6.3,3.0,5.7,3.3,4.5,3,1,1,5,69.0,2,0,0,5,4,1.0,5.0,7.4,5.4,4.8,7.3,0.0,0.0,0,1.0,0.3333333333333333,1,1,0,4.6000000000000005,7,5.98,B.Tech,1,2,train
20,5.0,7.8,5.7,4.7,3.5,3.4,3.1,3,1,1,0,,2,0,0,5,1,0.0,2.2,9.4,7.9,9.6,2.7,0.0,0.0,0,1.0,0.3333333333333333,1,0,1,4.7,4,6.36,M.Tech,0,5,train
22,6.63,6.3,2.7,2.8,6.6,7.7,3.8,6,0,0,2,407.0,2,0,0,3,1,1.0,6.4,9.2,5.0,7.2,3.7,0.0,0.0,0,0.0,0.0,0,1,0,4.983333333333333,1,6.3,B.Tech,0,5,train
24,8.04,1.6,9.0,6.0,5.7,2.3,4.0,4,2,1,2,291.0,2,0,1,3,3,2.0,7.5,6.5,8.1,2.9,9.3,0.0,0.5,0,0.5,0.5,1,1,0,4.766666666666667,7,6.859999999999999,B.Tech,1,0,train
25,7.7,6.7,4.5,6.2,8.3,4.9,5.1,3,1,1,1,154.0,1,0,0,1,0,2.0,4.5,6.1,8.3,7.1,8.1,0.0,0.0,0,1.0,0.3333333333333333,1,1,0,5.95,3,6.82,B.Tech,1,2,train
24,,4.8,2.4,1.6,6.0,2.3,5.6,5,3,3,0,,3,1,2,7,2,4.0,3.0,10.0,1.7,6.8,7.1,0.3333333333333333,0.6666666666666666,1,1.0,0.6,1,0,1,3.7833333333333328,11,5.720000000000001,B.Tech,1,2,train
23,7.01,5.9,5.3,8.5,6.2,5.4,5.0,2,2,0,2,309.0,1,0,0,10,2,3.0,3.8,6.1,4.2,5.7,8.8,0.0,0.0,0,0.0,1.0,0,1,0,6.05,4,5.72,B.Tech,0,5,train
25,8.18,5.4,4.6,7.8,4.8,3.7,3.3,2,1,0,1,301.0,2,0,1,3,3,4.0,2.9,9.5,10.0,6.4,3.8,0.0,0.5,0,0.0,0.5,0,1,0,4.933333333333334,4,6.519999999999999,B.Tech,1,0,train
22,7.18,6.0,6.5,1.8,4.9,5.9,0.7,0,0,0,0,,1,0,0,3,1,3.0,7.8,2.4,6.4,4.5,3.9,0.0,0.0,0,0.0,0.0,0,0,1,4.3,1,5.0,B.Tech,0,5,train
21,9.14,7.6,2.0,1.1,7.6,7.1,9.1,1,1,0,1,446.0,3,0,0,2,2,3.0,4.0,5.5,5.7,7.5,5.9,0.0,0.0,0,0.0,1.0,0,1,0,5.75,3,5.720000000000001,BCA,0,5,train
22,7.49,6.4,3.9,5.5,5.3,4.2,6.3,2,1,0,4,134.0,1,0,0,3,0,2.0,5.3,,2.6,6.6,7.8,0.0,0.0,0,0.0,0.5,0,1,0,5.266666666666667,1,5.575,B.Tech,1,4,train
22,6.8,6.5,3.1,5.8,2.3,2.4,5.8,1,1,0,0,,5,0,2,4,2,2.0,4.4,4.6,4.2,8.6,7.3,0.0,0.4,0,0.0,1.0,0,0,1,4.316666666666666,3,5.819999999999999,B.Tech,0,5,train
22,7.83,5.8,7.0,4.4,5.0,3.8,3.0,1,1,1,0,,1,0,0,2,0,3.0,0.0,7.3,5.3,4.5,4.7,0.0,0.0,0,1.0,1.0,1,0,1,4.833333333333334,3,4.36,MCA,0,5,train
20,8.61,10.0,8.8,4.3,6.1,1.9,4.8,2,2,0,2,384.0,2,0,2,1,2,5.0,3.7,5.9,0.8,7.1,6.9,0.0,1.0,0,0.0,1.0,0,1,0,5.983333333333333,4,4.88,B.Tech,1,0,train
22,7.56,6.2,7.4,5.5,5.3,5.7,3.8,4,2,2,3,67.0,3,0,1,2,2,1.0,2.1,7.5,9.4,7.4,5.1,0.0,0.3333333333333333,0,1.0,0.5,1,1,0,5.6499999999999995,8,6.3,B.Sc,1,2,train
23,7.55,2.7,4.8,6.3,4.8,7.6,2.9,0,0,0,1,375.0,3,0,1,3,0,4.0,4.1,4.1,3.4,5.4,6.3,0.0,0.3333333333333333,0,0.0,0.0,0,1,0,4.8500000000000005,0,4.66,MCA,0,5,train
24,8.1,3.4,10.0,3.2,9.5,4.5,6.4,2,2,0,0,,2,2,2,2,3,3.0,6.8,4.3,3.5,5.6,5.0,1.0,1.0,1,0.0,1.0,0,0,1,6.166666666666667,5,5.04,B.Sc,0,5,train
23,8.45,6.4,9.2,8.6,3.9,3.8,2.5,1,1,1,4,307.0,2,0,0,2,2,4.0,6.2,10.0,7.4,5.1,7.5,0.0,0.0,0,1.0,1.0,1,1,0,5.733333333333333,5,7.24,B.Tech,1,0,train
25,8.94,4.5,4.1,3.2,7.2,2.9,4.6,4,4,1,3,324.0,1,0,0,6,4,2.0,4.7,9.3,9.4,5.8,7.7,0.0,0.0,0,0.25,1.0,1,1,0,4.416666666666667,10,7.38,MCA,1,2,train
22,7.27,2.8,5.0,3.1,4.6,7.6,3.7,0,0,0,1,10.0,1,0,0,4,3,2.0,3.6,6.8,5.6,4.7,5.7,0.0,0.0,0,0.0,0.0,0,1,0,4.466666666666667,3,5.279999999999999,B.Sc,0,5,train
22,7.02,7.4,9.0,5.0,4.2,6.9,6.4,2,1,1,0,,2,0,0,4,2,4.0,5.9,5.8,4.5,4.0,6.4,0.0,0.0,0,1.0,0.5,1,0,1,6.483333333333333,5,5.32,B.Tech,0,5,train
25,6.98,6.4,7.9,6.4,8.0,4.5,3.8,4,0,0,0,,3,2,2,5,1,2.0,4.1,5.3,6.4,2.3,3.0,0.6666666666666666,0.6666666666666666,1,0.0,0.0,0,0,1,6.166666666666667,1,4.22,BCA,0,5,train
21,5.78,8.0,5.9,4.0,4.3,4.8,6.3,2,0,0,1,133.0,4,0,0,5,0,2.0,7.6,7.4,5.1,6.6,4.8,0.0,0.0,0,0.0,0.0,0,1,0,5.55,0,6.300000000000001,M.Tech,0,5,train
24,7.7,7.8,2.7,7.0,6.1,5.8,4.2,4,2,1,3,404.0,3,0,1,2,3,4.0,3.8,7.2,9.1,3.3,7.1,0.0,0.3333333333333333,0,0.5,0.5,1,1,0,5.6000000000000005,7,6.1,B.Tech,1,3,train
21,8.18,6.6,3.8,4.8,5.6,2.3,8.9,4,1,0,1,233.0,2,0,0,4,2,4.0,5.1,7.0,3.7,5.8,5.1,0.0,0.0,0,0.0,0.25,0,1,0,5.333333333333333,3,5.340000000000001,B.Sc,1,4,train
20,8.66,5.9,3.0,5.0,6.6,9.5,9.4,3,1,1,2,433.0,4,0,1,7,2,4.0,5.0,6.3,4.0,5.2,4.2,0.0,0.25,0,1.0,0.3333333333333333,1,1,0,6.566666666666666,5,4.9399999999999995,BCA,1,3,train
24,6.49,5.4,1.6,5.0,2.6,4.4,0.6,2,2,2,2,169.0,1,0,0,2,2,6.0,4.8,7.0,5.4,4.9,5.4,0.0,0.0,0,1.0,1.0,1,1,0,3.266666666666667,8,5.5,B.Tech,0,5,train
20,7.17,7.5,6.1,4.0,8.6,5.5,4.4,2,2,0,2,310.0,5,1,2,3,2,4.0,7.9,,8.0,3.4,3.3,0.2,0.4,1,0.0,1.0,0,1,0,6.016666666666667,4,5.65,B.Tech,0,5,train
21,5.37,7.9,4.7,5.1,4.4,6.7,8.5,1,1,0,2,384.0,3,0,2,5,1,1.0,3.9,4.6,6.9,6.1,3.3,0.0,0.6666666666666666,0,0.0,1.0,0,1,0,6.216666666666666,2,4.96,MCA,0,5,train
22,7.31,8.2,6.2,7.4,8.7,4.5,0.5,1,1,1,2,205.0,1,0,1,7,0,0.0,0.0,,3.7,8.6,3.9,0.0,1.0,0,1.0,1.0,1,1,0,5.916666666666667,3,4.05,B.Tech,0,5,train
22,7.08,5.5,8.6,2.2,7.0,0.0,4.6,2,2,1,3,430.0,0,0,0,4,2,2.0,9.7,8.5,5.0,8.7,3.3,0.0,0.0,0,0.5,1.0,1,1,0,4.6499999999999995,6,7.039999999999999,B.Tech,1,2,train
23,5.65,6.2,5.6,6.8,4.0,1.8,5.0,5,2,1,1,435.0,6,1,2,2,2,2.0,2.1,7.4,5.9,5.2,7.1,0.16666666666666666,0.3333333333333333,1,0.5,0.4,1,1,0,4.9,6,5.540000000000001,B.Sc,1,0,train
21,7.91,8.1,4.5,7.1,7.5,6.1,4.1,1,1,0,0,,2,0,1,3,3,6.0,6.8,3.8,4.8,2.8,3.1,0.0,0.5,0,0.0,1.0,0,0,1,6.233333333333333,4,4.26,BCA,1,1,train
24,6.43,7.9,9.5,4.7,2.5,3.3,7.3,0,0,0,1,125.0,3,1,2,4,1,0.0,9.1,,4.7,6.3,4.8,0.3333333333333333,0.6666666666666666,1,0.0,0.0,0,1,0,5.866666666666666,1,6.2250000000000005,M.Tech,0,5,train
25,6.56,7.4,3.4,1.5,3.4,3.8,3.3,3,2,0,2,372.0,3,0,0,3,2,2.0,4.3,6.6,7.0,5.4,0.0,0.0,0.0,0,0.0,0.6666666666666666,0,1,0,3.8000000000000003,4,4.659999999999999,B.Sc,0,5,train
20,7.55,7.5,7.2,6.1,5.1,9.2,10.0,2,0,0,3,105.0,4,0,1,3,1,1.0,5.6,3.9,5.4,,5.6,0.0,0.25,0,0.0,0.0,0,1,0,7.516666666666666,1,5.125,B.Tech,0,5,train
21,8.58,6.0,6.3,9.5,7.5,3.6,1.0,1,1,1,1,314.0,6,1,3,3,1,2.0,6.6,8.5,1.6,5.9,7.2,0.16666666666666666,0.5,1,1.0,1.0,1,1,0,5.6499999999999995,4,5.96,B.Tech,1,2,train
23,7.52,7.3,6.7,9.0,6.6,1.8,6.6,2,1,1,3,337.0,3,0,0,9,1,1.0,6.9,,8.0,6.8,9.2,0.0,0.0,0,1.0,0.5,1,1,0,6.333333333333333,4,7.725,B.Tech,1,1,train
20,6.52,6.9,8.0,5.2,10.0,2.2,7.8,2,2,1,4,104.0,3,0,1,4,2,3.0,3.0,7.5,2.2,5.6,5.4,0.0,0.3333333333333333,0,0.5,1.0,1,1,0,6.683333333333334,6,4.739999999999999,M.Tech,0,5,train
21,9.55,7.0,2.8,9.4,4.5,6.2,2.9,3,2,0,3,73.0,4,0,0,4,2,2.0,4.5,8.5,6.1,7.8,6.3,0.0,0.0,0,0.0,0.6666666666666666,0,1,0,5.466666666666668,4,6.640000000000001,B.Sc,1,3,train
22,7.69,8.5,5.2,7.6,5.1,1.5,6.4,3,1,0,4,274.0,2,1,1,3,0,5.0,6.2,8.3,4.6,6.0,9.8,0.5,0.5,1,0.0,0.3333333333333333,0,1,0,5.716666666666666,1,6.980000000000001,B.Tech,1,4,train
24,5.48,5.0,2.1,3.8,3.2,2.2,0.0,0,0,0,2,223.0,3,0,0,5,2,0.0,5.4,2.4,5.5,4.0,5.5,0.0,0.0,0,0.0,0.0,0,1,0,2.7166666666666663,2,4.5600000000000005,B.Tech,0,5,train
21,6.36,5.1,6.0,6.0,9.2,1.9,5.3,3,1,0,3,485.0,4,1,3,7,2,4.0,3.1,4.4,4.5,6.1,5.9,0.25,0.75,1,0.0,0.3333333333333333,0,1,0,5.583333333333333,3,4.8,B.Tech,0,5,train
21,7.77,6.5,6.6,4.4,2.8,8.4,1.1,8,1,0,1,474.0,0,0,0,4,0,4.0,9.0,,5.8,7.8,4.9,0.0,0.0,0,0.0,0.125,0,1,0,4.966666666666668,1,6.875,B.Sc,1,3,train
22,5.77,7.7,2.8,3.9,4.6,2.7,3.6,1,1,1,2,66.0,1,0,0,4,1,6.0,8.9,6.0,7.7,5.6,8.7,0.0,0.0,0,1.0,1.0,1,1,0,4.216666666666667,4,7.380000000000001,B.Tech,1,2,train
25,6.88,8.2,4.2,8.5,6.2,6.8,4.0,2,0,0,0,,2,0,0,1,0,4.0,6.1,8.7,4.3,7.2,6.7,0.0,0.0,0,0.0,0.0,0,0,1,6.316666666666666,0,6.6,B.Sc,1,1,train
22,8.38,6.6,4.0,8.4,2.0,7.7,6.1,0,0,0,3,124.0,2,0,1,6,0,1.0,7.8,3.5,4.0,6.3,3.3,0.0,0.5,0,0.0,0.0,0,1,0,5.8,0,4.98,B.Tech,1,4,train
20,5.82,7.1,4.9,5.3,7.1,5.1,3.8,5,1,0,5,288.0,5,2,4,5,2,1.0,9.3,6.7,9.9,6.3,7.2,0.4,0.8,1,0.0,0.2,0,1,0,5.55,3,7.88,B.Tech,1,3,train
25,6.87,8.9,5.7,7.7,6.6,7.6,5.0,4,0,0,1,259.0,1,1,1,3,0,5.0,6.6,7.5,5.7,7.3,4.7,1.0,1.0,1,0.0,0.0,0,1,0,6.916666666666667,0,6.36,B.Tech,0,5,train
24,8.0,8.3,5.9,7.8,5.8,7.2,4.9,5,2,0,2,147.0,3,1,1,2,2,1.0,3.8,5.2,8.0,8.9,5.5,0.3333333333333333,0.3333333333333333,1,0.0,0.4,0,1,0,6.6499999999999995,4,6.279999999999999,B.Tech,1,1,train
22,,9.2,6.9,3.1,3.6,6.7,5.4,3,2,0,0,,4,0,0,2,1,2.0,6.2,8.3,5.3,5.0,6.3,0.0,0.0,0,0.0,0.6666666666666666,0,0,1,5.816666666666667,3,6.220000000000001,B.Sc,0,5,train
21,9.2,6.1,7.4,4.2,5.1,3.8,4.1,1,0,0,0,,5,0,1,3,2,5.0,8.8,7.2,4.8,6.2,6.8,0.0,0.2,0,0.0,0.0,0,0,1,5.116666666666666,2,6.76,MCA,1,0,train
22,8.32,10.0,7.5,6.0,4.9,4.2,5.2,0,0,0,1,43.0,2,0,1,3,3,1.0,6.5,6.8,3.1,3.5,6.2,0.0,0.5,0,0.0,0.0,0,1,0,6.300000000000001,3,5.220000000000001,B.Tech,0,5,train
20,8.41,9.0,10.0,5.0,5.9,3.7,2.6,2,2,1,3,497.0,6,0,3,4,4,2.0,7.3,6.6,6.4,5.7,8.4,0.0,0.5,0,0.5,1.0,1,1,0,6.033333333333334,8,6.88,B.Tech,1,2,train
22,7.95,7.1,4.6,6.6,2.8,3.2,4.0,4,2,1,1,119.0,2,1,1,2,0,5.0,5.1,4.7,6.4,5.5,6.7,0.5,0.5,1,0.5,0.5,1,1,0,4.716666666666666,4,5.680000000000001,B.Tech,0,5,train
22,8.15,5.7,8.6,6.8,7.0,3.2,3.4,4,2,1,0,,2,0,2,2,0,1.0,6.3,8.7,3.3,5.9,8.4,0.0,1.0,0,0.5,0.5,1,0,1,5.783333333333334,4,6.5200000000000005,B.Tech,1,0,train
22,7.96,5.0,2.8,6.8,5.5,7.6,3.3,4,2,0,5,343.0,2,0,1,3,4,3.0,6.1,5.0,1.6,,7.6,0.0,0.5,0,0.0,0.5,0,1,0,5.166666666666667,6,5.074999999999999,B.Tech,1,3,train
22,7.15,4.4,7.9,5.3,6.1,3.3,2.3,5,0,0,1,315.0,3,1,3,6,3,0.0,8.5,6.0,3.6,,6.5,0.3333333333333333,1.0,1,0.0,0.0,0,1,0,4.883333333333334,3,6.15,B.Sc,0,5,train
25,7.1,10.0,9.2,6.9,5.1,4.0,4.0,2,0,0,1,307.0,5,0,1,1,0,1.0,3.2,5.1,4.8,3.9,7.0,0.0,0.2,0,0.0,0.0,0,1,0,6.533333333333334,0,4.8,B.Tech,0,5,train
23,6.95,5.3,7.0,5.6,4.9,3.0,2.1,4,1,0,2,299.0,1,0,0,3,2,4.0,5.8,4.4,4.7,4.9,3.9,0.0,0.0,0,0.0,0.25,0,1,0,4.6499999999999995,3,4.739999999999999,M.Tech,1,0,train
22,7.28,4.2,8.3,5.3,8.2,4.2,6.8,5,2,0,2,283.0,3,0,1,4,1,2.0,3.2,6.3,5.4,4.8,7.9,0.0,0.3333333333333333,0,0.0,0.4,0,1,0,6.166666666666667,3,5.5200000000000005,B.Tech,1,0,train
23,7.4,7.0,5.1,2.8,6.9,7.3,1.2,3,1,1,1,335.0,8,3,3,7,3,3.0,4.2,6.2,6.2,7.5,8.6,0.375,0.375,1,1.0,0.3333333333333333,1,1,0,5.05,6,6.540000000000001,B.Tech,1,3,train
22,6.91,8.7,6.4,5.3,5.7,7.0,7.8,2,1,1,3,34.0,4,1,3,3,4,1.0,3.7,9.2,2.9,6.9,6.4,0.25,0.75,1,1.0,0.5,1,1,0,6.8166666666666655,7,5.82,B.Tech,1,4,train
23,7.92,5.8,4.7,2.8,4.3,4.7,1.0,2,0,0,2,281.0,4,2,4,5,3,4.0,10.0,8.7,5.9,4.5,1.9,0.5,1.0,1,0.0,0.0,0,1,0,3.8833333333333333,3,6.2,B.Sc,0,5,train
23,8.03,3.0,3.4,6.1,6.7,7.8,10.0,4,2,0,1,82.0,3,0,0,2,1,2.0,5.0,3.4,5.8,8.3,5.6,0.0,0.0,0,0.0,0.5,0,1,0,6.166666666666667,3,5.62,B.Sc,0,5,train
21,7.08,4.2,6.5,5.8,7.4,2.0,5.4,4,0,0,0,,2,1,1,6,6,2.0,9.0,5.6,5.6,6.2,9.6,0.5,0.5,1,0.0,0.0,0,0,1,5.216666666666666,6,7.2,MCA,1,1,train
21,8.27,7.8,6.6,4.1,6.8,6.0,6.2,2,0,0,2,37.0,5,3,3,3,2,4.0,5.7,5.5,7.3,4.9,5.3,0.6,0.6,1,0.0,0.0,0,1,0,6.25,2,5.74,B.Tech,0,5,train
20,5.71,6.5,3.6,7.8,6.5,5.4,6.7,0,0,0,1,105.0,1,0,0,5,2,5.0,5.8,5.9,1.6,7.8,4.8,0.0,0.0,0,0.0,0.0,0,1,0,6.083333333333333,2,5.18,B.Tech,0,5,train
22,8.61,4.3,4.9,5.4,5.9,6.3,8.8,4,1,1,1,337.0,2,0,2,5,0,3.0,2.4,7.7,7.7,7.1,3.2,0.0,1.0,0,1.0,0.25,1,1,0,5.933333333333334,3,5.619999999999999,MCA,0,5,train
25,7.02,6.3,4.4,3.5,4.4,3.5,3.4,2,0,0,1,352.0,4,1,3,4,2,1.0,9.0,5.3,2.5,8.8,5.9,0.25,0.75,1,0.0,0.0,0,1,0,4.25,2,6.3,B.Tech,0,5,train
24,6.71,6.2,4.4,6.9,4.4,2.2,7.5,1,1,0,1,384.0,5,1,2,6,0,2.0,1.8,6.4,5.5,5.8,6.9,0.2,0.4,1,0.0,1.0,0,1,0,5.266666666666667,1,5.279999999999999,B.Tech,0,5,train
22,5.24,5.0,4.1,5.2,5.8,6.4,6.7,3,3,0,3,348.0,4,1,2,5,1,0.0,5.9,6.5,4.4,7.7,6.4,0.25,0.5,1,0.0,1.0,0,1,0,5.533333333333334,4,6.18,B.Tech,1,2,train
25,8.51,5.9,8.3,3.0,4.9,0.4,4.4,6,1,0,1,29.0,1,0,0,5,2,2.0,5.1,5.7,6.0,6.1,6.4,0.0,0.0,0,0.0,0.16666666666666666,0,1,0,4.483333333333333,3,5.859999999999999,B.Tech,0,5,train
24,,6.3,9.1,7.7,9.0,6.0,2.0,1,1,1,2,277.0,4,0,1,4,0,2.0,7.5,5.9,4.7,6.9,9.0,0.0,0.25,0,1.0,1.0,1,1,0,6.683333333333333,3,6.8,MCA,1,0,train
24,7.71,4.9,6.7,8.2,9.5,4.1,3.1,4,0,0,2,76.0,2,0,2,6,2,2.0,5.1,6.5,5.0,4.0,7.1,0.0,1.0,0,0.0,0.0,0,1,0,6.083333333333333,2,5.540000000000001,B.Tech,1,2,train
22,7.02,9.8,8.2,7.0,5.2,5.7,1.2,5,0,0,4,324.0,1,0,0,5,2,2.0,3.0,7.3,5.9,5.1,7.4,0.0,0.0,0,0.0,0.0,0,1,0,6.183333333333334,2,5.74,M.Tech,1,1,train
23,7.11,4.4,6.3,5.8,7.9,5.2,9.0,4,0,0,4,91.0,3,1,3,7,1,2.0,4.2,5.8,7.2,2.4,7.3,0.3333333333333333,1.0,1,0.0,0.0,0,1,0,6.433333333333333,1,5.38,B.Tech,0,5,train
20,7.61,7.8,3.3,6.0,5.0,6.6,2.3,7,2,0,1,187.0,5,0,1,7,4,3.0,6.8,7.3,2.4,4.0,5.6,0.0,0.2,0,0.0,0.2857142857142857,0,1,0,5.166666666666667,6,5.220000000000001,B.Tech,0,5,train
20,8.82,6.9,5.5,7.3,5.1,1.9,4.7,4,0,0,1,463.0,2,1,1,4,4,1.0,3.1,7.2,5.3,4.1,6.0,0.5,0.5,1,0.0,0.0,0,1,0,5.2333333333333325,4,5.140000000000001,M.Tech,0,5,train
22,6.33,6.4,5.9,5.4,8.8,4.0,4.8,1,1,1,0,,1,0,0,7,1,6.0,3.2,7.8,7.4,8.5,7.4,0.0,0.0,0,1.0,1.0,1,0,1,5.883333333333334,4,6.859999999999999,B.Tech,1,3,train
22,7.21,5.0,3.9,7.1,2.0,5.8,4.8,5,1,0,1,444.0,4,1,3,1,0,3.0,4.9,7.7,8.5,9.0,7.0,0.25,0.75,1,0.0,0.2,0,1,0,4.766666666666667,1,7.42,MCA,0,5,train
21,7.31,6.6,5.1,9.5,0.7,3.3,8.0,6,3,1,3,166.0,4,1,2,6,2,2.0,6.7,5.1,3.6,8.7,8.1,0.25,0.5,1,0.3333333333333333,0.5,1,1,0,5.533333333333334,7,6.44,B.Tech,1,0,train
20,7.4,3.8,7.0,2.6,4.3,3.3,4.5,2,2,0,5,256.0,3,0,1,1,2,,5.7,7.0,2.2,5.7,3.2,0.0,0.3333333333333333,0,0.0,1.0,0,1,0,4.25,4,4.76,B.Tech,0,5,train
20,6.07,9.4,5.1,5.0,6.4,5.8,0.1,3,0,0,0,,2,0,0,6,3,5.0,5.8,3.2,3.8,8.2,5.6,0.0,0.0,0,0.0,0.0,0,0,1,5.3,3,5.32,M.Tech,0,5,train
24,6.8,5.3,2.7,0.8,6.7,3.4,5.4,4,2,0,1,368.0,9,1,3,8,4,5.0,2.8,6.9,2.2,,8.2,0.1111111111111111,0.3333333333333333,1,0.0,0.5,0,1,0,4.05,6,5.0249999999999995,B.Sc,1,3,train
24,7.64,7.3,4.1,4.7,5.9,7.0,9.6,5,0,0,1,141.0,3,0,1,0,3,3.0,5.1,4.8,2.7,8.0,5.9,0.0,0.3333333333333333,0,0.0,0.0,0,1,0,6.433333333333334,3,5.3,B.Tech,0,5,train
22,6.37,6.5,2.6,4.5,5.9,3.3,4.9,2,2,1,1,424.0,6,2,2,5,1,0.0,3.8,6.2,5.8,6.0,5.2,0.3333333333333333,0.3333333333333333,1,0.5,1.0,1,1,0,4.616666666666667,5,5.4,MCA,0,5,train
22,7.63,3.4,4.3,5.4,6.8,3.3,4.8,3,0,0,0,,0,0,0,3,1,0.0,6.8,5.9,4.7,2.1,7.2,0.0,0.0,0,0.0,0.0,0,0,1,4.666666666666667,1,5.34,BCA,0,5,train
20,8.28,5.0,1.6,3.8,6.6,3.0,1.1,5,1,1,1,371.0,5,1,2,4,2,5.0,5.3,5.4,4.0,7.2,6.0,0.2,0.4,1,1.0,0.2,1,1,0,3.516666666666667,5,5.58,B.Tech,0,5,train
20,9.93,9.5,2.1,6.7,4.7,5.5,4.5,5,2,1,2,198.0,3,1,2,3,1,3.0,3.7,6.0,5.1,10.0,8.1,0.3333333333333333,0.6666666666666666,1,0.5,0.4,1,1,0,5.5,5,6.58,BCA,1,2,train
21,8.22,4.4,7.3,5.9,3.0,8.0,7.0,2,1,0,2,376.0,4,0,1,4,3,2.0,5.2,5.2,6.0,5.6,8.2,0.0,0.25,0,0.0,0.5,0,1,0,5.933333333333334,4,6.04,B.Tech,1,3,train
20,6.7,5.8,8.1,3.6,4.4,5.6,4.1,2,1,0,1,458.0,3,1,1,3,5,0.0,3.9,5.1,7.4,5.2,10.0,0.3333333333333333,0.3333333333333333,1,0.0,0.5,0,1,0,5.266666666666667,6,6.319999999999999,M.Tech,1,4,train
23,7.72,4.8,5.9,5.5,4.7,2.9,6.3,1,1,1,3,249.0,5,1,1,2,0,0.0,3.6,6.4,7.2,6.5,6.7,0.2,0.2,1,1.0,1.0,1,1,0,5.016666666666667,3,6.08,M.Tech,0,5,train
24,7.22,4.7,6.9,0.8,3.6,3.0,8.0,4,0,0,0,,3,1,1,2,1,1.0,4.9,7.2,6.3,5.4,4.5,0.3333333333333333,0.3333333333333333,1,0.0,0.0,0,0,1,4.500000000000001,1,5.660000000000001,B.Tech,0,5,train
22,8.34,8.4,6.8,7.4,5.7,2.2,5.2,6,1,0,1,316.0,4,1,1,7,3,4.0,5.1,8.6,5.7,0.0,6.8,0.25,0.25,1,0.0,0.16666666666666666,0,1,0,5.95,4,5.24,B.Sc,1,1,train
22,7.8,5.4,6.5,3.8,5.1,4.1,4.3,3,2,2,2,363.0,5,0,0,4,3,3.0,6.6,7.0,6.6,4.6,5.8,0.0,0.0,0,1.0,0.6666666666666666,1,1,0,4.866666666666666,9,6.119999999999999,B.Tech,1,2,train
24,7.79,7.2,7.5,7.1,6.3,8.5,4.7,3,1,0,2,99.0,5,0,2,4,2,3.0,3.9,7.3,4.4,4.1,2.5,0.0,0.4,0,0.0,0.3333333333333333,0,1,0,6.883333333333333,3,4.4399999999999995,B.Tech,0,5,train
22,8.42,6.8,7.5,5.2,5.6,3.7,7.3,3,3,0,1,415.0,4,0,1,5,2,1.0,5.3,6.5,7.0,6.9,5.9,0.0,0.25,0,0.0,1.0,0,1,0,6.016666666666667,5,6.32,B.Tech,1,2,train
23,,5.0,1.5,1.8,4.2,4.8,6.4,8,2,1,2,190.0,4,0,1,4,0,3.0,6.8,8.5,5.2,6.7,0.2,0.0,0.25,0,0.5,0.25,1,1,0,3.9500000000000006,4,5.4799999999999995,B.Sc,0,5,train
20,7.96,7.1,5.9,8.8,6.2,3.8,0.5,4,2,0,0,,7,3,4,4,2,2.0,9.6,0.7,7.3,6.9,5.9,0.42857142857142855,0.5714285714285714,1,0.0,0.5,0,0,1,5.383333333333333,4,6.08,B.Tech,1,1,train
21,8.53,9.1,7.8,5.2,3.8,3.1,4.1,3,0,0,2,467.0,3,0,0,1,0,4.0,0.8,7.0,3.5,4.8,2.4,0.0,0.0,0,0.0,0.0,0,1,0,5.516666666666667,0,3.7,B.Tech,0,5,train
22,7.91,9.8,2.9,7.5,8.0,4.3,9.1,6,1,0,1,95.0,5,1,3,0,3,4.0,7.7,5.0,9.9,5.2,2.2,0.2,0.6,1,0.0,0.16666666666666666,0,1,0,6.933333333333334,4,6.0,B.Tech,1,4,train
23,8.73,7.2,9.2,4.9,5.8,1.9,2.4,2,2,1,2,452.0,5,0,4,2,2,1.0,6.2,7.6,2.5,8.1,5.2,0.0,0.8,0,0.5,1.0,1,1,0,5.2333333333333325,6,5.92,B.Tech,1,0,train
22,7.82,5.0,5.7,1.6,4.4,6.8,3.1,2,2,1,0,,6,1,1,8,0,2.0,5.1,3.3,3.4,9.8,4.7,0.16666666666666666,0.16666666666666666,1,0.5,1.0,1,0,1,4.433333333333334,4,5.26,B.Tech,0,5,train
23,7.65,6.4,6.5,8.7,7.6,0.0,3.4,0,0,0,1,138.0,0,0,0,3,3,1.0,6.3,5.7,5.0,5.7,6.5,0.0,0.0,0,0.0,0.0,0,1,0,5.433333333333334,3,5.84,B.Tech,0,5,train
25,7.08,5.6,9.6,6.6,4.5,7.8,6.5,7,1,0,2,223.0,3,0,2,3,1,,6.4,8.4,4.6,7.6,3.7,0.0,0.6666666666666666,0,0.0,0.14285714285714285,0,1,0,6.766666666666666,2,6.14,BCA,1,0,train
23,6.89,8.7,8.0,4.9,5.5,7.4,2.1,3,1,1,3,309.0,6,0,1,1,1,2.0,6.2,4.7,8.4,8.3,6.2,0.0,0.16666666666666666,0,1.0,0.3333333333333333,1,1,0,6.1000000000000005,4,6.760000000000001,B.Tech,1,1,train
23,8.19,3.3,1.4,5.3,8.0,4.2,5.5,2,2,0,1,110.0,3,0,1,4,2,5.0,4.1,9.5,6.1,5.1,4.0,0.0,0.3333333333333333,0,0.0,1.0,0,1,0,4.616666666666666,4,5.76,BCA,0,5,train
21,6.55,7.6,6.6,5.0,1.1,4.3,5.8,4,1,0,0,,7,0,3,1,2,1.0,5.7,10.0,4.2,4.3,6.2,0.0,0.42857142857142855,0,0.0,0.25,0,0,1,5.066666666666667,3,6.08,B.Tech,0,5,train
22,6.45,8.4,4.9,1.1,7.8,5.3,4.8,3,2,0,1,339.0,0,0,0,3,3,3.0,4.1,8.3,9.8,5.8,8.5,0.0,0.0,0,0.0,0.6666666666666666,0,1,0,5.383333333333333,5,7.3,MCA,1,3,train
20,5.85,5.0,5.0,3.4,4.5,6.1,4.1,0,0,0,3,423.0,4,0,1,5,2,1.0,4.6,5.9,3.9,5.0,6.3,0.0,0.25,0,0.0,0.0,0,1,0,4.683333333333334,2,5.14,B.Tech,0,5,train
22,7.64,6.5,4.8,6.5,5.3,4.4,7.0,3,0,0,1,451.0,3,1,1,7,2,1.0,3.2,7.3,7.8,6.0,3.0,0.3333333333333333,0.3333333333333333,1,0.0,0.0,0,1,0,5.75,2,5.46,B.Tech,1,4,train
25,7.61,4.1,6.4,2.9,8.2,7.0,3.5,3,2,1,2,24.0,3,0,1,6,0,3.0,6.8,7.4,3.7,4.1,3.5,0.0,0.3333333333333333,0,0.5,0.6666666666666666,1,1,0,5.3500000000000005,4,5.1,M.Tech,0,5,train
23,9.44,9.3,5.7,7.2,5.6,2.7,6.6,2,2,1,3,254.0,2,0,1,3,2,5.0,6.0,7.1,4.7,9.5,7.7,0.0,0.5,0,0.5,1.0,1,1,0,6.183333333333333,6,7.0,M.Tech,1,1,train
25,7.35,3.9,8.5,4.6,6.6,3.0,7.8,4,1,0,0,,3,2,2,5,1,1.0,10.0,7.2,5.8,6.3,4.9,0.6666666666666666,0.6666666666666666,1,0.0,0.25,0,0,1,5.733333333333333,2,6.840000000000001,B.Tech,0,5,train
24,8.44,8.9,9.0,6.2,6.4,7.6,0.3,2,0,0,3,14.0,1,0,0,0,1,4.0,5.5,,8.2,3.5,5.9,0.0,0.0,0,0.0,0.0,0,1,0,6.3999999999999995,1,5.775,M.Tech,0,5,train
23,6.73,9.1,2.5,5.1,4.7,7.0,6.8,4,0,0,0,,3,0,1,4,1,1.0,6.2,8.0,8.5,3.3,5.6,0.0,0.3333333333333333,0,0.0,0.0,0,0,1,5.866666666666666,1,6.32,M.Tech,0,5,train
23,7.85,5.6,5.3,7.2,7.1,4.3,5.2,4,4,2,1,396.0,1,0,1,5,2,5.0,4.0,4.9,5.9,7.6,8.0,0.0,1.0,0,0.5,1.0,1,1,0,5.783333333333332,10,6.08,B.Sc,1,2,train
25,7.7,6.8,5.5,4.6,5.6,3.2,7.6,2,2,1,3,366.0,2,0,1,9,3,2.0,3.4,4.9,6.2,6.7,5.5,0.0,0.5,0,0.5,1.0,1,1,0,5.55,7,5.34,B.Tech,1,4,train
22,6.49,4.3,3.9,3.3,4.9,5.1,8.1,5,2,1,0,,3,0,0,3,4,1.0,4.5,4.2,5.5,2.8,4.1,0.0,0.0,0,0.5,0.4,1,0,1,4.933333333333334,8,4.220000000000001,B.Tech,1,2,train
21,6.16,5.1,7.2,6.1,5.0,9.5,6.0,1,0,0,3,163.0,4,1,2,4,3,4.0,10.0,2.7,5.1,5.7,4.7,0.25,0.5,1,0.0,0.0,0,1,0,6.483333333333333,3,5.639999999999999,MCA,1,3,train
20,7.54,7.5,5.7,4.4,7.0,4.6,4.2,3,1,0,1,323.0,2,0,1,5,1,3.0,8.4,5.7,4.3,6.3,9.9,0.0,0.5,0,0.0,0.3333333333333333,0,1,0,5.566666666666667,2,6.92,B.Tech,1,1,train
22,7.42,6.3,4.2,5.4,5.0,8.3,4.4,3,1,1,4,188.0,3,1,2,3,2,3.0,4.7,7.8,5.2,3.2,7.0,0.3333333333333333,0.6666666666666666,1,1.0,0.3333333333333333,1,1,0,5.6000000000000005,5,5.58,B.Tech,1,0,train
22,8.11,4.7,7.4,6.1,4.4,4.6,5.9,7,2,0,1,384.0,5,0,1,5,2,2.0,6.5,7.5,10.0,10.0,7.5,0.0,0.2,0,0.0,0.2857142857142857,0,1,0,5.516666666666667,4,8.3,MCA,1,3,train
25,7.16,5.6,9.9,9.7,3.7,2.2,8.7,0,0,0,1,127.0,3,1,2,4,2,3.0,6.4,6.8,6.0,5.3,7.0,0.3333333333333333,0.6666666666666666,1,0.0,0.0,0,1,0,6.633333333333333,2,6.3,M.Tech,0,5,train
25,6.05,4.7,3.2,5.2,4.6,4.9,7.4,3,2,1,0,,3,0,1,2,4,3.0,7.1,5.8,6.5,4.5,4.0,0.0,0.3333333333333333,0,0.5,0.6666666666666666,1,0,1,5.0,8,5.58,MCA,1,2,train
20,,8.2,6.6,6.7,3.2,5.7,6.5,1,0,0,4,432.0,2,0,0,4,2,3.0,6.2,8.5,4.1,3.9,5.7,0.0,0.0,0,0.0,0.0,0,1,0,6.1499999999999995,2,5.679999999999999,BCA,1,4,train
20,7.12,3.4,5.2,5.6,6.0,5.8,6.4,3,3,0,0,,5,0,3,3,3,5.0,6.1,7.8,3.8,6.8,9.4,0.0,0.6,0,0.0,1.0,0,0,1,5.3999999999999995,6,6.779999999999999,B.Tech,1,3,train
22,6.77,4.9,6.1,4.0,3.7,0.5,2.5,2,2,0,3,95.0,5,0,3,2,1,2.0,6.7,8.0,6.0,4.4,3.1,0.0,0.6,0,0.0,1.0,0,1,0,3.6166666666666667,3,5.640000000000001,B.Tech,0,5,train
23,7.9,7.2,5.9,3.5,5.7,6.0,5.5,2,1,0,2,362.0,0,0,0,9,2,1.0,7.3,7.2,5.5,5.6,6.8,0.0,0.0,0,0.0,0.5,0,1,0,5.633333333333333,3,6.4799999999999995,B.Tech,1,3,train
24,8.11,9.0,8.0,2.6,8.6,3.8,1.1,2,2,1,2,239.0,4,0,1,5,0,1.0,3.5,5.1,4.4,7.2,8.8,0.0,0.25,0,0.5,1.0,1,1,0,5.516666666666667,4,5.8,B.Tech,0,5,train
22,7.0,4.7,4.9,4.5,4.2,3.3,8.2,4,1,0,3,255.0,2,2,2,2,2,2.0,9.6,5.0,3.9,6.6,6.5,1.0,1.0,1,0.0,0.25,0,1,0,4.966666666666667,3,6.32,B.Sc,0,5,train
21,8.98,6.2,6.2,2.4,4.6,0.0,7.1,1,1,0,0,,2,0,1,5,1,3.0,2.6,7.3,6.6,6.8,4.4,0.0,0.5,0,0.0,1.0,0,0,1,4.416666666666667,2,5.540000000000001,B.Tech,0,5,train
23,6.57,3.7,6.6,5.9,6.5,4.3,3.8,2,1,0,2,66.0,3,0,1,5,3,3.0,7.4,5.0,4.1,6.5,7.3,0.0,0.3333333333333333,0,0.0,0.5,0,1,0,5.133333333333334,4,6.0600000000000005,B.Tech,1,2,train
20,6.94,5.5,7.9,5.5,8.5,0.0,1.0,4,1,1,3,248.0,5,1,2,5,4,4.0,6.4,6.3,4.1,9.7,5.0,0.2,0.4,1,1.0,0.25,1,1,0,4.733333333333333,7,6.299999999999999,B.Tech,1,2,train
23,8.26,5.3,3.8,9.1,3.8,1.3,4.4,3,0,0,4,123.0,5,1,3,5,0,4.0,7.7,5.3,5.9,3.7,6.4,0.2,0.6,1,0.0,0.0,0,1,0,4.616666666666667,0,5.8,B.Tech,0,5,train
23,9.04,5.4,4.3,4.3,3.5,6.8,2.4,0,0,0,0,,0,0,0,3,1,4.0,7.1,3.4,7.0,7.9,5.6,0.0,0.0,0,0.0,0.0,0,0,1,4.45,1,6.2,B.Sc,0,5,train
21,7.46,8.7,4.2,4.9,7.6,5.7,5.2,4,1,1,5,341.0,5,0,2,3,3,,5.7,6.0,6.0,,6.5,0.0,0.4,0,1.0,0.25,1,1,0,6.05,6,6.05,B.Tech,1,2,train
25,10.0,6.4,6.8,9.1,3.3,4.4,2.5,4,1,0,0,,0,0,0,0,2,4.0,5.5,4.5,7.5,3.4,4.5,0.0,0.0,0,0.0,0.25,0,0,1,5.416666666666667,3,5.08,B.Sc,1,0,train
22,6.36,6.6,8.7,7.3,6.5,5.4,4.9,1,1,1,1,374.0,2,1,1,4,3,3.0,5.3,6.9,4.4,6.8,5.9,0.5,0.5,1,1.0,1.0,1,1,0,6.566666666666666,6,5.860000000000001,B.Tech,1,0,train
22,7.5,5.3,6.8,6.3,8.8,1.7,4.7,2,1,1,1,359.0,3,1,2,3,3,2.0,5.9,6.2,9.2,5.8,5.2,0.3333333333333333,0.6666666666666666,1,1.0,0.5,1,1,0,5.6000000000000005,6,6.460000000000001,B.Tech,1,2,train
21,8.03,9.0,4.9,2.7,7.5,6.2,1.2,4,0,0,1,31.0,2,0,0,4,3,4.0,4.5,5.2,2.3,8.2,6.6,0.0,0.0,0,0.0,0.0,0,1,0,5.25,3,5.359999999999999,B.Tech,0,5,train
21,6.04,9.3,2.5,1.3,3.8,9.0,3.9,2,1,1,1,312.0,4,0,0,2,2,0.0,5.2,6.3,9.6,6.9,7.4,0.0,0.0,0,1.0,0.5,1,1,0,4.966666666666667,5,7.08,B.Tech,1,3,train
20,8.42,5.2,5.9,3.5,5.4,4.1,8.1,3,1,0,2,2.0,4,1,3,4,2,3.0,5.0,9.7,5.9,4.7,6.3,0.25,0.75,1,0.0,0.3333333333333333,0,1,0,5.366666666666667,3,6.32,B.Tech,0,5,train
25,5.87,9.5,5.3,4.8,9.1,7.3,6.8,4,2,1,2,431.0,2,1,1,1,1,1.0,4.1,7.1,5.4,6.8,5.4,0.5,0.5,1,0.5,0.5,1,1,0,7.133333333333333,5,5.760000000000001,M.Tech,1,3,train
24,8.04,4.8,4.8,8.1,9.7,4.1,9.4,5,0,0,0,,3,0,0,4,3,1.0,6.3,9.5,4.9,6.3,5.5,0.0,0.0,0,0.0,0.0,0,0,1,6.816666666666666,3,6.5,B.Tech,1,1,train
22,6.76,6.9,7.4,4.2,5.5,4.1,1.9,3,0,0,3,479.0,3,1,1,7,1,3.0,8.3,1.6,6.0,8.7,4.0,0.3333333333333333,0.3333333333333333,1,0.0,0.0,0,1,0,5.0,1,5.720000000000001,B.Tech,0,5,train
24,6.72,4.5,4.7,7.0,6.1,1.7,9.5,1,0,0,1,235.0,3,1,1,4,2,2.0,5.5,7.1,4.4,4.9,4.3,0.3333333333333333,0.3333333333333333,1,0.0,0.0,0,1,0,5.583333333333333,2,5.24,B.Tech,0,5,train
25,7.46,5.3,0.0,7.4,6.9,3.6,3.0,0,0,0,2,31.0,7,2,3,2,4,5.0,2.8,10.0,7.7,5.8,8.7,0.2857142857142857,0.42857142857142855,1,0.0,0.0,0,1,0,4.366666666666667,4,7.0,B.Tech,0,5,train
22,7.58,5.2,5.7,6.9,4.4,5.6,3.8,1,1,1,0,,2,0,0,2,0,4.0,3.6,6.5,5.6,5.0,10.0,0.0,0.0,0,1.0,1.0,1,0,1,5.2666666666666675,3,6.14,M.Tech,0,5,train
24,8.63,6.6,4.0,8.9,6.1,4.2,4.2,0,0,0,3,462.0,1,0,0,4,1,3.0,5.7,7.2,0.0,7.0,7.3,0.0,0.0,0,0.0,0.0,0,1,0,5.666666666666667,1,5.4399999999999995,B.Sc,0,5,train
21,8.51,5.1,9.8,5.9,4.0,5.5,5.1,4,1,0,0,,2,0,0,6,3,3.0,6.5,6.2,6.0,4.0,5.4,0.0,0.0,0,0.0,0.25,0,0,1,5.8999999999999995,4,5.62,MCA,1,0,train
20,8.4,7.8,7.4,7.8,4.8,1.5,6.6,3,1,1,3,153.0,6,2,3,5,2,2.0,7.2,10.0,6.9,8.2,5.1,0.3333333333333333,0.5,1,1.0,0.3333333333333333,1,1,0,5.983333333333333,5,7.4799999999999995,B.Tech,1,4,train
24,7.95,8.8,7.5,8.1,7.0,8.5,6.0,3,2,0,3,277.0,1,0,1,4,0,0.0,4.5,7.7,5.1,2.3,8.7,0.0,1.0,0,0.0,0.6666666666666666,0,1,0,7.6499999999999995,2,5.659999999999999,B.Tech,1,1,train
20,8.23,6.1,6.6,10.0,7.1,2.6,3.8,3,1,1,1,89.0,5,1,1,6,1,8.0,3.7,4.8,5.4,7.5,5.6,0.2,0.2,1,1.0,0.3333333333333333,1,1,0,6.033333333333332,4,5.4,MCA,1,0,train
23,7.17,4.6,5.8,4.4,2.1,3.5,5.2,3,1,1,2,355.0,3,1,2,4,3,3.0,5.1,7.3,2.1,7.6,6.8,0.3333333333333333,0.6666666666666666,1,1.0,0.3333333333333333,1,1,0,4.266666666666667,6,5.779999999999999,BCA,1,2,train
25,6.57,3.7,3.9,7.5,6.8,3.0,6.0,4,1,0,2,220.0,3,0,0,6,1,2.0,1.9,7.2,5.9,4.7,4.0,0.0,0.0,0,0.0,0.25,0,1,0,5.1499999999999995,2,4.74,B.Tech,0,5,train
20,7.55,7.0,5.4,6.9,7.2,1.4,5.2,1,1,0,1,22.0,6,2,3,2,4,6.0,3.8,6.6,7.2,6.9,5.0,0.3333333333333333,0.5,1,0.0,1.0,0,1,0,5.516666666666667,5,5.9,MCA,1,4,train
20,7.85,5.3,8.8,6.7,7.9,4.0,4.7,2,1,0,0,,3,1,1,6,1,3.0,5.0,,6.9,3.7,8.5,0.3333333333333333,0.3333333333333333,1,0.0,0.5,0,0,1,6.233333333333334,2,6.025,B.Sc,0,5,train
22,7.43,8.5,4.9,8.9,5.4,0.4,4.5,2,0,0,0,,2,1,2,3,2,2.0,5.0,,5.2,8.6,4.6,0.5,1.0,1,0.0,0.0,0,0,1,5.433333333333334,2,5.85,B.Tech,0,5,train
24,6.85,5.3,7.2,7.6,3.2,5.7,2.8,5,1,1,1,474.0,2,0,1,2,4,2.0,4.5,5.6,1.6,10.0,6.7,0.0,0.5,0,1.0,0.2,1,1,0,5.3,7,5.68,B.Tech,1,0,train
20,8.92,7.2,3.3,4.2,4.7,1.4,5.0,4,1,0,1,29.0,2,0,0,1,0,3.0,5.5,4.0,6.2,2.1,6.4,0.0,0.0,0,0.0,0.25,0,1,0,4.3,1,4.840000000000001,MCA,0,5,train
21,9.84,3.8,7.5,5.4,6.7,6.2,2.5,1,1,0,2,475.0,3,1,1,4,5,3.0,6.7,6.6,4.2,,4.2,0.3333333333333333,0.3333333333333333,1,0.0,1.0,0,1,0,5.3500000000000005,6,5.425,M.Tech,0,5,train
20,7.11,6.4,4.9,3.5,5.4,7.3,1.6,2,0,0,1,461.0,2,0,0,2,2,0.0,8.5,8.7,7.3,5.6,2.8,0.0,0.0,0,0.0,0.0,0,1,0,4.8500000000000005,2,6.58,M.Tech,1,3,train
23,7.35,6.4,5.8,6.8,7.3,4.4,7.6,3,0,0,2,171.0,2,0,1,2,0,3.0,7.0,6.9,7.6,3.6,6.5,0.0,0.5,0,0.0,0.0,0,1,0,6.383333333333334,0,6.32,M.Tech,0,5,train
20,5.78,6.5,5.4,7.7,3.7,5.3,7.7,3,1,0,2,114.0,1,0,0,2,2,5.0,8.7,8.1,4.2,5.7,4.0,0.0,0.0,0,0.0,0.3333333333333333,0,1,0,6.050000000000001,3,6.139999999999999,B.Tech,1,4,train
22,6.1,8.9,5.3,4.3,5.2,1.6,4.4,1,0,0,2,339.0,4,1,1,5,2,1.0,5.2,6.3,7.2,6.2,8.2,0.25,0.25,1,0.0,0.0,0,1,0,4.95,2,6.619999999999999,B.Tech,1,1,train
22,6.96,9.9,4.5,3.4,4.4,3.3,6.9,0,0,0,1,137.0,1,0,1,2,0,4.0,1.2,6.4,7.2,7.1,4.4,0.0,1.0,0,0.0,0.0,0,1,0,5.400000000000001,0,5.26,B.Tech,0,5,train
23,7.47,8.8,6.1,3.7,9.4,3.3,4.2,3,0,0,2,215.0,3,0,2,4,1,0.0,8.0,8.0,5.1,6.6,6.6,0.0,0.6666666666666666,0,0.0,0.0,0,1,0,5.916666666666667,1,6.860000000000001,M.Tech,1,1,train
24,7.59,5.4,6.3,9.6,4.9,5.4,7.0,2,0,0,4,464.0,1,0,1,5,3,4.0,2.2,7.1,6.4,3.4,2.4,0.0,1.0,0,0.0,0.0,0,1,0,6.433333333333333,3,4.3,M.Tech,0,5,train
21,8.24,6.0,3.3,7.9,4.0,3.4,1.7,1,1,1,0,,3,0,0,5,3,3.0,2.9,6.5,2.4,6.4,4.4,0.0,0.0,0,1.0,1.0,1,0,1,4.383333333333334,6,4.5200000000000005,B.Tech,0,5,train
21,8.37,7.6,4.7,5.1,5.0,1.9,6.2,2,0,0,0,,3,0,2,4,3,3.0,1.7,8.1,2.4,7.8,6.7,0.0,0.6666666666666666,0,0.0,0.0,0,0,1,5.083333333333333,3,5.34,B.Tech,0,5,train
21,7.23,4.9,6.8,9.0,4.1,9.2,2.9,3,1,1,2,177.0,3,0,0,3,5,1.0,3.3,5.3,1.4,5.5,6.5,0.0,0.0,0,1.0,0.3333333333333333,1,1,0,6.1499999999999995,8,4.4,B.Sc,0,5,train
21,8.0,7.1,10.0,2.0,5.6,5.9,4.7,8,2,2,0,,2,0,0,4,1,2.0,6.8,9.9,7.1,2.9,8.4,0.0,0.0,0,1.0,0.25,1,0,1,5.883333333333334,7,7.019999999999999,B.Tech,1,2,train
25,8.24,5.4,7.8,3.6,8.3,3.4,4.3,0,0,0,4,120.0,3,0,0,4,4,1.0,3.8,4.1,3.8,6.7,9.6,0.0,0.0,0,0.0,0.0,0,1,0,5.466666666666666,4,5.6,B.Sc,1,3,train
21,8.42,8.7,4.9,5.0,5.3,4.5,2.3,1,1,1,1,157.0,2,1,1,5,2,1.0,2.3,7.6,6.8,5.4,5.3,0.5,0.5,1,1.0,1.0,1,1,0,5.116666666666667,5,5.48,B.Tech,1,2,train
22,7.87,9.6,6.2,4.4,2.4,2.9,2.2,4,2,1,5,113.0,0,0,0,7,1,0.0,7.2,3.5,7.7,6.1,4.6,0.0,0.0,0,0.5,0.5,1,1,0,4.616666666666666,5,5.82,B.Tech,0,5,train
25,8.14,10.0,5.3,7.9,3.4,3.2,3.5,1,1,1,1,471.0,3,0,0,5,2,3.0,4.0,5.5,6.1,4.5,7.8,0.0,0.0,0,1.0,1.0,1,1,0,5.55,5,5.58,BCA,0,5,train
25,7.53,4.6,5.2,7.7,5.9,3.3,7.1,2,1,0,2,93.0,3,1,3,4,1,7.0,4.2,6.5,4.6,4.3,4.3,0.3333333333333333,1.0,1,0.0,0.5,0,1,0,5.633333333333333,2,4.779999999999999,B.Tech,0,5,train
24,8.25,5.9,7.6,7.0,4.7,4.3,6.4,1,1,1,2,97.0,5,0,0,5,3,1.0,4.9,7.6,3.0,9.7,6.8,0.0,0.0,0,1.0,1.0,1,1,0,5.983333333333333,6,6.4,B.Tech,1,0,train
25,6.67,4.2,6.4,5.2,4.9,4.1,6.5,4,1,1,6,292.0,5,0,2,6,1,6.0,4.8,4.3,4.1,,9.0,0.0,0.4,0,1.0,0.25,1,1,0,5.216666666666668,4,5.55,B.Sc,0,5,train
21,6.79,4.7,7.5,5.1,7.3,8.4,6.6,2,1,1,0,,4,0,0,6,1,1.0,7.0,6.5,2.9,,5.2,0.0,0.0,0,1.0,0.5,1,0,1,6.6000000000000005,4,5.3999999999999995,B.Sc,1,3,train
23,7.58,6.0,8.6,6.0,7.2,1.5,7.6,2,0,0,0,,5,0,0,1,2,2.0,7.3,9.1,6.0,5.9,3.2,0.0,0.0,0,0.0,0.0,0,0,1,6.1499999999999995,2,6.299999999999999,B.Tech,1,4,train
23,7.63,6.7,10.0,3.0,5.1,1.4,2.0,3,2,0,0,,4,1,2,5,2,5.0,6.7,9.3,7.8,7.6,6.3,0.25,0.5,1,0.0,0.6666666666666666,0,0,1,4.699999999999999,4,7.539999999999999,MCA,1,0,train
24,8.51,7.8,3.8,3.9,7.1,3.2,0.4,3,1,0,2,322.0,3,0,1,6,0,6.0,6.4,5.0,3.9,6.7,9.4,0.0,0.3333333333333333,0,0.0,0.3333333333333333,0,1,0,4.366666666666666,1,6.279999999999999,B.Tech,1,2,train
25,8.78,6.9,7.6,3.2,4.9,7.5,4.9,4,1,1,2,217.0,4,0,0,1,1,4.0,7.4,7.2,5.9,5.1,5.1,0.0,0.0,0,1.0,0.25,1,1,0,5.833333333333333,4,6.140000000000001,M.Tech,0,5,train
20,6.85,3.9,6.9,6.5,6.1,1.7,4.0,1,1,0,3,321.0,3,0,1,2,2,2.0,7.1,5.5,4.2,6.3,7.4,0.0,0.3333333333333333,0,0.0,1.0,0,1,0,4.85,3,6.1,BCA,0,5,train
20,6.25,6.6,7.6,5.5,1.5,5.4,2.5,2,2,2,4,377.0,3,0,0,2,3,2.0,1.3,5.7,6.5,8.6,7.5,0.0,0.0,0,1.0,1.0,1,1,0,4.8500000000000005,9,5.92,B.Tech,1,0,train
24,6.95,3.7,6.6,6.4,3.4,4.4,6.1,4,1,1,5,360.0,5,0,2,4,2,1.0,6.3,4.6,7.2,6.5,5.3,0.0,0.4,0,1.0,0.25,1,1,0,5.1000000000000005,5,5.9799999999999995,MCA,1,3,train
20,6.68,6.3,1.3,7.5,7.1,4.6,2.9,4,1,1,3,265.0,2,1,1,1,0,3.0,5.6,6.2,3.6,5.5,9.9,0.5,0.5,1,1.0,0.25,1,1,0,4.949999999999999,3,6.159999999999999,BCA,1,3,train
21,5.79,5.2,6.1,6.9,3.6,7.7,4.3,2,1,0,2,38.0,3,0,2,1,0,2.0,6.9,5.6,4.3,5.9,1.9,0.0,0.6666666666666666,0,0.0,0.5,0,1,0,5.633333333333334,1,4.92,M.Tech,0,5,train
22,6.92,7.1,4.1,6.7,1.7,5.2,6.8,7,0,0,1,90.0,3,0,0,4,0,4.0,5.4,7.0,6.2,3.1,3.8,0.0,0.0,0,0.0,0.0,0,1,0,5.266666666666667,0,5.1000000000000005,MCA,0,5,train
21,7.54,7.9,9.4,7.4,5.0,4.9,0.8,2,2,0,0,,4,0,0,2,0,3.0,1.7,7.3,6.8,7.0,6.1,0.0,0.0,0,0.0,1.0,0,0,1,5.8999999999999995,2,5.779999999999999,B.Tech,0,5,train
24,8.1,6.4,2.1,3.4,3.6,0.8,6.0,1,1,1,2,118.0,2,1,1,3,2,3.0,4.9,4.9,5.1,7.7,7.6,0.5,0.5,1,1.0,1.0,1,1,0,3.716666666666667,5,6.040000000000001,B.Tech,1,4,train
21,7.64,7.2,4.7,7.4,8.4,5.8,3.3,1,1,0,3,87.0,1,0,0,5,1,3.0,2.7,7.2,7.4,3.7,3.1,0.0,0.0,0,0.0,1.0,0,1,0,6.133333333333333,2,4.82,B.Tech,0,5,train
23,8.89,6.8,4.8,1.8,2.9,8.4,6.3,2,2,1,2,492.0,4,2,3,7,2,3.0,6.1,4.5,6.5,8.3,1.8,0.5,0.75,1,0.5,1.0,1,1,0,5.166666666666667,6,5.44,MCA,0,5,train
21,8.17,7.5,2.3,10.0,6.7,1.4,4.0,0,0,0,2,209.0,1,0,1,2,1,4.0,4.9,2.7,8.2,9.7,7.6,0.0,1.0,0,0.0,0.0,0,1,0,5.316666666666666,1,6.62,B.Tech,0,5,train
24,8.23,6.0,5.4,7.9,5.4,0.5,3.8,2,2,0,4,473.0,2,0,1,6,1,3.0,6.5,6.8,5.4,4.3,3.6,0.0,0.5,0,0.0,1.0,0,1,0,4.833333333333334,3,5.320000000000001,B.Tech,1,0,train
21,6.7,6.3,6.3,7.3,6.3,1.9,5.9,3,3,1,4,245.0,4,0,1,6,1,3.0,9.4,8.6,5.4,6.7,7.2,0.0,0.25,0,0.3333333333333333,1.0,1,1,0,5.666666666666667,6,7.459999999999999,M.Tech,1,2,train
25,7.66,7.6,7.3,3.5,7.2,6.9,3.1,4,1,1,0,,3,0,1,5,1,5.0,3.9,8.6,7.0,5.6,6.8,0.0,0.3333333333333333,0,1.0,0.25,1,0,1,5.933333333333334,4,6.380000000000001,B.Tech,0,5,train
21,7.16,3.1,9.4,8.2,6.0,1.7,5.3,1,0,0,2,320.0,3,0,0,1,1,1.0,8.5,4.5,6.9,4.8,3.9,0.0,0.0,0,0.0,0.0,0,1,0,5.616666666666666,1,5.72,B.Tech,0,5,train
21,9.49,5.7,3.3,4.8,8.8,5.0,2.7,1,1,1,4,160.0,1,0,0,3,0,2.0,6.2,6.3,4.3,6.6,5.7,0.0,0.0,0,1.0,1.0,1,1,0,5.05,3,5.819999999999999,B.Tech,0,5,train
23,6.35,6.2,1.7,5.8,3.1,4.3,6.1,1,1,1,2,199.0,3,0,0,5,1,4.0,4.6,8.1,3.1,4.6,5.9,0.0,0.0,0,1.0,1.0,1,1,0,4.533333333333334,4,5.26,B.Tech,0,5,train
21,5.83,8.6,6.5,7.0,2.3,4.7,6.2,3,3,0,3,232.0,1,0,1,8,4,0.0,3.6,6.8,3.6,4.7,7.5,0.0,1.0,0,0.0,1.0,0,1,0,5.883333333333334,7,5.24,MCA,0,5,train
20,7.65,3.7,6.4,6.7,4.3,2.8,5.4,1,1,0,2,389.0,3,1,1,2,1,3.0,4.8,8.8,5.5,9.6,4.7,0.3333333333333333,0.3333333333333333,1,0.0,1.0,0,1,0,4.883333333333334,2,6.6800000000000015,MCA,0,5,train
20,8.66,6.7,5.0,6.6,5.0,5.8,3.7,2,0,0,1,314.0,3,0,1,3,3,0.0,4.3,4.8,5.8,4.5,5.5,0.0,0.3333333333333333,0,0.0,0.0,0,1,0,5.466666666666666,3,4.9799999999999995,B.Tech,0,5,train
25,7.68,4.9,4.4,4.1,3.6,1.5,3.7,3,1,1,7,302.0,3,0,1,2,2,3.0,4.2,8.2,7.1,6.5,5.6,0.0,0.3333333333333333,0,1.0,0.3333333333333333,1,1,0,3.6999999999999997,5,6.32,B.Tech,0,5,train
21,9.2,6.3,3.0,4.9,8.4,7.9,3.8,2,1,1,1,74.0,2,1,2,3,2,3.0,6.9,10.0,4.5,4.9,6.1,0.5,1.0,1,1.0,0.5,1,1,0,5.716666666666666,5,6.4799999999999995,B.Tech,1,3,train
22,7.11,7.4,6.2,2.8,7.1,3.4,1.3,2,1,1,1,495.0,4,0,2,4,2,4.0,5.2,5.1,6.1,8.3,5.2,0.0,0.5,0,1.0,0.5,1,1,0,4.7,5,5.9799999999999995,M.Tech,1,2,train
21,7.59,5.5,6.4,6.8,5.6,1.6,2.5,1,1,1,0,,3,1,1,5,0,3.0,5.0,1.7,5.2,7.3,3.2,0.3333333333333333,0.3333333333333333,1,1.0,1.0,1,0,1,4.733333333333333,3,4.4799999999999995,M.Tech,0,5,train
22,8.04,7.9,4.4,3.3,3.1,6.9,3.3,1,1,0,0,,3,0,0,2,2,2.0,4.7,,7.1,5.3,5.9,0.0,0.0,0,0.0,1.0,0,0,1,4.816666666666667,3,5.75,B.Tech,0,5,train
22,7.3,7.0,7.6,10.0,4.5,3.5,6.5,1,1,1,3,64.0,6,1,3,3,3,2.0,7.8,7.3,2.5,,3.8,0.16666666666666666,0.5,1,1.0,1.0,1,1,0,6.516666666666667,6,5.3500000000000005,MCA,1,0,train
23,7.94,7.1,7.7,6.5,4.5,2.4,6.0,5,1,0,3,402.0,7,0,1,5,1,4.0,7.4,6.0,1.9,6.4,8.7,0.0,0.14285714285714285,0,0.0,0.2,0,1,0,5.7,2,6.08,B.Tech,1,0,train
25,7.06,7.3,5.0,2.3,5.1,7.3,4.6,1,1,0,2,410.0,4,0,2,3,3,1.0,6.5,5.5,3.3,6.5,2.8,0.0,0.5,0,0.0,1.0,0,1,0,5.266666666666667,4,4.92,B.Sc,0,5,train
24,7.93,7.6,4.0,5.7,6.9,3.0,3.5,3,1,1,0,,4,0,1,2,2,3.0,4.7,6.8,6.8,6.8,5.6,0.0,0.25,0,1.0,0.3333333333333333,1,0,1,5.116666666666667,5,6.140000000000001,MCA,0,5,train
22,8.12,4.1,5.7,8.6,5.5,2.0,5.8,0,0,0,1,59.0,5,1,2,2,1,3.0,4.0,7.8,2.7,5.5,5.2,0.2,0.4,1,0.0,0.0,0,1,0,5.283333333333333,1,5.04,B.Tech,0,5,train
23,6.45,4.6,3.9,8.4,5.2,6.0,1.6,3,2,1,3,187.0,6,1,3,4,0,3.0,7.9,5.0,3.8,3.7,6.3,0.16666666666666666,0.5,1,0.5,0.6666666666666666,1,1,0,4.95,4,5.34,MCA,1,0,train
22,8.34,6.8,4.8,4.2,4.3,0.0,5.0,6,4,1,2,431.0,2,0,0,2,5,3.0,2.9,8.3,4.2,5.7,5.2,0.0,0.0,0,0.25,0.6666666666666666,1,1,0,4.183333333333334,11,5.26,M.Tech,1,2,train
22,7.79,7.5,3.1,7.1,2.9,5.2,5.0,3,2,0,2,381.0,2,0,0,3,2,3.0,4.6,5.5,2.1,5.7,4.7,0.0,0.0,0,0.0,0.6666666666666666,0,1,0,5.133333333333333,4,4.52,B.Tech,0,5,train
24,7.4,5.4,4.1,3.9,5.6,5.0,8.3,2,2,0,2,232.0,1,0,1,6,2,5.0,5.8,8.4,8.1,8.6,5.4,0.0,1.0,0,0.0,1.0,0,1,0,5.383333333333333,4,7.26,B.Tech,1,2,train
24,8.92,5.1,5.0,6.9,3.5,6.0,6.5,6,0,0,2,22.0,4,2,3,5,0,6.0,5.9,3.6,6.8,1.8,6.7,0.5,0.75,1,0.0,0.0,0,1,0,5.5,0,4.96,MCA,0,5,train
24,8.02,10.0,6.5,5.6,6.1,7.9,5.3,2,2,0,0,,4,0,1,2,2,3.0,5.7,,6.5,6.0,6.0,0.0,0.25,0,0.0,1.0,0,0,1,6.8999999999999995,4,6.05,MCA,1,1,train
22,6.65,8.6,6.1,6.6,6.0,2.5,2.3,3,1,1,3,221.0,3,1,2,6,3,1.0,5.4,5.2,2.9,6.4,7.8,0.3333333333333333,0.6666666666666666,1,1.0,0.3333333333333333,1,1,0,5.349999999999999,6,5.540000000000001,B.Tech,1,1,train
25,7.22,3.5,8.6,4.5,8.4,3.4,1.4,2,2,0,1,71.0,2,0,0,1,1,1.0,3.8,5.0,6.6,4.2,4.7,0.0,0.0,0,0.0,1.0,0,1,0,4.966666666666666,3,4.86,B.Sc,0,5,train
24,,7.8,8.0,3.9,4.6,1.6,2.8,0,0,0,2,115.0,6,1,1,6,1,1.0,8.1,6.2,5.8,4.0,7.2,0.16666666666666666,0.16666666666666666,1,0.0,0.0,0,1,0,4.783333333333333,1,6.26,B.Tech,0,5,train
21,7.58,7.1,8.2,6.8,5.2,5.2,0.0,3,1,0,0,,5,0,2,1,4,2.0,6.9,8.1,5.0,7.5,8.4,0.0,0.4,0,0.0,0.3333333333333333,0,0,1,5.416666666666667,5,7.18,B.Sc,1,0,train
22,7.52,8.8,5.2,5.7,3.5,0.1,2.0,2,1,1,1,328.0,2,0,0,4,2,1.0,4.2,6.7,4.4,3.8,5.0,0.0,0.0,0,1.0,0.5,1,1,0,4.216666666666667,5,4.82,B.Tech,0,5,train
21,7.58,4.1,5.8,3.2,10.0,4.3,8.5,4,1,0,2,145.0,5,1,3,9,0,4.0,1.6,5.2,6.3,3.3,5.1,0.2,0.6,1,0.0,0.25,0,1,0,5.983333333333333,1,4.3,MCA,1,3,train
24,7.86,5.6,9.8,5.0,4.3,2.7,5.3,2,0,0,1,289.0,0,0,0,4,4,2.0,5.4,6.0,8.5,5.9,5.0,0.0,0.0,0,0.0,0.0,0,1,0,5.449999999999999,4,6.159999999999999,MCA,0,5,train
20,8.19,3.0,3.6,4.8,5.4,5.5,6.4,2,2,1,1,32.0,3,0,1,3,2,2.0,2.8,3.5,7.6,5.0,6.3,0.0,0.3333333333333333,0,0.5,1.0,1,1,0,4.783333333333332,6,5.04,B.Sc,0,5,train
25,6.92,6.7,10.0,6.4,4.2,6.3,6.6,2,2,0,0,,1,0,0,0,3,,8.2,5.3,3.8,5.3,6.3,0.0,0.0,0,0.0,1.0,0,0,1,6.7,5,5.78,B.Tech,1,0,train
21,7.09,6.9,7.4,5.5,3.0,4.6,4.4,1,0,0,2,274.0,3,1,1,5,2,4.0,6.2,5.5,8.8,5.2,6.0,0.3333333333333333,0.3333333333333333,1,0.0,0.0,0,1,0,5.3,2,6.34,B.Tech,0,5,train
23,6.77,6.8,5.5,5.5,5.4,3.3,1.9,1,1,1,1,141.0,2,1,2,4,2,2.0,5.4,8.1,6.0,4.2,5.3,0.5,1.0,1,1.0,1.0,1,1,0,4.733333333333333,5,5.8,B.Tech,0,5,train
20,5.9,7.3,6.0,6.6,4.2,4.5,2.6,6,4,1,2,266.0,1,1,1,2,2,2.0,2.1,5.5,5.1,5.7,3.8,1.0,1.0,1,0.25,0.6666666666666666,1,1,0,5.2,8,4.4399999999999995,B.Tech,1,2,train
23,7.45,5.5,6.1,6.6,6.3,7.4,3.2,5,3,0,0,,3,1,2,5,2,5.0,6.1,5.7,5.5,2.9,8.3,0.3333333333333333,0.6666666666666666,1,0.0,0.6,0,0,1,5.8500000000000005,5,5.7,B.Sc,0,5,train
23,7.06,9.5,7.0,5.0,5.5,5.6,7.1,1,1,1,3,271.0,6,1,5,1,1,1.0,3.8,6.3,6.3,4.8,8.7,0.16666666666666666,0.8333333333333334,1,1.0,1.0,1,1,0,6.616666666666667,4,5.9799999999999995,M.Tech,1,4,train
20,5.0,4.6,5.0,4.8,4.2,5.8,7.7,1,0,0,1,211.0,3,0,1,2,4,4.0,7.1,5.4,5.4,4.7,5.7,0.0,0.3333333333333333,0,0.0,0.0,0,1,0,5.3500000000000005,4,5.659999999999999,B.Tech,1,4,train
24,7.25,5.4,4.5,2.1,5.7,3.7,5.5,4,0,0,2,180.0,3,0,2,3,1,1.0,3.8,4.9,7.2,5.4,8.2,0.0,0.6666666666666666,0,0.0,0.0,0,1,0,4.483333333333333,1,5.8999999999999995,B.Tech,0,5,train
22,8.48,8.8,4.1,6.4,4.1,3.6,3.7,2,1,1,1,169.0,0,0,0,10,2,6.0,8.0,3.9,7.6,6.9,7.7,0.0,0.0,0,1.0,0.5,1,1,0,5.116666666666666,5,6.82,B.Tech,0,5,train
24,8.42,8.7,2.4,3.5,3.0,2.8,5.6,1,0,0,3,485.0,5,1,2,5,4,2.0,4.9,6.0,4.3,7.0,2.9,0.2,0.4,1,0.0,0.0,0,1,0,4.333333333333333,4,5.02,B.Tech,0,5,train
24,6.99,6.2,10.0,8.7,1.4,4.2,7.3,2,0,0,0,,1,0,1,6,2,2.0,4.1,5.8,8.2,9.4,5.4,0.0,1.0,0,0.0,0.0,0,0,1,6.3,2,6.58,B.Tech,0,5,train
22,6.98,4.8,5.3,4.2,6.9,4.8,5.4,2,2,1,1,464.0,2,0,1,0,3,2.0,8.3,3.3,3.6,9.0,1.9,0.0,0.5,0,0.5,1.0,1,1,0,5.233333333333334,7,5.220000000000001,B.Tech,1,2,train
21,8.04,7.4,6.8,4.8,8.7,9.3,0.4,2,2,2,1,387.0,4,1,2,4,3,1.0,5.7,7.0,4.9,4.2,6.4,0.25,0.5,1,1.0,1.0,1,1,0,6.233333333333333,9,5.640000000000001,MCA,1,3,train
22,7.32,6.8,6.6,4.0,4.6,1.6,7.0,1,0,0,2,329.0,1,0,0,5,1,1.0,4.9,6.2,5.2,2.8,4.1,0.0,0.0,0,0.0,0.0,0,1,0,5.1000000000000005,1,4.640000000000001,B.Tech,1,4,train
24,6.82,8.4,5.6,8.8,5.7,3.9,9.1,3,0,0,0,,3,1,1,1,1,3.0,6.5,7.8,9.2,6.0,6.5,0.3333333333333333,0.3333333333333333,1,0.0,0.0,0,0,1,6.916666666666667,1,7.2,BCA,0,5,train
23,7.94,5.1,6.2,9.0,5.6,1.3,4.9,3,2,0,0,,1,0,0,7,1,2.0,4.4,6.0,3.4,4.9,4.7,0.0,0.0,0,0.0,0.6666666666666666,0,0,1,5.3500000000000005,3,4.680000000000001,B.Tech,0,5,train
20,6.81,6.3,5.7,2.8,8.2,3.1,4.3,2,2,0,4,495.0,1,0,0,5,3,4.0,7.5,7.0,6.2,3.9,5.7,0.0,0.0,0,0.0,1.0,0,1,0,5.066666666666667,5,6.06,B.Sc,1,2,train
21,7.75,4.0,4.7,5.9,7.8,4.8,2.7,5,1,0,1,113.0,1,0,1,3,2,3.0,3.5,9.1,7.3,5.9,8.9,0.0,1.0,0,0.0,0.2,0,1,0,4.983333333333333,3,6.9399999999999995,B.Tech,0,5,train
23,6.91,6.3,2.9,4.2,7.0,5.2,5.9,1,1,0,2,410.0,7,2,3,1,0,3.0,6.1,8.2,8.3,4.2,4.2,0.2857142857142857,0.42857142857142855,1,0.0,1.0,0,1,0,5.25,1,6.2,B.Sc,0,5,train
21,8.98,6.3,7.6,3.8,6.2,4.2,7.9,2,1,0,0,,1,0,0,3,2,5.0,5.7,6.8,3.7,5.0,8.5,0.0,0.0,0,0.0,0.5,0,0,1,6.0,3,5.9399999999999995,B.Sc,1,4,train
22,7.3,9.0,4.5,10.0,5.5,6.0,5.5,4,0,0,2,145.0,2,0,0,2,5,2.0,6.0,7.8,4.6,6.3,5.4,0.0,0.0,0,0.0,0.0,0,1,0,6.75,5,6.0200000000000005,B.Tech,1,4,train
25,6.58,5.1,4.3,5.8,6.8,0.8,5.4,2,1,0,1,469.0,2,0,2,6,1,1.0,7.0,6.0,6.9,5.6,4.7,0.0,1.0,0,0.0,0.5,0,1,0,4.7,2,6.04,B.Tech,1,4,train
23,6.34,5.9,4.0,5.9,6.0,5.0,4.1,1,1,0,0,,4,1,1,1,2,7.0,7.4,7.7,6.6,1.9,7.7,0.25,0.25,1,0.0,1.0,0,0,1,5.1499999999999995,3,6.26,B.Tech,1,0,train
24,5.83,5.6,8.4,6.1,4.6,7.1,5.0,5,2,2,1,483.0,1,1,1,5,2,5.0,3.9,8.2,5.9,4.7,5.1,1.0,1.0,1,1.0,0.4,1,1,0,6.133333333333334,8,5.56,B.Tech,1,0,train
22,6.26,8.6,3.1,4.2,5.8,5.6,6.7,1,1,0,3,99.0,2,1,2,5,1,4.0,7.0,,5.3,4.6,5.4,0.5,1.0,1,0.0,1.0,0,1,0,5.666666666666667,2,5.574999999999999,B.Tech,0,5,train
24,8.33,8.5,6.5,4.7,9.3,3.5,3.4,1,1,0,0,,2,0,0,4,0,5.0,5.0,7.4,2.6,5.5,6.3,0.0,0.0,0,0.0,1.0,0,0,1,5.983333333333333,1,5.36,B.Tech,0,5,train
25,5.93,6.4,5.2,5.4,3.6,4.2,7.0,3,1,1,3,44.0,3,0,1,3,3,4.0,4.7,9.3,2.1,5.7,5.8,0.0,0.3333333333333333,0,1.0,0.3333333333333333,1,1,0,5.3,6,5.5200000000000005,MCA,0,5,train
25,6.97,6.2,3.6,4.4,8.1,2.9,6.2,1,0,0,3,451.0,1,0,0,6,0,2.0,5.7,5.6,6.5,5.8,6.7,0.0,0.0,0,0.0,0.0,0,1,0,5.233333333333333,0,6.0600000000000005,BCA,0,5,train
25,5.8,8.1,2.8,6.3,4.3,8.3,4.9,2,1,1,1,288.0,3,0,0,4,2,2.0,6.8,7.7,6.9,5.9,6.6,0.0,0.0,0,1.0,0.5,1,1,0,5.783333333333334,5,6.779999999999999,B.Tech,1,3,train
24,8.38,2.9,9.8,6.4,4.6,4.2,5.9,0,0,0,3,71.0,5,0,2,0,5,3.0,8.3,7.1,4.6,4.8,3.6,0.0,0.4,0,0.0,0.0,0,1,0,5.633333333333334,5,5.680000000000001,B.Tech,0,5,train
23,8.57,6.1,5.5,3.3,5.7,7.1,5.8,2,1,0,1,214.0,4,0,1,7,8,0.0,5.6,7.8,6.5,8.5,6.6,0.0,0.25,0,0.0,0.5,0,1,0,5.583333333333332,9,7.0,M.Tech,1,3,train
20,6.69,7.9,6.8,5.3,4.9,7.4,4.2,3,1,1,2,8.0,6,0,3,3,1,0.0,4.7,7.9,6.0,3.9,3.7,0.0,0.5,0,1.0,0.3333333333333333,1,1,0,6.083333333333333,4,5.24,B.Tech,0,5,train
20,7.61,4.5,6.5,3.2,6.7,0.0,5.3,2,2,2,3,155.0,5,0,2,5,3,3.0,8.3,7.1,4.2,5.7,5.1,0.0,0.4,0,1.0,1.0,1,1,0,4.366666666666666,9,6.08,B.Tech,1,2,test
22,7.48,7.1,4.4,5.3,6.1,3.6,5.9,0,0,0,0,,5,2,2,3,3,2.0,3.9,,4.9,6.5,10.0,0.4,0.4,1,0.0,0.0,0,0,1,5.3999999999999995,3,6.325,MCA,1,1,test
22,6.43,7.5,4.9,2.7,1.2,1.0,5.9,4,2,0,1,289.0,2,0,1,5,5,0.0,7.8,5.8,2.3,10.0,7.3,0.0,0.5,0,0.0,0.5,0,1,0,3.866666666666667,7,6.639999999999999,B.Tech,0,5,test
23,7.63,5.8,6.9,2.6,9.7,4.9,5.1,3,0,0,1,337.0,5,1,1,4,3,0.0,1.3,5.5,5.8,5.5,6.9,0.2,0.2,1,0.0,0.0,0,1,0,5.833333333333333,3,5.0,B.Sc,0,5,test
23,8.85,5.1,3.7,7.6,7.7,2.6,3.2,2,2,1,0,,3,0,1,3,2,4.0,5.1,4.5,3.3,7.0,10.0,0.0,0.3333333333333333,0,0.5,1.0,1,0,1,4.983333333333333,6,5.9799999999999995,B.Tech,0,5,test
23,8.61,5.6,3.8,6.6,7.7,4.8,9.5,1,1,1,0,,1,1,1,2,3,4.0,4.3,7.0,2.2,7.0,4.4,1.0,1.0,1,1.0,1.0,1,0,1,6.333333333333333,6,4.9799999999999995,B.Tech,0,5,test
21,8.05,5.3,7.2,5.2,4.8,7.2,3.9,3,0,0,1,341.0,4,0,0,5,3,2.0,10.0,7.8,5.6,7.8,8.0,0.0,0.0,0,0.0,0.0,0,1,0,5.6000000000000005,3,7.840000000000001,MCA,1,3,test
21,6.95,6.7,6.7,5.8,8.0,3.6,7.8,1,1,0,3,483.0,4,1,1,2,2,1.0,3.4,,5.5,6.8,8.3,0.25,0.25,1,0.0,1.0,0,1,0,6.433333333333334,3,6.0,B.Tech,1,1,test
25,9.1,6.4,5.5,4.1,4.9,0.8,3.5,0,0,0,1,363.0,1,0,0,6,2,1.0,1.4,,5.7,5.0,6.6,0.0,0.0,0,0.0,0.0,0,1,0,4.2,2,4.675,B.Tech,0,5,test
22,8.07,7.0,4.0,4.8,5.1,10.0,5.4,1,0,0,3,20.0,3,0,1,8,6,0.0,5.7,4.6,6.8,5.1,4.5,0.0,0.3333333333333333,0,0.0,0.0,0,1,0,6.05,6,5.340000000000001,B.Tech,0,5,test
24,8.24,6.3,4.2,7.6,0.3,3.7,5.5,0,0,0,1,333.0,0,0,0,7,2,3.0,2.1,4.2,4.4,8.2,5.9,0.0,0.0,0,0.0,0.0,0,1,0,4.6000000000000005,2,4.959999999999999,B.Tech,0,5,test
24,9.71,6.6,4.6,8.0,3.2,3.3,4.6,3,1,1,2,337.0,7,1,2,5,3,1.0,3.4,6.4,3.5,8.2,3.9,0.14285714285714285,0.2857142857142857,1,1.0,0.3333333333333333,1,1,0,5.05,6,5.08,MCA,0,5,test
23,9.6,6.4,6.4,5.6,7.4,4.0,3.2,3,1,1,2,409.0,3,1,1,7,2,1.0,3.3,7.7,4.9,3.3,5.8,0.3333333333333333,0.3333333333333333,1,1.0,0.3333333333333333,1,1,0,5.5,5,5.0,B.Tech,1,1,test
23,7.46,5.5,7.0,4.5,4.7,7.4,6.1,5,1,1,0,,1,0,0,3,0,3.0,4.3,6.4,3.5,7.3,4.7,0.0,0.0,0,1.0,0.2,1,0,1,5.866666666666667,3,5.24,B.Tech,0,5,test
23,5.67,5.8,5.7,4.1,5.8,6.7,4.6,4,3,0,0,,4,1,4,3,1,,7.2,8.8,5.7,2.1,2.3,0.25,1.0,1,0.0,0.75,0,0,1,5.449999999999999,4,5.220000000000001,B.Tech,0,5,test
24,7.99,8.0,9.9,3.1,3.9,2.2,6.6,5,0,0,2,169.0,1,0,0,6,2,5.0,1.6,6.7,5.0,4.3,7.5,0.0,0.0,0,0.0,0.0,0,1,0,5.616666666666666,2,5.0200000000000005,B.Tech,0,5,test
20,8.87,6.2,7.4,5.0,6.4,3.9,5.8,1,1,0,3,218.0,3,1,1,1,0,3.0,6.3,4.5,6.7,7.4,5.2,0.3333333333333333,0.3333333333333333,1,0.0,1.0,0,1,0,5.783333333333332,1,6.02,MCA,0,5,test
21,8.64,6.4,8.1,0.3,3.1,8.1,1.4,1,1,0,3,455.0,2,0,1,5,3,0.0,3.1,5.6,5.1,6.8,6.2,0.0,0.5,0,0.0,1.0,0,1,0,4.566666666666666,4,5.359999999999999,B.Sc,0,5,test
24,8.07,5.6,3.9,8.4,3.7,5.2,7.1,2,1,1,3,395.0,4,2,4,5,2,3.0,4.4,6.9,5.7,7.9,7.8,0.5,1.0,1,1.0,0.5,1,1,0,5.6499999999999995,5,6.539999999999999,B.Tech,0,5,test
25,5.0,7.6,8.4,7.7,1.2,3.8,4.4,4,4,1,0,,4,0,2,2,2,2.0,4.8,4.0,6.5,4.4,3.7,0.0,0.5,0,0.25,1.0,1,0,1,5.516666666666667,8,4.680000000000001,B.Tech,0,5,test
20,7.88,6.6,4.0,4.7,4.9,6.1,4.7,0,0,0,2,479.0,2,0,1,6,0,1.0,8.1,8.1,5.9,8.4,2.3,0.0,0.5,0,0.0,0.0,0,1,0,5.166666666666667,0,6.56,BCA,1,4,test
22,6.04,8.9,2.8,9.2,4.6,4.6,4.4,2,0,0,0,,6,1,3,5,2,,5.8,8.2,4.0,10.0,7.1,0.16666666666666666,0.5,1,0.0,0.0,0,0,1,5.75,2,7.0200000000000005,B.Sc,1,1,test
21,6.76,5.9,4.3,4.4,2.7,1.8,6.2,3,0,0,2,91.0,1,0,0,7,0,0.0,5.6,8.9,2.9,5.1,0.7,0.0,0.0,0,0.0,0.0,0,1,0,4.216666666666667,0,4.64,B.Tech,0,5,test
20,6.29,7.9,7.6,7.7,3.5,8.0,10.0,1,0,0,2,404.0,4,1,2,8,2,1.0,7.0,9.0,6.9,5.4,4.0,0.25,0.5,1,0.0,0.0,0,1,0,7.45,2,6.459999999999999,B.Tech,1,4,test
20,8.21,10.0,7.6,2.2,6.7,5.1,9.0,2,2,1,2,185.0,2,0,1,5,4,0.0,6.2,4.5,9.8,6.4,4.8,0.0,0.5,0,0.5,1.0,1,1,0,6.766666666666667,8,6.34,B.Tech,1,4,test
20,6.61,7.0,10.0,6.3,6.6,4.0,5.5,4,2,0,1,257.0,2,0,0,4,1,1.0,8.0,6.1,7.1,4.8,3.9,0.0,0.0,0,0.0,0.5,0,1,0,6.566666666666666,3,5.9799999999999995,B.Tech,1,0,test
24,7.51,6.6,9.1,4.7,4.5,5.4,2.8,1,1,1,1,228.0,1,0,0,3,3,3.0,7.3,7.4,6.9,2.8,3.9,0.0,0.0,0,1.0,1.0,1,1,0,5.516666666666666,6,5.66,M.Tech,1,0,test
25,7.71,7.2,6.6,6.5,8.8,3.6,9.4,3,0,0,2,297.0,1,0,1,3,0,1.0,8.0,7.1,7.0,8.3,7.3,0.0,1.0,0,0.0,0.0,0,1,0,7.016666666666667,0,7.540000000000001,B.Tech,0,5,test
23,7.85,3.9,6.2,5.6,7.3,4.8,3.8,1,1,1,3,379.0,3,0,0,4,1,4.0,7.7,6.2,3.9,5.0,6.8,0.0,0.0,0,1.0,1.0,1,1,0,5.266666666666667,4,5.92,B.Sc,1,2,test
24,8.11,4.1,8.5,0.2,5.5,3.9,5.0,4,2,1,1,333.0,4,2,4,6,4,4.0,7.0,8.4,4.2,6.3,7.1,0.5,1.0,1,0.5,0.5,1,1,0,4.533333333333332,8,6.6,BCA,1,2,test
22,7.24,5.8,1.8,7.6,6.7,8.0,4.0,6,1,0,2,481.0,3,0,1,6,0,3.0,6.1,6.3,1.3,7.8,5.4,0.0,0.3333333333333333,0,0.0,0.16666666666666666,0,1,0,5.6499999999999995,1,5.38,B.Tech,0,5,test
25,7.77,4.2,5.9,5.1,5.1,9.0,1.9,1,1,0,4,136.0,3,0,0,4,0,2.0,5.1,7.5,5.3,4.5,4.3,0.0,0.0,0,0.0,1.0,0,1,0,5.2,1,5.34,B.Tech,1,3,test
24,7.0,7.5,4.3,8.0,4.8,9.1,3.0,4,2,1,1,472.0,5,0,3,6,2,1.0,4.2,8.8,5.3,3.2,5.3,0.0,0.6,0,0.5,0.5,1,1,0,6.116666666666667,6,5.36,MCA,0,5,test
24,8.06,5.6,7.5,5.0,5.6,0.0,6.3,2,1,0,1,27.0,1,0,0,7,0,0.0,5.0,10.0,4.4,4.3,4.4,0.0,0.0,0,0.0,0.5,0,1,0,5.000000000000001,1,5.62,B.Tech,0,5,test
21,8.11,7.3,6.5,8.5,7.4,2.8,8.3,2,0,0,0,,0,0,0,3,4,4.0,7.8,,5.8,6.9,3.4,0.0,0.0,0,0.0,0.0,0,0,1,6.8,4,5.975,B.Tech,1,4,test
22,7.76,8.1,5.8,9.1,8.1,3.5,2.7,4,2,1,0,,5,4,5,6,1,2.0,6.8,5.9,5.1,5.1,1.9,0.8,1.0,1,0.5,0.5,1,0,1,6.216666666666668,5,4.959999999999999,BCA,1,1,test
21,6.35,4.7,4.5,7.6,6.9,6.5,3.2,6,0,0,1,276.0,1,0,0,5,2,2.0,4.2,9.1,7.0,3.4,5.6,0.0,0.0,0,0.0,0.0,0,1,0,5.566666666666666,2,5.859999999999999,MCA,0,5,test
22,6.89,7.5,5.9,6.6,4.6,5.8,2.8,6,2,0,0,,2,0,1,5,0,2.0,8.2,7.4,1.7,4.2,6.6,0.0,0.5,0,0.0,0.3333333333333333,0,0,1,5.533333333333334,2,5.62,MCA,0,5,test
20,8.02,5.3,4.6,3.4,5.0,5.5,7.5,4,3,1,3,242.0,5,0,0,4,0,5.0,5.6,5.6,6.7,5.8,6.4,0.0,0.0,0,0.3333333333333333,0.75,1,1,0,5.216666666666666,5,6.0200000000000005,B.Sc,1,2,test
25,7.08,8.4,3.7,8.2,3.7,5.9,2.7,2,2,0,2,483.0,6,1,2,7,3,,5.7,10.0,4.6,6.8,4.4,0.16666666666666666,0.3333333333333333,1,0.0,1.0,0,1,0,5.433333333333334,5,6.3,M.Tech,1,3,test
25,8.0,7.9,3.9,8.1,5.9,5.1,8.6,0,0,0,1,261.0,3,1,1,7,0,6.0,6.4,8.1,2.5,4.7,8.0,0.3333333333333333,0.3333333333333333,1,0.0,0.0,0,1,0,6.583333333333333,0,5.9399999999999995,BCA,0,5,test
24,8.39,4.3,6.6,2.6,5.5,7.2,5.4,4,0,0,3,67.0,3,0,0,8,4,1.0,4.9,3.6,5.8,5.5,8.3,0.0,0.0,0,0.0,0.0,0,1,0,5.266666666666667,4,5.62,MCA,1,3,test
21,6.04,8.4,3.9,3.5,9.3,6.2,3.5,3,0,0,1,338.0,4,1,3,7,1,2.0,4.0,4.9,5.0,6.8,4.8,0.25,0.75,1,0.0,0.0,0,1,0,5.8,1,5.1,B.Tech,0,5,test
25,7.61,5.1,8.2,6.4,4.8,6.5,6.4,0,0,0,4,404.0,4,2,2,3,1,6.0,4.7,9.2,2.0,3.9,8.9,0.5,0.5,1,0.0,0.0,0,1,0,6.233333333333333,1,5.739999999999999,BCA,0,5,test
23,9.05,7.1,5.8,5.0,2.8,5.1,4.4,3,3,0,1,339.0,6,0,3,4,3,2.0,3.7,5.4,3.6,8.6,0.1,0.0,0.5,0,0.0,1.0,0,1,0,5.033333333333332,6,4.28,B.Sc,0,5,test
24,5.56,5.1,7.3,6.0,5.8,5.9,1.3,1,1,1,2,349.0,2,1,1,3,3,1.0,5.1,5.4,3.2,8.0,4.6,0.5,0.5,1,1.0,1.0,1,1,0,5.233333333333333,6,5.26,B.Tech,1,2,test
23,7.56,6.3,7.3,10.0,7.7,3.4,5.3,2,2,0,1,336.0,3,0,1,5,5,3.0,10.0,7.3,6.8,7.5,4.9,0.0,0.3333333333333333,0,0.0,1.0,0,1,0,6.666666666666667,7,7.3,B.Tech,1,0,test
24,6.72,6.6,4.9,0.0,4.8,4.9,7.1,1,1,0,2,217.0,6,0,1,3,2,2.0,5.2,8.3,8.6,4.3,6.9,0.0,0.16666666666666666,0,0.0,1.0,0,1,0,4.716666666666668,3,6.660000000000001,B.Tech,1,4,test
22,6.77,6.6,4.6,4.9,8.1,2.3,1.8,3,0,0,0,,1,0,0,5,3,3.0,9.1,7.1,5.5,8.9,6.5,0.0,0.0,0,0.0,0.0,0,0,1,4.716666666666668,3,7.42,B.Tech,0,5,test
22,7.27,8.1,7.7,5.0,4.1,3.5,5.4,2,2,0,2,399.0,1,0,1,4,1,4.0,7.8,4.8,0.0,3.3,7.1,0.0,1.0,0,0.0,1.0,0,1,0,5.633333333333333,3,4.6,B.Tech,1,0,test
21,6.97,6.5,4.8,6.1,4.8,6.6,6.9,3,2,2,4,127.0,3,1,2,6,0,3.0,5.4,6.3,2.4,5.3,2.7,0.3333333333333333,0.6666666666666666,1,1.0,0.6666666666666666,1,1,0,5.949999999999999,6,4.42,B.Tech,0,5,test
23,6.59,7.9,4.5,5.4,5.8,4.8,2.7,4,0,0,3,14.0,4,1,2,3,1,3.0,5.9,7.3,6.9,5.5,6.0,0.25,0.5,1,0.0,0.0,0,1,0,5.183333333333334,1,6.32,BCA,1,1,test
20,6.08,6.1,4.6,5.0,5.7,5.5,2.4,1,1,0,3,427.0,2,0,1,2,2,2.0,1.8,8.7,4.2,5.2,5.2,0.0,0.5,0,0.0,1.0,0,1,0,4.883333333333333,3,5.02,B.Tech,0,5,test
24,8.25,3.8,7.9,5.0,4.7,4.5,7.4,2,1,1,1,452.0,2,2,2,5,1,2.0,6.3,6.6,3.9,7.5,2.9,1.0,1.0,1,1.0,0.5,1,1,0,5.55,4,5.4399999999999995,B.Tech,0,5,test
22,7.16,9.1,7.6,7.3,3.2,7.6,2.2,0,0,0,2,156.0,2,0,0,7,4,3.0,5.9,7.2,5.4,7.1,5.1,0.0,0.0,0,0.0,0.0,0,1,0,6.166666666666667,4,6.140000000000001,B.Tech,1,0,test
23,,3.2,6.2,7.2,4.2,5.2,4.5,3,1,0,0,,3,0,2,2,1,1.0,5.4,6.0,6.9,7.0,9.4,0.0,0.6666666666666666,0,0.0,0.3333333333333333,0,0,1,5.083333333333333,2,6.94,MCA,1,0,test
23,8.08,4.1,3.0,1.8,7.0,5.5,7.6,2,2,1,1,388.0,2,1,1,4,1,4.0,5.5,6.0,6.1,5.6,5.4,0.5,0.5,1,0.5,1.0,1,1,0,4.833333333333333,5,5.720000000000001,B.Tech,0,5,test
25,6.35,4.3,6.4,4.4,3.1,2.4,5.0,2,1,0,0,,3,1,2,2,2,1.0,5.1,,6.5,4.6,8.5,0.3333333333333333,0.6666666666666666,1,0.0,0.5,0,0,1,4.266666666666667,3,6.175,M.Tech,0,5,test
25,7.0,3.8,6.4,6.5,5.7,5.0,4.0,1,0,0,1,360.0,3,0,1,2,1,4.0,4.5,8.8,1.1,6.8,4.8,0.0,0.3333333333333333,0,0.0,0.0,0,1,0,5.233333333333333,1,5.2,B.Tech,0,5,test
21,7.85,5.2,9.1,6.3,6.4,0.5,4.6,1,0,0,2,319.0,4,2,2,4,1,1.0,9.2,5.0,4.9,4.9,7.6,0.5,0.5,1,0.0,0.0,0,1,0,5.3500000000000005,1,6.32,B.Tech,1,0,test
21,6.53,3.7,9.1,6.7,8.7,2.9,4.6,1,0,0,0,,1,0,0,8,2,2.0,5.2,4.6,1.0,10.0,4.7,0.0,0.0,0,0.0,0.0,0,0,1,5.949999999999999,2,5.1,B.Tech,0,5,test
23,6.64,6.5,5.0,5.5,4.6,1.1,6.0,1,1,0,2,287.0,2,0,1,5,2,3.0,5.6,5.8,3.4,3.3,6.1,0.0,0.5,0,0.0,1.0,0,1,0,4.783333333333334,3,4.839999999999999,B.Tech,0,5,test
22,7.51,6.7,0.2,6.0,8.8,2.1,4.6,1,1,1,4,132.0,4,1,1,3,1,2.0,4.8,5.2,6.0,6.9,4.0,0.25,0.25,1,1.0,1.0,1,1,0,4.733333333333334,4,5.38,B.Sc,0,5,test
25,7.5,8.4,7.6,5.6,5.7,5.4,3.6,2,1,0,1,26.0,4,0,2,4,1,4.0,8.4,8.9,6.2,7.6,4.2,0.0,0.5,0,0.0,0.5,0,1,0,6.050000000000001,2,7.0600000000000005,B.Tech,1,1,test
20,6.83,8.3,4.3,8.4,7.3,2.0,3.8,3,0,0,2,117.0,5,0,3,3,0,3.0,5.2,8.6,8.2,5.6,5.2,0.0,0.6,0,0.0,0.0,0,1,0,5.683333333333334,0,6.5600000000000005,M.Tech,0,5,test
24,6.41,5.4,6.7,7.7,5.2,4.3,5.4,3,1,1,1,409.0,5,0,2,5,1,0.0,3.8,5.7,5.0,4.7,6.1,0.0,0.4,0,1.0,0.3333333333333333,1,1,0,5.783333333333334,4,5.06,B.Tech,0,5,test
23,5.36,6.7,2.6,7.9,7.9,1.1,5.9,0,0,0,1,127.0,4,2,3,1,1,3.0,3.5,5.0,5.3,3.8,6.9,0.5,0.75,1,0.0,0.0,0,1,0,5.3500000000000005,1,4.9,B.Tech,1,1,test
22,8.53,5.2,7.2,5.2,5.9,5.9,3.2,1,1,0,0,,3,0,1,5,1,,4.0,10.0,4.0,7.1,2.1,0.0,0.3333333333333333,0,0.0,1.0,0,0,1,5.433333333333334,2,5.44,MCA,0,5,test
20,,5.7,7.7,4.0,6.3,8.4,1.1,3,1,1,0,,4,2,2,4,5,2.0,3.4,7.8,5.4,6.8,5.4,0.5,0.5,1,1.0,0.3333333333333333,1,0,1,5.533333333333334,8,5.760000000000001,B.Tech,1,3,test
22,7.92,7.9,6.5,9.7,7.1,2.9,0.9,1,1,0,2,280.0,6,0,2,1,4,5.0,6.1,7.9,3.2,9.8,3.2,0.0,0.3333333333333333,0,0.0,1.0,0,1,0,5.833333333333333,5,6.04,BCA,1,1,test
22,7.63,6.6,8.4,2.9,6.5,5.0,1.6,5,1,0,2,447.0,4,1,3,3,1,3.0,5.7,6.9,6.7,8.2,6.8,0.25,0.75,1,0.0,0.2,0,1,0,5.166666666666667,2,6.859999999999999,B.Sc,1,3,test
21,7.19,4.4,3.8,4.9,7.9,4.9,5.2,2,1,0,1,242.0,1,0,0,6,2,2.0,3.6,5.9,2.7,7.8,3.3,0.0,0.0,0,0.0,0.5,0,1,0,5.183333333333333,3,4.66,B.Sc,1,3,test
25,7.41,4.6,6.7,3.4,2.7,4.7,3.3,3,2,1,1,338.0,4,2,3,3,2,3.0,7.9,5.4,4.1,7.4,8.0,0.5,0.75,1,0.5,0.6666666666666666,1,1,0,4.233333333333333,6,6.56,B.Tech,1,2,test
25,8.19,5.3,6.8,9.6,4.3,1.7,2.0,4,2,0,0,,2,1,1,6,2,3.0,6.6,8.8,8.3,2.9,9.8,0.5,0.5,1,0.0,0.5,0,0,1,4.95,4,7.280000000000001,B.Tech,1,1,test
25,9.03,6.6,9.3,6.7,5.3,5.9,3.9,1,1,0,0,,4,3,3,4,1,2.0,4.4,0.8,5.7,4.8,3.5,0.75,0.75,1,0.0,1.0,0,0,1,6.283333333333334,2,3.84,B.Tech,0,5,test
24,7.59,6.4,7.3,2.8,4.2,4.4,4.8,3,1,0,2,69.0,2,1,2,4,1,2.0,5.9,2.3,3.8,3.9,4.3,0.5,1.0,1,0.0,0.3333333333333333,0,1,0,4.983333333333333,2,4.04,BCA,0,5,test
22,7.09,8.2,4.2,9.5,6.6,6.0,1.4,2,2,1,1,499.0,2,0,0,2,2,3.0,7.3,7.0,3.3,9.7,5.0,0.0,0.0,0,0.5,1.0,1,1,0,5.983333333333333,6,6.459999999999999,B.Tech,1,2,test
22,7.37,10.0,2.5,7.9,5.5,2.5,1.5,2,0,0,0,,6,0,2,6,2,6.0,9.0,7.3,3.0,8.4,5.1,0.0,0.3333333333333333,0,0.0,0.0,0,0,1,4.983333333333333,2,6.5600000000000005,B.Tech,0,5,test
21,7.85,7.9,3.9,6.8,6.5,6.7,3.5,2,1,0,1,379.0,1,1,1,4,5,3.0,9.2,8.4,7.6,7.4,3.9,1.0,1.0,1,0.0,0.5,0,1,0,5.883333333333333,6,7.3,M.Tech,1,3,test
23,7.29,8.4,2.7,7.2,6.8,4.7,2.7,4,0,0,0,,2,0,0,4,2,2.0,6.7,6.5,9.6,5.2,3.2,0.0,0.0,0,0.0,0.0,0,0,1,5.416666666666667,2,6.239999999999999,MCA,0,5,test
23,8.27,7.7,4.0,8.6,7.7,1.4,2.1,1,1,0,0,,3,0,0,5,3,1.0,3.7,5.1,4.3,1.1,5.5,0.0,0.0,0,0.0,1.0,0,0,1,5.249999999999999,4,3.9400000000000004,B.Tech,0,5,test
23,8.2,8.3,4.5,2.0,6.1,4.4,5.4,4,2,0,2,77.0,1,0,0,2,1,4.0,3.7,7.7,3.2,7.0,6.3,0.0,0.0,0,0.0,0.5,0,1,0,5.116666666666666,3,5.58,B.Sc,0,5,test
23,7.96,6.0,0.9,5.8,6.9,4.1,4.6,0,0,0,1,357.0,7,0,0,4,5,1.0,9.2,5.5,7.2,3.7,3.9,0.0,0.0,0,0.0,0.0,0,1,0,4.716666666666668,5,5.8999999999999995,B.Sc,1,1,test
24,7.71,6.5,6.5,7.7,7.1,3.6,3.5,5,2,1,1,414.0,2,0,1,6,1,2.0,4.1,7.6,2.8,5.9,3.4,0.0,0.5,0,0.5,0.4,1,1,0,5.816666666666666,5,4.76,B.Tech,0,5,test
22,7.51,6.0,6.5,5.9,3.7,1.7,2.9,2,2,1,0,,4,1,2,3,0,3.0,4.3,5.8,5.7,2.9,4.2,0.25,0.5,1,0.5,1.0,1,0,1,4.449999999999999,4,4.58,MCA,0,5,test
22,8.2,8.2,8.2,5.2,7.5,1.7,7.0,1,1,0,0,,3,1,2,2,1,4.0,3.3,4.3,6.6,,6.1,0.3333333333333333,0.6666666666666666,1,0.0,1.0,0,0,1,6.3,2,5.074999999999999,BCA,0,5,test
25,10.0,5.4,6.9,7.0,4.1,2.0,5.9,4,2,1,0,,5,2,3,8,1,4.0,9.2,3.8,4.9,7.2,4.4,0.4,0.6,1,0.5,0.5,1,0,1,5.216666666666666,5,5.9,B.Tech,0,5,test
25,7.96,8.7,5.9,5.5,5.0,3.9,6.8,2,1,0,4,122.0,3,0,0,3,4,4.0,8.9,5.5,8.8,7.5,4.8,0.0,0.0,0,0.0,0.5,0,1,0,5.966666666666666,5,7.1,B.Tech,1,0,test
21,7.34,6.6,5.0,7.0,5.5,4.7,4.7,4,0,0,2,216.0,1,0,1,3,5,2.0,5.7,4.8,7.1,6.8,5.5,0.0,1.0,0,0.0,0.0,0,1,0,5.583333333333333,5,5.98,B.Tech,1,3,test
25,7.21,5.1,4.1,6.7,4.8,1.9,7.0,5,4,0,1,469.0,4,0,0,3,0,1.0,5.4,7.6,3.1,3.1,5.8,0.0,0.0,0,0.0,0.8,0,1,0,4.933333333333333,4,5.000000000000001,B.Tech,0,5,test
25,6.65,7.0,0.4,1.9,9.7,4.4,3.3,2,2,2,1,417.0,3,1,3,2,2,3.0,3.5,4.4,6.3,5.7,3.3,0.3333333333333333,1.0,1,1.0,1.0,1,1,0,4.45,8,4.64,MCA,0,5,test
24,6.77,5.6,9.6,6.3,6.7,4.6,5.0,1,1,1,0,,4,2,3,6,1,3.0,3.6,7.4,3.8,6.9,10.0,0.5,0.75,1,1.0,1.0,1,0,1,6.3,4,6.340000000000001,M.Tech,1,0,test
23,7.81,8.9,9.6,4.7,4.9,1.9,3.6,0,0,0,4,115.0,3,0,0,4,1,2.0,7.0,6.8,8.1,4.7,9.3,0.0,0.0,0,0.0,0.0,0,1,0,5.6000000000000005,1,7.18,B.Sc,1,0,test
21,8.18,9.1,6.4,3.3,6.2,6.6,7.2,4,4,1,1,361.0,3,0,1,4,3,,5.8,6.4,2.5,4.9,10.0,0.0,0.3333333333333333,0,0.25,1.0,1,1,0,6.466666666666668,9,5.92,MCA,1,2,test
23,7.47,8.4,6.8,1.9,8.2,6.3,10.0,3,2,0,0,,3,1,1,5,1,2.0,6.4,7.0,3.3,6.1,5.1,0.3333333333333333,0.3333333333333333,1,0.0,0.6666666666666666,0,0,1,6.933333333333333,3,5.58,B.Tech,1,4,test
25,7.54,6.0,8.0,3.3,7.0,4.8,0.0,3,2,2,5,232.0,0,0,0,4,4,1.0,4.3,9.9,5.2,7.9,9.3,0.0,0.0,0,1.0,0.6666666666666666,1,1,0,4.8500000000000005,10,7.3199999999999985,B.Tech,1,2,test
25,7.14,8.1,6.6,7.4,3.5,4.9,0.1,2,0,0,1,455.0,0,0,0,5,1,5.0,5.0,0.7,4.6,3.4,8.4,0.0,0.0,0,0.0,0.0,0,1,0,5.1000000000000005,1,4.42,B.Tech,0,5,test
21,8.4,6.1,2.9,4.4,9.1,6.1,4.0,3,0,0,0,,2,1,1,4,2,2.0,5.4,9.2,3.1,6.2,4.9,0.5,0.5,1,0.0,0.0,0,0,1,5.433333333333334,2,5.76,B.Tech,0,5,test
21,7.45,7.3,5.8,2.5,3.9,8.2,5.7,2,1,0,2,184.0,1,0,1,3,1,2.0,5.6,5.9,5.1,2.1,5.7,0.0,1.0,0,0.0,0.5,0,1,0,5.566666666666666,2,4.880000000000001,B.Sc,0,5,test
21,7.4,4.6,6.8,2.7,8.1,7.8,1.0,2,2,0,1,248.0,1,0,0,4,0,6.0,6.2,,8.0,7.2,7.6,0.0,0.0,0,0.0,1.0,0,1,0,5.166666666666666,2,7.25,B.Tech,1,3,test
22,5.97,5.5,5.8,7.0,6.2,2.8,6.7,5,0,0,0,,5,3,3,3,1,3.0,3.5,6.9,3.6,5.7,6.9,0.6,0.6,1,0.0,0.0,0,0,1,5.666666666666667,1,5.32,B.Tech,1,0,test
23,7.71,7.1,7.4,2.4,4.7,1.0,6.2,1,0,0,2,400.0,2,1,2,2,1,2.0,8.6,6.4,4.0,4.3,3.4,0.5,1.0,1,0.0,0.0,0,1,0,4.8,1,5.34,B.Sc,0,5,test
25,7.93,5.7,4.2,4.0,6.6,3.6,6.0,3,3,0,4,165.0,2,0,0,0,0,0.0,3.9,5.9,8.0,6.5,2.3,0.0,0.0,0,0.0,1.0,0,1,0,5.016666666666667,3,5.32,B.Tech,0,5,test
22,6.29,5.1,6.6,5.5,7.0,10.0,5.1,4,2,1,1,111.0,3,0,2,1,0,3.0,4.7,7.3,5.8,7.5,5.0,0.0,0.6666666666666666,0,0.5,0.5,1,1,0,6.550000000000001,4,6.0600000000000005,B.Sc,1,3,test
21,7.77,7.1,4.8,7.3,5.6,2.1,8.6,3,1,0,2,481.0,2,0,1,1,5,1.0,5.6,5.0,5.5,7.0,8.4,0.0,0.5,0,0.0,0.3333333333333333,0,1,0,5.916666666666667,6,6.3,MCA,1,4,test
21,7.69,6.3,6.5,4.9,2.3,2.1,5.5,3,2,0,1,217.0,1,0,0,5,2,2.0,7.0,3.9,5.0,10.0,5.7,0.0,0.0,0,0.0,0.6666666666666666,0,1,0,4.6000000000000005,4,6.319999999999999,M.Tech,1,2,test
23,6.57,6.8,7.9,4.6,4.9,3.3,4.6,2,1,0,2,437.0,5,1,2,4,1,1.0,7.7,6.0,7.3,6.1,4.8,0.2,0.4,1,0.0,0.5,0,1,0,5.349999999999999,2,6.380000000000001,B.Tech,0,5,test
22,8.47,3.8,5.6,4.9,4.3,7.3,2.1,3,2,1,0,,4,1,3,9,1,1.0,5.0,6.6,5.3,6.0,6.0,0.25,0.75,1,0.5,0.6666666666666666,1,0,1,4.666666666666667,5,5.779999999999999,B.Sc,1,3,test
25,6.91,7.5,8.2,5.1,7.4,4.6,2.4,4,2,0,2,320.0,1,0,0,3,2,2.0,5.2,8.5,9.2,9.1,6.4,0.0,0.0,0,0.0,0.5,0,1,0,5.866666666666666,4,7.68,MCA,1,1,test
23,9.24,6.2,6.6,5.6,6.6,1.4,4.4,1,1,0,0,,3,0,0,3,0,4.0,6.5,6.0,3.8,,4.4,0.0,0.0,0,0.0,1.0,0,0,1,5.133333333333333,1,5.175000000000001,B.Tech,0,5,test
21,8.58,5.3,4.3,7.1,5.0,1.2,2.9,2,1,0,1,15.0,3,0,0,6,4,,9.9,7.1,8.2,8.9,7.4,0.0,0.0,0,0.0,0.5,0,1,0,4.3,5,8.3,MCA,1,2,test
21,8.46,6.0,8.7,2.8,6.2,3.0,5.3,1,1,1,1,492.0,0,0,0,3,1,2.0,2.6,6.5,5.3,6.8,7.5,0.0,0.0,0,1.0,1.0,1,1,0,5.333333333333333,4,5.74,B.Tech,1,4,test
22,6.72,9.7,6.6,6.2,5.8,3.6,5.2,1,0,0,2,476.0,5,1,1,1,0,0.0,5.6,9.0,6.9,4.4,9.4,0.2,0.2,1,0.0,0.0,0,1,0,6.183333333333334,0,7.06,B.Tech,0,5,test
25,,8.0,4.4,7.7,7.7,2.9,4.2,4,1,1,2,61.0,2,0,0,4,1,,4.7,9.4,6.4,8.0,6.1,0.0,0.0,0,1.0,0.25,1,1,0,5.816666666666666,4,6.92,B.Tech,1,2,test
24,7.6,4.3,6.3,7.1,5.0,4.2,5.7,5,1,0,0,,3,1,2,1,0,2.0,4.0,6.7,3.6,6.0,8.7,0.3333333333333333,0.6666666666666666,1,0.0,0.2,0,0,1,5.433333333333334,1,5.799999999999999,B.Tech,0,5,test
24,7.33,7.2,5.6,0.0,7.6,3.2,3.6,2,1,0,0,,6,2,2,1,2,4.0,5.5,7.1,6.6,9.0,7.8,0.3333333333333333,0.3333333333333333,1,0.0,0.5,0,0,1,4.533333333333333,3,7.2,B.Tech,0,5,test
20,7.34,10.0,4.2,9.7,4.3,3.5,1.8,1,1,1,3,50.0,7,3,6,2,3,5.0,8.7,5.1,5.3,5.2,7.3,0.42857142857142855,0.8571428571428571,1,1.0,1.0,1,1,0,5.583333333333333,6,6.319999999999999,MCA,1,1,test
25,8.16,6.5,7.3,3.7,5.5,3.6,2.6,2,2,0,3,435.0,2,0,1,2,4,,5.2,5.9,4.4,4.3,6.1,0.0,0.5,0,0.0,1.0,0,1,0,4.866666666666667,6,5.18,B.Sc,0,5,test
23,8.09,7.8,7.3,4.1,5.9,4.8,6.9,2,2,1,1,435.0,2,0,1,5,4,4.0,2.5,5.0,4.2,4.4,4.1,0.0,0.5,0,0.5,1.0,1,1,0,6.133333333333334,8,4.040000000000001,M.Tech,1,4,test
23,7.7,5.9,9.4,3.8,5.4,5.3,2.7,3,0,0,0,,1,0,0,8,4,0.0,4.6,6.1,2.9,6.3,4.8,0.0,0.0,0,0.0,0.0,0,0,1,5.416666666666667,4,4.9399999999999995,B.Tech,1,0,test
22,7.46,10.0,5.5,7.4,6.9,7.8,0.9,0,0,0,1,241.0,1,0,0,2,3,1.0,5.5,6.1,2.2,6.9,10.0,0.0,0.0,0,0.0,0.0,0,1,0,6.416666666666665,3,6.140000000000001,B.Tech,1,3,test
22,5.72,6.2,9.4,5.6,5.4,1.5,3.1,1,1,0,2,145.0,7,0,3,2,2,4.0,7.6,8.9,6.9,4.3,8.9,0.0,0.42857142857142855,0,0.0,1.0,0,1,0,5.2,3,7.32,B.Tech,1,0,test
21,8.05,7.1,7.0,7.6,5.6,6.8,2.0,1,0,0,0,,1,0,1,7,4,3.0,3.3,6.2,5.3,4.5,4.4,0.0,1.0,0,0.0,0.0,0,0,1,6.016666666666666,4,4.74,MCA,0,5,test
20,5.87,5.7,6.3,4.3,3.7,4.5,3.0,3,1,1,3,496.0,3,0,1,6,1,2.0,3.2,8.1,6.9,,5.8,0.0,0.3333333333333333,0,1.0,0.3333333333333333,1,1,0,4.583333333333333,4,6.000000000000001,BCA,0,5,test
21,8.17,6.3,8.1,2.5,6.5,9.1,5.1,1,1,0,2,499.0,0,0,0,10,2,,8.5,6.4,4.9,,3.6,0.0,0.0,0,0.0,1.0,0,1,0,6.266666666666667,3,5.8500000000000005,B.Tech,1,3,test
24,8.63,3.6,7.2,7.8,5.6,7.8,5.7,3,1,0,4,485.0,2,0,1,2,6,3.0,3.6,8.2,5.8,7.2,5.5,0.0,0.5,0,0.0,0.3333333333333333,0,1,0,6.283333333333334,7,6.06,M.Tech,1,3,test
20,6.75,5.6,2.7,5.2,3.3,2.8,6.0,3,0,0,1,460.0,4,1,3,6,2,2.0,3.3,7.7,3.6,2.9,5.5,0.25,0.75,1,0.0,0.0,0,1,0,4.266666666666667,2,4.6,B.Sc,0,5,test
21,7.34,5.8,5.9,3.3,4.5,5.9,3.3,1,1,0,1,138.0,3,1,3,3,2,2.0,5.6,10.0,4.2,4.8,6.3,0.3333333333333333,1.0,1,0.0,1.0,0,1,0,4.783333333333333,3,6.180000000000001,B.Tech,0,5,test
25,7.6,5.6,9.6,5.5,6.6,6.4,6.0,2,1,0,2,442.0,2,0,1,2,2,1.0,5.3,9.3,4.7,10.0,7.9,0.0,0.5,0,0.0,0.5,0,1,0,6.616666666666666,3,7.44,B.Tech,1,0,test
22,6.53,9.0,2.7,5.9,9.2,4.3,2.9,2,0,0,3,353.0,3,0,3,3,4,3.0,4.8,,5.1,5.7,6.3,0.0,1.0,0,0.0,0.0,0,1,0,5.666666666666667,4,5.475,B.Tech,1,1,test
20,9.08,4.6,3.6,3.5,6.3,4.8,4.4,3,0,0,4,346.0,2,0,1,5,2,1.0,4.7,3.4,5.7,6.9,6.9,0.0,0.5,0,0.0,0.0,0,1,0,4.533333333333334,2,5.5200000000000005,B.Sc,0,5,test
24,6.98,8.7,6.0,4.4,3.4,1.5,6.6,3,2,2,3,104.0,3,0,2,3,3,0.0,9.8,4.6,4.2,4.8,7.1,0.0,0.6666666666666666,0,1.0,0.6666666666666666,1,1,0,5.1000000000000005,9,6.1,M.Tech,1,2,test
20,7.82,5.7,4.5,6.1,4.7,6.7,7.3,2,2,0,1,354.0,3,0,1,4,2,5.0,5.1,9.1,5.1,4.9,1.9,0.0,0.3333333333333333,0,0.0,1.0,0,1,0,5.833333333333332,4,5.219999999999999,B.Sc,0,5,test
22,7.24,7.3,7.5,5.6,6.2,5.6,6.4,2,0,0,3,478.0,3,0,1,2,1,4.0,5.0,5.5,4.9,4.9,0.7,0.0,0.3333333333333333,0,0.0,0.0,0,1,0,6.433333333333333,1,4.2,B.Tech,0,5,test
23,7.17,7.6,6.4,6.5,4.9,9.9,7.7,1,1,0,1,422.0,2,1,1,5,2,3.0,7.3,7.1,6.0,3.0,3.9,0.5,0.5,1,0.0,1.0,0,1,0,7.166666666666667,3,5.459999999999999,B.Tech,1,4,test
23,7.76,6.0,4.5,3.5,4.4,1.8,3.5,1,0,0,1,35.0,1,0,0,1,5,5.0,2.2,5.9,5.8,5.8,3.1,0.0,0.0,0,0.0,0.0,0,1,0,3.9499999999999997,5,4.5600000000000005,B.Tech,0,5,test
21,7.83,7.2,5.9,5.3,7.1,4.1,1.1,1,1,1,3,25.0,10,0,2,6,0,3.0,3.3,8.5,8.5,5.7,9.9,0.0,0.2,0,1.0,1.0,1,1,0,5.116666666666667,3,7.18,B.Tech,1,0,test
20,9.4,6.6,4.9,5.7,3.3,4.6,0.0,3,0,0,2,7.0,2,0,1,4,3,5.0,6.8,5.5,7.3,7.2,5.0,0.0,0.5,0,0.0,0.0,0,1,0,4.183333333333334,3,6.36,B.Tech,1,1,test
20,8.37,3.7,7.3,6.7,0.6,3.5,7.8,4,0,0,0,,2,1,2,2,4,0.0,4.9,,3.2,2.8,6.3,0.5,1.0,1,0.0,0.0,0,0,1,4.933333333333334,4,4.300000000000001,BCA,0,5,test
22,7.01,7.2,7.3,4.6,2.9,5.3,3.1,3,1,0,2,215.0,2,0,1,4,2,,8.9,4.9,7.3,5.6,2.9,0.0,0.5,0,0.0,0.3333333333333333,0,1,0,5.066666666666667,3,5.92,B.Tech,0,5,test
25,6.73,6.7,5.4,5.0,3.9,5.5,6.3,5,1,1,1,94.0,5,0,0,4,2,1.0,5.5,9.4,7.1,4.3,10.0,0.0,0.0,0,1.0,0.2,1,1,0,5.466666666666666,5,7.26,B.Tech,1,0,test
22,8.05,7.4,3.5,4.4,5.1,2.5,8.3,5,1,0,4,245.0,4,2,4,3,0,0.0,7.2,8.5,4.9,,8.3,0.5,1.0,1,0.0,0.2,0,1,0,5.2,1,7.2250000000000005,MCA,1,4,test
22,8.92,7.6,4.9,3.8,3.3,6.2,4.2,1,1,1,2,136.0,4,1,3,5,1,2.0,4.3,4.2,5.8,3.6,7.7,0.25,0.75,1,1.0,1.0,1,1,0,5.0,4,5.12,B.Tech,0,5,test
21,7.8,6.9,4.1,7.1,10.0,5.8,4.1,2,2,0,1,384.0,4,0,2,8,2,3.0,4.0,10.0,7.7,5.8,4.5,0.0,0.5,0,0.0,1.0,0,1,0,6.333333333333333,4,6.4,B.Tech,1,2,test
21,5.83,7.6,7.5,6.3,8.0,3.1,5.3,2,1,0,0,,2,0,1,7,0,1.0,5.0,7.3,4.8,6.7,5.9,0.0,0.5,0,0.0,0.5,0,0,1,6.3,1,5.94,M.Tech,0,5,test
21,7.56,6.1,7.0,9.4,5.5,7.2,2.9,2,2,0,0,,3,2,3,4,2,4.0,6.5,7.6,4.3,5.7,8.2,0.6666666666666666,1.0,1,0.0,1.0,0,0,1,6.3500000000000005,4,6.459999999999999,B.Tech,1,0,test
24,7.57,8.0,5.7,7.2,8.2,7.4,4.2,1,0,0,0,,1,0,0,6,3,2.0,1.5,10.0,3.3,5.7,3.4,0.0,0.0,0,0.0,0.0,0,0,1,6.783333333333334,3,4.779999999999999,B.Tech,0,5,test
22,6.46,6.6,5.8,3.6,5.8,6.1,5.9,7,5,2,2,407.0,5,0,2,3,1,1.0,1.5,6.2,3.8,6.9,7.4,0.0,0.4,0,0.4,0.7142857142857143,1,1,0,5.633333333333333,10,5.159999999999999,B.Tech,1,2,test
21,6.69,6.4,7.1,6.5,7.2,4.0,3.8,2,1,0,1,55.0,1,0,0,1,5,2.0,7.3,7.1,3.3,9.0,9.1,0.0,0.0,0,0.0,0.5,0,1,0,5.833333333333333,6,7.159999999999999,MCA,1,0,test
20,7.51,6.7,6.0,3.6,6.7,5.7,7.4,3,2,2,1,256.0,0,0,0,2,3,0.0,5.3,8.5,5.2,4.9,5.4,0.0,0.0,0,1.0,0.6666666666666666,1,1,0,6.016666666666667,9,5.859999999999999,MCA,1,2,test
25,6.68,4.3,7.5,3.7,7.9,0.8,5.7,3,2,0,0,,4,0,0,6,3,3.0,7.8,5.5,6.5,6.5,7.5,0.0,0.0,0,0.0,0.6666666666666666,0,0,1,4.983333333333333,5,6.76,BCA,1,2,test
25,6.78,6.6,5.8,4.8,8.7,5.9,6.9,3,0,0,2,237.0,8,1,3,3,0,2.0,5.9,5.4,2.2,9.1,10.0,0.125,0.375,1,0.0,0.0,0,1,0,6.449999999999999,0,6.5200000000000005,B.Tech,1,4,test
20,7.51,7.3,5.1,3.8,6.5,5.9,4.6,2,2,0,2,318.0,5,0,2,3,2,1.0,6.4,5.6,6.5,6.6,5.1,0.0,0.4,0,0.0,1.0,0,1,0,5.533333333333334,4,6.040000000000001,B.Tech,0,5,test
20,8.23,7.8,6.9,5.9,9.4,5.1,6.3,0,0,0,2,375.0,4,2,3,7,2,5.0,6.1,10.0,3.9,4.6,5.0,0.5,0.75,1,0.0,0.0,0,1,0,6.8999999999999995,2,5.92,B.Tech,1,3,test
25,6.53,7.6,5.4,4.0,7.7,9.0,4.9,4,3,0,3,370.0,4,0,2,0,2,1.0,6.8,9.7,9.9,5.2,3.7,0.0,0.5,0,0.0,0.75,0,1,0,6.433333333333334,5,7.06,BCA,1,2,test
22,6.28,5.6,7.0,6.2,7.0,6.9,2.8,2,2,0,0,,5,0,1,2,3,1.0,7.1,4.1,6.5,7.5,6.7,0.0,0.2,0,0.0,1.0,0,0,1,5.916666666666667,5,6.38,BCA,1,3,test
23,7.59,8.1,8.6,2.3,0.0,6.9,7.9,1,0,0,2,216.0,1,0,0,1,3,3.0,5.8,7.1,4.3,4.8,9.2,0.0,0.0,0,0.0,0.0,0,1,0,5.633333333333333,3,6.24,B.Tech,1,4,test
23,6.89,5.2,5.0,4.9,3.2,3.8,6.0,0,0,0,0,,1,0,1,6,2,3.0,3.0,,8.3,3.3,4.9,0.0,1.0,0,0.0,0.0,0,0,1,4.683333333333334,2,4.875,B.Tech,0,5,test
24,8.59,7.5,3.8,2.6,6.1,9.1,4.1,4,0,0,2,235.0,6,1,2,3,5,1.0,5.8,3.7,9.4,5.6,9.8,0.16666666666666666,0.3333333333333333,1,0.0,0.0,0,1,0,5.533333333333334,5,6.859999999999999,M.Tech,1,3,test
21,,9.5,5.4,4.2,4.2,5.8,6.1,1,1,0,2,79.0,1,0,1,4,1,4.0,8.4,7.5,2.9,4.9,5.5,0.0,1.0,0,0.0,1.0,0,1,0,5.866666666666667,2,5.840000000000001,B.Tech,0,5,test
22,7.18,4.2,6.4,8.7,5.0,6.4,7.8,3,1,1,0,,1,0,0,7,7,1.0,7.3,9.3,1.8,5.0,1.6,0.0,0.0,0,1.0,0.3333333333333333,1,0,1,6.416666666666667,10,5.000000000000001,M.Tech,1,0,test
23,7.53,5.2,6.7,8.5,3.5,4.5,7.3,1,0,0,2,264.0,0,0,0,1,1,5.0,0.3,6.8,6.1,6.2,6.5,0.0,0.0,0,0.0,0.0,0,1,0,5.949999999999999,1,5.18,BCA,0,5,test
20,6.89,7.8,5.8,5.9,5.2,1.9,1.4,1,1,0,1,452.0,5,1,5,5,1,0.0,6.4,5.1,3.0,6.0,4.5,0.2,1.0,1,0.0,1.0,0,1,0,4.666666666666666,2,5.0,B.Tech,0,5,test
21,,6.1,9.3,9.1,3.7,7.2,3.5,4,1,0,3,429.0,4,1,2,5,1,0.0,6.7,4.6,6.7,5.7,4.9,0.25,0.5,1,0.0,0.25,0,1,0,6.483333333333333,2,5.720000000000001,MCA,1,1,test
25,5.69,5.7,5.0,7.1,5.3,2.0,4.1,0,0,0,1,170.0,1,0,0,1,2,1.0,5.2,3.9,3.4,5.5,4.6,0.0,0.0,0,0.0,0.0,0,1,0,4.866666666666666,2,4.5200000000000005,B.Tech,0,5,test
25,8.55,3.4,5.7,3.6,3.5,7.0,6.0,3,1,1,0,,6,1,3,7,1,4.0,5.9,6.6,5.0,3.6,7.4,0.16666666666666666,0.5,1,1.0,0.3333333333333333,1,0,1,4.866666666666666,4,5.7,MCA,0,5,test
24,8.66,4.1,8.0,7.5,7.3,4.6,3.8,3,0,0,1,132.0,0,0,0,7,1,0.0,4.7,9.0,4.1,1.7,5.9,0.0,0.0,0,0.0,0.0,0,1,0,5.883333333333333,1,5.08,MCA,0,5,test
21,8.3,8.0,6.6,4.2,6.9,4.3,4.5,2,1,1,4,307.0,1,0,0,2,0,3.0,5.9,7.2,3.6,6.4,3.5,0.0,0.0,0,1.0,0.5,1,1,0,5.75,3,5.32,B.Tech,1,1,test
21,6.62,10.0,3.4,2.7,5.8,3.7,4.4,6,4,0,1,366.0,3,1,2,2,0,1.0,5.4,5.2,5.8,3.2,7.1,0.3333333333333333,0.6666666666666666,1,0.0,0.6666666666666666,0,1,0,5.0,4,5.340000000000001,B.Tech,1,2,test
21,7.44,3.2,4.4,2.1,7.9,3.4,3.0,1,1,0,1,56.0,0,0,0,2,0,3.0,7.7,8.0,3.2,4.3,5.7,0.0,0.0,0,0.0,1.0,0,1,0,4.0,1,5.779999999999999,B.Tech,0,5,test
21,8.17,5.3,3.5,2.8,1.1,5.1,6.1,1,1,1,4,131.0,1,0,1,2,3,0.0,5.5,,7.4,8.0,5.1,0.0,1.0,0,1.0,1.0,1,1,0,3.983333333333333,6,6.5,B.Tech,0,5,test
25,8.06,5.5,2.4,6.4,5.0,0.8,4.0,2,1,0,3,376.0,5,0,1,3,3,4.0,4.4,6.0,4.8,5.6,9.7,0.0,0.2,0,0.0,0.5,0,1,0,4.016666666666667,4,6.1,B.Tech,1,2,test
25,7.62,4.1,6.9,3.4,7.1,4.4,5.3,3,2,0,0,,3,0,0,8,0,2.0,6.1,6.4,7.3,6.6,7.6,0.0,0.0,0,0.0,0.6666666666666666,0,0,1,5.2,2,6.8,M.Tech,0,5,test
20,6.64,9.8,2.2,8.0,3.6,0.5,6.2,5,0,0,1,127.0,2,1,1,2,3,2.0,6.2,6.3,7.8,,5.7,0.5,0.5,1,0.0,0.0,0,1,0,5.05,3,6.5,B.Tech,0,5,test
20,8.07,8.4,7.6,7.4,7.6,5.5,3.2,1,1,1,0,,1,0,1,6,0,1.0,5.3,7.1,1.6,5.6,4.9,0.0,1.0,0,1.0,1.0,1,0,1,6.616666666666667,3,4.9,B.Tech,0,5,test
25,7.41,5.9,7.9,7.0,4.1,5.8,2.5,2,2,0,2,449.0,4,0,0,5,2,4.0,2.8,5.9,2.4,4.7,4.3,0.0,0.0,0,0.0,1.0,0,1,0,5.533333333333334,4,4.0200000000000005,B.Tech,0,5,test
23,6.5,7.7,9.0,4.1,1.5,1.8,5.6,0,0,0,2,68.0,2,1,1,7,2,1.0,5.7,5.0,6.8,7.6,3.9,0.5,0.5,1,0.0,0.0,0,1,0,4.949999999999999,2,5.8,B.Tech,0,5,test
22,8.26,7.3,9.0,6.9,8.9,3.7,0.5,1,1,1,1,284.0,3,0,1,5,2,2.0,8.1,4.8,6.5,6.5,8.7,0.0,0.3333333333333333,0,1.0,1.0,1,1,0,6.050000000000001,5,6.919999999999999,B.Tech,1,2,test
22,7.59,9.3,6.0,4.2,4.9,4.1,5.4,2,1,1,2,445.0,0,0,0,2,1,1.0,3.8,7.6,5.2,8.1,7.5,0.0,0.0,0,1.0,0.5,1,1,0,5.6499999999999995,4,6.4399999999999995,M.Tech,0,5,test
24,8.84,3.3,4.0,7.5,7.1,3.4,6.1,2,2,0,2,6.0,4,0,1,5,2,4.0,4.6,7.2,5.3,6.1,9.9,0.0,0.25,0,0.0,1.0,0,1,0,5.233333333333333,4,6.62,MCA,1,1,test
25,6.53,6.2,4.6,5.8,7.9,0.4,5.8,2,1,0,2,373.0,2,0,1,2,2,2.0,4.7,7.4,4.6,5.6,8.4,0.0,0.5,0,0.0,0.5,0,1,0,5.116666666666666,3,6.140000000000001,B.Tech,0,5,test
22,7.08,8.5,5.0,6.4,6.5,4.2,6.8,6,0,0,2,302.0,5,0,0,2,1,2.0,3.1,6.7,6.7,6.1,5.3,0.0,0.0,0,0.0,0.0,0,1,0,6.233333333333333,1,5.58,MCA,1,3,test
22,5.95,7.7,9.5,4.1,7.6,3.3,5.2,1,1,0,0,,5,0,1,5,5,2.0,9.0,4.5,5.1,7.9,5.1,0.0,0.2,0,0.0,1.0,0,0,1,6.233333333333333,6,6.32,BCA,1,0,test
22,6.87,6.2,4.1,8.8,6.9,6.1,3.8,5,0,0,0,,1,0,0,4,3,3.0,7.7,7.4,6.4,3.8,5.2,0.0,0.0,0,0.0,0.0,0,0,1,5.983333333333333,3,6.1,M.Tech,1,3,test
22,7.42,4.1,5.9,2.7,5.9,8.7,7.9,1,1,1,2,374.0,3,0,0,9,2,0.0,5.5,6.0,7.0,4.9,3.9,0.0,0.0,0,1.0,1.0,1,1,0,5.866666666666667,5,5.459999999999999,BCA,0,5,test
25,6.76,6.2,8.0,5.2,5.8,4.1,4.6,5,0,0,0,,3,0,2,5,1,5.0,8.6,8.9,6.4,4.6,5.6,0.0,0.6666666666666666,0,0.0,0.0,0,0,1,5.6499999999999995,1,6.82,B.Tech,1,0,test
20,8.1,5.4,8.2,6.7,6.0,5.9,4.1,2,2,0,3,145.0,4,0,0,2,2,,5.5,8.0,10.0,4.6,7.4,0.0,0.0,0,0.0,1.0,0,1,0,6.050000000000001,4,7.1,B.Tech,1,0,test
22,7.6,5.8,8.5,4.3,7.1,3.0,7.2,1,0,0,2,275.0,2,0,0,2,3,0.0,6.8,6.9,7.0,5.6,8.5,0.0,0.0,0,0.0,0.0,0,1,0,5.983333333333334,3,6.959999999999999,B.Sc,0,5,test
23,8.24,7.5,3.9,8.4,7.7,4.7,1.4,4,1,0,3,445.0,7,2,5,5,3,4.0,6.8,7.4,4.1,5.3,3.5,0.2857142857142857,0.7142857142857143,1,0.0,0.25,0,1,0,5.6000000000000005,4,5.42,B.Tech,1,1,test
20,7.03,6.4,6.4,6.9,6.3,2.8,1.7,4,2,1,0,,5,1,5,2,3,1.0,5.0,8.0,5.6,6.9,6.8,0.2,1.0,1,0.5,0.5,1,0,1,5.083333333333334,7,6.459999999999999,M.Tech,1,2,test
23,7.01,6.1,4.0,4.5,4.8,7.6,4.8,0,0,0,2,54.0,1,0,0,5,4,3.0,2.1,10.0,2.4,6.6,3.3,0.0,0.0,0,0.0,0.0,0,1,0,5.3,4,4.880000000000001,B.Tech,0,5,test
21,7.68,3.4,2.9,6.4,6.1,1.7,4.0,3,2,0,1,491.0,4,0,0,5,0,0.0,5.3,8.3,4.7,7.4,6.0,0.0,0.0,0,0.0,0.6666666666666666,0,1,0,4.083333333333333,2,6.340000000000001,M.Tech,0,5,test
23,6.6,7.6,9.9,8.6,4.8,7.6,9.6,3,2,0,0,,1,0,0,3,3,2.0,8.1,6.2,4.0,6.0,6.2,0.0,0.0,0,0.0,0.6666666666666666,0,0,1,8.016666666666667,5,6.1,B.Tech,1,4,test
24,7.95,7.1,4.1,4.7,6.7,0.6,6.4,3,3,0,5,278.0,1,0,0,3,2,1.0,9.0,7.5,6.4,3.6,10.0,0.0,0.0,0,0.0,1.0,0,1,0,4.933333333333334,5,7.3,B.Tech,1,2,test
20,8.14,8.9,0.0,7.3,3.7,2.9,3.4,3,1,0,0,,4,2,3,7,3,2.0,3.8,7.4,6.7,7.4,3.7,0.5,0.75,1,0.0,0.3333333333333333,0,0,1,4.366666666666666,4,5.799999999999999,B.Tech,0,5,test
20,7.06,5.8,9.6,4.6,2.1,2.8,7.0,0,0,0,1,289.0,3,0,1,5,0,1.0,4.0,6.5,6.3,7.8,2.1,0.0,0.3333333333333333,0,0.0,0.0,0,1,0,5.316666666666667,0,5.340000000000001,M.Tech,0,5,test
20,6.71,5.0,4.5,7.5,4.7,7.0,5.9,4,1,0,3,312.0,3,1,1,5,3,4.0,3.3,5.7,6.3,8.5,4.6,0.3333333333333333,0.3333333333333333,1,0.0,0.25,0,1,0,5.766666666666667,4,5.68,B.Tech,0,5,test
20,9.15,8.3,8.5,3.7,8.0,5.7,3.9,4,2,2,2,165.0,4,0,0,4,2,3.0,6.9,5.4,6.5,6.2,2.1,0.0,0.0,0,1.0,0.5,1,1,0,6.3500000000000005,8,5.42,B.Tech,1,2,test
21,7.78,9.7,4.8,8.9,3.0,6.1,7.2,7,3,1,3,370.0,2,0,1,2,2,6.0,8.6,8.0,6.1,8.0,5.8,0.0,0.5,0,0.3333333333333333,0.42857142857142855,1,1,0,6.616666666666667,7,7.3,B.Sc,1,4,test
20,7.58,7.4,7.0,4.2,5.4,1.9,8.9,2,1,1,0,,4,0,2,2,1,1.0,7.2,6.5,5.2,5.4,5.4,0.0,0.5,0,1.0,0.5,1,0,1,5.8,4,5.9399999999999995,B.Sc,0,5,test
24,6.58,5.3,3.6,8.4,3.6,3.0,5.4,1,0,0,4,209.0,3,0,3,3,5,4.0,3.6,9.6,4.3,5.9,5.8,0.0,1.0,0,0.0,0.0,0,1,0,4.883333333333334,5,5.84,B.Tech,1,0,test
21,7.56,3.7,6.2,9.8,8.0,2.3,5.0,4,1,0,2,262.0,1,1,1,4,0,2.0,5.7,5.5,8.8,7.5,6.4,1.0,1.0,1,0.0,0.25,0,1,0,5.833333333333333,1,6.779999999999999,B.Tech,0,5,test
25,5.82,9.9,6.1,3.1,4.9,5.4,5.6,2,0,0,3,102.0,4,1,3,2,2,2.0,5.0,6.4,5.4,7.6,9.1,0.25,0.75,1,0.0,0.0,0,1,0,5.833333333333333,2,6.7,MCA,1,4,test
22,9.22,7.0,5.7,6.9,7.3,6.2,0.9,1,0,0,2,426.0,3,0,1,1,4,6.0,5.4,6.5,2.8,7.9,4.7,0.0,0.3333333333333333,0,0.0,0.0,0,1,0,5.666666666666667,4,5.46,B.Tech,0,5,test
23,5.6,4.3,9.0,7.4,5.5,4.5,5.9,3,0,0,2,408.0,3,0,0,5,2,1.0,4.1,,5.8,7.0,6.4,0.0,0.0,0,0.0,0.0,0,1,0,6.1000000000000005,2,5.824999999999999,M.Tech,0,5,test
21,,7.0,7.1,5.3,10.0,1.5,3.5,0,0,0,1,494.0,4,1,4,6,2,5.0,6.4,6.5,6.5,5.9,6.3,0.25,1.0,1,0.0,0.0,0,1,0,5.733333333333333,2,6.319999999999999,B.Sc,1,1,test
21,7.51,3.6,5.1,3.1,6.5,6.0,6.4,3,2,1,1,331.0,2,0,0,2,4,3.0,8.5,7.8,7.8,5.2,3.5,0.0,0.0,0,0.5,0.6666666666666666,1,1,0,5.116666666666666,8,6.56,M.Tech,1,3,test
20,6.68,5.8,6.6,7.2,6.0,10.0,4.6,2,0,0,1,432.0,0,0,0,4,3,6.0,5.4,7.3,7.1,4.4,4.2,0.0,0.0,0,0.0,0.0,0,1,0,6.699999999999999,3,5.679999999999999,B.Tech,1,3,test
25,,7.9,2.3,2.9,3.4,0.1,1.1,4,2,0,1,196.0,0,0,0,5,3,2.0,7.0,8.0,4.8,4.2,8.3,0.0,0.0,0,0.0,0.5,0,1,0,2.9500000000000006,5,6.459999999999999,B.Tech,0,5,test
20,7.55,8.4,4.0,5.2,6.2,2.7,4.4,2,1,0,3,440.0,2,0,0,0,1,2.0,7.7,5.7,5.2,10.0,5.9,0.0,0.0,0,0.0,0.5,0,1,0,5.1499999999999995,2,6.9,B.Tech,0,5,test
24,5.16,6.4,3.0,0.0,0.7,6.5,3.2,3,1,1,1,41.0,2,0,2,4,3,3.0,6.4,6.3,6.3,4.6,8.6,0.0,1.0,0,1.0,0.3333333333333333,1,1,0,3.3000000000000003,6,6.44,B.Tech,0,5,test
25,8.04,8.4,6.9,7.7,5.4,2.7,6.4,0,0,0,3,2.0,6,1,2,3,1,3.0,8.1,8.7,3.1,7.8,5.5,0.16666666666666666,0.3333333333333333,1,0.0,0.0,0,1,0,6.25,1,6.640000000000001,BCA,1,1,test
24,6.7,8.9,4.8,4.8,3.1,3.2,3.3,4,2,0,0,,4,0,1,1,2,5.0,5.2,8.7,6.1,5.1,7.7,0.0,0.25,0,0.0,0.5,0,0,1,4.683333333333334,4,6.5600000000000005,B.Tech,0,5,test
25,7.13,5.9,8.8,5.8,6.0,8.1,5.6,2,2,0,1,428.0,3,0,2,5,4,2.0,5.5,8.3,0.4,5.7,2.9,0.0,0.6666666666666666,0,0.0,1.0,0,1,0,6.7,6,4.5600000000000005,MCA,1,3,test
23,7.23,10.0,4.6,2.6,3.2,4.9,5.5,2,2,1,5,204.0,9,1,3,5,1,2.0,5.8,7.8,3.6,4.6,8.7,0.1111111111111111,0.3333333333333333,1,0.5,1.0,1,1,0,5.133333333333333,5,6.1,B.Sc,1,4,test
24,7.59,8.3,3.5,2.4,5.9,3.9,5.4,1,1,1,0,,4,0,1,1,0,2.0,2.2,5.2,5.7,6.5,6.4,0.0,0.25,0,1.0,1.0,1,0,1,4.8999999999999995,3,5.2,M.Tech,0,5,test
24,8.08,6.0,0.1,3.8,5.0,4.5,3.2,1,1,0,0,,3,0,0,4,3,1.0,3.7,5.2,2.6,6.3,4.7,0.0,0.0,0,0.0,1.0,0,0,1,3.766666666666666,4,4.5,B.Tech,0,5,test
24,7.68,7.0,6.7,5.1,4.0,4.4,0.9,0,0,0,3,117.0,2,0,2,2,0,1.0,3.9,8.3,7.6,5.3,3.0,0.0,1.0,0,0.0,0.0,0,1,0,4.683333333333333,0,5.62,B.Tech,0,5,test
21,5.79,9.0,7.0,3.5,4.6,5.7,1.1,2,0,0,2,492.0,7,3,4,4,1,1.0,5.8,4.6,2.3,7.2,0.8,0.42857142857142855,0.5714285714285714,1,0.0,0.0,0,1,0,5.15,1,4.14,B.Tech,0,5,test
21,6.97,8.8,5.9,5.5,6.9,4.5,6.2,3,0,0,3,338.0,3,0,0,4,2,4.0,4.6,7.2,2.4,4.4,4.9,0.0,0.0,0,0.0,0.0,0,1,0,6.300000000000001,2,4.7,B.Tech,1,1,test
23,5.31,6.1,3.0,4.2,6.1,4.1,0.3,2,2,0,0,,1,0,0,2,0,1.0,5.8,6.4,4.6,4.9,2.4,0.0,0.0,0,0.0,1.0,0,0,1,3.966666666666667,2,4.8199999999999985,B.Tech,0,5,test
24,7.31,3.2,8.2,3.9,6.0,2.2,3.4,2,0,0,2,382.0,1,0,0,1,0,2.0,2.8,5.9,6.3,8.5,6.9,0.0,0.0,0,0.0,0.0,0,1,0,4.4833333333333325,0,6.08,B.Tech,0,5,test
24,7.85,7.9,5.7,9.3,5.3,2.3,2.0,0,0,0,0,,5,0,1,7,2,3.0,5.7,5.1,4.0,4.9,5.5,0.0,0.2,0,0.0,0.0,0,0,1,5.416666666666667,2,5.040000000000001,MCA,0,5,test
20,8.11,6.5,6.6,4.2,5.6,4.5,2.6,3,1,0,3,401.0,3,1,1,5,4,2.0,8.3,8.2,7.2,5.9,5.9,0.3333333333333333,0.3333333333333333,1,0.0,0.3333333333333333,0,1,0,5.0,5,7.1,B.Tech,1,3,test
20,8.78,4.5,0.7,4.4,2.8,6.4,4.4,4,1,1,1,291.0,2,1,2,5,0,4.0,6.6,7.2,6.8,4.9,6.0,0.5,1.0,1,1.0,0.25,1,1,0,3.866666666666667,3,6.3,B.Tech,0,5,test
23,6.79,4.0,5.1,7.9,4.4,5.1,5.6,3,0,0,2,96.0,1,0,0,4,2,4.0,7.7,8.5,4.1,7.6,3.7,0.0,0.0,0,0.0,0.0,0,1,0,5.3500000000000005,2,6.319999999999999,B.Tech,1,1,test
22,6.0,7.0,7.4,4.2,7.4,9.3,3.5,2,0,0,1,287.0,9,1,5,4,3,1.0,3.6,7.1,6.8,6.8,1.9,0.1111111111111111,0.5555555555555556,1,0.0,0.0,0,1,0,6.466666666666666,3,5.24,MCA,1,3,test
24,5.0,7.9,6.3,4.3,4.2,0.8,4.3,2,1,1,1,179.0,4,0,1,2,3,4.0,5.6,8.5,5.1,5.8,7.9,0.0,0.25,0,1.0,0.5,1,1,0,4.633333333333334,6,6.58,B.Tech,1,4,test
25,8.76,7.4,7.3,7.5,3.7,6.1,4.7,3,1,0,2,434.0,3,1,2,2,2,2.0,1.6,8.8,4.6,6.9,5.3,0.3333333333333333,0.6666666666666666,1,0.0,0.3333333333333333,0,1,0,6.116666666666667,3,5.4399999999999995,B.Tech,0,5,test
21,7.36,5.7,7.1,5.8,8.1,1.5,4.4,4,0,0,1,202.0,2,0,1,0,1,3.0,7.1,6.1,4.4,3.5,7.8,0.0,0.5,0,0.0,0.0,0,1,0,5.433333333333334,1,5.78,B.Sc,1,1,test
20,7.2,7.9,9.3,4.0,4.2,3.2,3.0,0,0,0,0,,3,0,2,4,2,2.0,4.9,6.3,7.5,8.7,5.9,0.0,0.6666666666666666,0,0.0,0.0,0,0,1,5.266666666666667,2,6.659999999999999,B.Tech,1,0,test
24,7.8,8.3,6.8,7.0,8.9,7.2,10.0,2,2,2,1,337.0,5,0,1,5,2,2.0,4.6,7.0,6.9,6.9,3.1,0.0,0.2,0,1.0,1.0,1,1,0,8.033333333333333,8,5.7,B.Tech,1,4,test
23,6.98,4.5,6.7,6.2,3.6,2.9,2.0,1,0,0,2,82.0,4,0,1,5,1,2.0,7.8,6.1,4.9,4.6,6.5,0.0,0.25,0,0.0,0.0,0,1,0,4.316666666666666,1,5.9799999999999995,M.Tech,0,5,test
24,7.25,10.0,4.4,3.5,4.1,4.4,3.6,0,0,0,1,259.0,2,0,0,3,3,2.0,7.4,6.3,4.0,4.4,5.4,0.0,0.0,0,0.0,0.0,0,1,0,5.0,3,5.5,B.Tech,1,4,test
22,7.37,3.6,6.4,9.5,7.0,4.4,7.2,2,1,1,2,336.0,3,0,0,6,4,2.0,4.5,6.9,3.5,9.5,8.8,0.0,0.0,0,1.0,0.5,1,1,0,6.3500000000000005,7,6.640000000000001,B.Tech,1,0,test
22,7.28,6.9,4.9,4.6,4.7,4.1,4.6,4,2,1,2,489.0,8,0,2,1,3,1.0,8.6,1.4,6.2,4.8,5.4,0.0,0.25,0,0.5,0.5,1,1,0,4.966666666666666,7,5.279999999999999,B.Tech,1,2,test
21,8.26,7.4,6.4,6.8,4.7,6.0,3.1,3,0,0,1,320.0,2,0,1,8,0,4.0,4.0,3.9,3.5,9.7,3.5,0.0,0.5,0,0.0,0.0,0,1,0,5.733333333333333,0,4.92,B.Sc,0,5,test
23,8.0,6.4,1.6,4.9,6.1,4.6,3.8,1,1,0,3,357.0,2,0,0,7,1,1.0,6.0,6.4,6.2,3.4,3.5,0.0,0.0,0,0.0,1.0,0,1,0,4.566666666666667,2,5.1,B.Tech,0,5,test
25,8.37,8.1,4.8,3.6,2.8,6.3,7.0,1,1,1,2,332.0,3,0,0,4,2,5.0,7.8,7.6,4.8,6.3,2.7,0.0,0.0,0,1.0,1.0,1,1,0,5.433333333333334,5,5.84,B.Tech,0,5,test
22,8.3,5.7,6.2,5.6,5.1,3.0,7.4,3,1,0,0,,2,0,1,4,3,2.0,6.4,9.6,3.3,6.4,6.5,0.0,0.5,0,0.0,0.3333333333333333,0,0,1,5.5,4,6.44,BCA,0,5,test
