student_id,age,degree,cgpa,python_score,sql_score,statistics_score,ml_score,dl_score,genai_score,ml_projects,end_to_end_projects,deployed_projects,kaggle_competitions,best_competition_rank,hackathons_attended,hackathons_won,finalist_status,github_projects,internship_months,certifications,ml_interview_score,communication_score,dsa_score,resume_score,mock_interview_score,job_ready,career_track
S100000,20,M.Tech,9.54,6.7,8.5,5.4,5.3,5.0,7.3,4,0,0,0,,4,0,1,3,1,1.0,8.4,,7.1,5.5,8.7,0,5
S100001,23,B.Tech,6.57,6.8,7.9,4.6,4.9,3.3,4.6,2,1,0,2,437.0,5,1,2,4,1,1.0,7.7,6.0,7.3,6.1,4.8,0,5
S100002,24,MCA,7.56,10.0,6.7,5.2,5.5,0.2,2.2,3,0,0,1,161.0,0,0,0,2,0,3.0,8.2,7.5,6.3,5.7,7.3,0,5
S100003,23,B.Sc,6.44,4.2,3.1,4.5,5.8,4.8,4.5,2,0,0,1,55.0,4,1,1,3,2,3.0,7.1,4.7,4.6,5.9,7.1,0,5
S100004,22,B.Tech,6.8,6.5,3.1,5.8,2.3,2.4,5.8,1,1,0,0,,5,0,2,4,2,2.0,4.4,4.6,4.2,8.6,7.3,0,5
S100005,24,BCA,6.93,7.0,6.9,9.3,6.7,3.2,4.8,3,0,0,0,,4,0,2,4,1,2.0,7.8,5.7,4.8,3.8,6.7,0,5
S100006,22,M.Tech,6.55,5.2,3.1,4.9,4.9,5.6,1.6,0,0,0,1,273.0,1,1,1,2,4,2.0,6.9,7.1,5.4,6.6,7.3,0,5
S100007,24,M.Tech,6.55,6.6,5.3,6.1,8.3,7.6,9.1,2,1,0,1,100.0,4,0,2,1,1,5.0,4.3,8.4,2.0,4.3,2.8,0,5
S100008,22,B.Tech,7.37,3.6,6.4,9.5,7.0,4.4,7.2,2,1,1,2,336.0,3,0,0,6,4,2.0,4.5,6.9,3.5,9.5,8.8,1,0
S100009,20,B.Tech,6.4,9.0,3.5,4.4,8.1,5.7,4.3,1,1,1,1,183.0,0,0,0,3,6,,5.3,10.0,8.0,6.2,2.2,1,3
S100010,23,B.Tech,8.26,5.3,3.8,9.1,3.8,1.3,4.4,3,0,0,4,123.0,5,1,3,5,0,4.0,7.7,5.3,5.9,3.7,6.4,0,5
S100011,20,BCA,6.67,10.0,5.6,5.5,5.1,5.0,5.8,3,1,1,0,,4,1,2,2,1,3.0,5.7,7.8,8.0,5.6,5.7,1,4
S100012,25,B.Sc,10.0,6.4,6.8,9.1,3.3,4.4,2.5,4,1,0,0,,0,0,0,0,2,4.0,5.5,4.5,7.5,3.4,4.5,1,0
S100013,23,MCA,7.09,8.4,7.9,7.0,4.4,7.2,5.7,3,1,1,1,245.0,1,0,0,1,6,3.0,5.2,9.4,4.9,4.9,3.8,1,4
S100014,22,B.Tech,7.56,6.4,7.0,6.1,8.3,3.3,2.1,1,1,0,0,,1,1,1,7,1,4.0,4.8,8.9,4.9,7.1,6.9,0,5
S100015,22,B.Tech,6.33,6.4,5.9,5.4,8.8,4.0,4.8,1,1,1,0,,1,0,0,7,1,6.0,3.2,7.8,7.4,8.5,7.4,1,3
S100016,23,B.Sc,9.04,5.4,4.3,4.3,3.5,6.8,2.4,0,0,0,0,,0,0,0,3,1,4.0,7.1,3.4,7.0,7.9,5.6,0,5
S100017,21,B.Tech,8.51,6.7,3.7,5.7,4.9,4.3,2.5,4,4,0,1,437.0,3,0,0,3,2,4.0,3.5,7.8,7.5,5.8,5.2,1,2
S100018,21,MCA,7.77,7.1,4.8,7.3,5.6,2.1,8.6,3,1,0,2,481.0,2,0,1,1,5,1.0,5.6,5.0,5.5,7.0,8.4,1,4
S100019,22,B.Sc,6.29,5.1,6.6,5.5,7.0,10.0,5.1,4,2,1,1,111.0,3,0,2,1,0,3.0,4.7,7.3,5.8,7.5,5.0,1,3
S100020,21,M.Tech,7.69,6.3,6.5,4.9,2.3,2.1,5.5,3,2,0,1,217.0,1,0,0,5,2,2.0,7.0,3.9,5.0,10.0,5.7,1,2
S100021,24,B.Tech,6.49,5.4,1.6,5.0,2.6,4.4,0.6,2,2,2,2,169.0,1,0,0,2,2,6.0,4.8,7.0,5.4,4.9,5.4,0,5
S100022,20,BCA,8.82,10.0,4.2,7.5,6.8,5.3,3.7,4,0,0,0,,4,1,2,6,4,3.0,3.5,5.9,4.1,8.7,10.0,1,1
S100023,24,MCA,8.23,6.3,8.2,8.0,1.9,5.1,6.0,0,0,0,0,,3,0,1,3,1,6.0,7.5,5.1,5.4,4.0,4.1,0,5
S100024,22,M.Tech,7.59,9.3,6.0,4.2,4.9,4.1,5.4,2,1,1,2,445.0,0,0,0,2,1,1.0,3.8,7.6,5.2,8.1,7.5,0,5
S100025,23,B.Tech,5.31,6.1,3.0,4.2,6.1,4.1,0.3,2,2,0,0,,1,0,0,2,0,1.0,5.8,6.4,4.6,4.9,2.4,0,5
S100026,20,B.Tech,6.61,7.0,10.0,6.3,6.6,4.0,5.5,4,2,0,1,257.0,2,0,0,4,1,1.0,8.0,6.1,7.1,4.8,3.9,1,0
S100027,22,B.Tech,8.12,4.1,5.7,8.6,5.5,2.0,5.8,0,0,0,1,59.0,5,1,2,2,1,3.0,4.0,7.8,2.7,5.5,5.2,0,5
S100028,24,B.Tech,8.59,5.7,6.6,7.8,5.1,9.2,7.8,3,2,1,6,165.0,1,0,1,6,1,3.0,5.3,9.9,6.2,4.6,5.5,1,0
S100029,21,B.Sc,8.5,6.9,6.6,3.0,7.5,4.0,3.6,5,1,1,0,,0,0,0,4,0,5.0,4.6,7.0,3.7,6.8,5.3,1,4
S100030,20,M.Tech,6.07,9.4,5.1,5.0,6.4,5.8,0.1,3,0,0,0,,2,0,0,6,3,5.0,5.8,3.2,3.8,8.2,5.6,0,5
S100031,23,BCA,7.77,6.9,4.3,3.6,4.5,3.8,2.8,2,2,0,2,395.0,3,1,2,4,1,3.0,5.4,3.7,4.0,2.2,4.4,0,5
S100032,20,B.Tech,8.41,9.0,10.0,5.0,5.9,3.7,2.6,2,2,1,3,497.0,6,0,3,4,4,2.0,7.3,6.6,6.4,5.7,8.4,1,2
S100033,21,B.Tech,6.01,7.7,7.8,8.7,6.6,3.5,6.6,0,0,0,0,,4,1,3,4,3,5.0,4.3,8.3,1.0,,3.8,1,1
S100034,22,B.Tech,7.49,9.4,7.4,2.7,9.2,1.1,0.0,3,0,0,1,280.0,2,0,1,3,2,2.0,8.0,6.7,5.8,,7.3,0,5
S100035,23,B.Tech,7.75,6.4,7.0,2.3,7.4,4.1,4.0,2,2,1,1,35.0,2,0,1,6,0,2.0,8.7,7.4,5.6,8.6,7.2,1,3
S100036,23,B.Tech,7.23,10.0,3.8,3.8,8.2,3.6,8.1,0,0,0,1,56.0,5,1,2,7,2,4.0,6.0,,3.6,5.7,3.9,0,5
S100037,24,B.Tech,5.83,5.6,8.4,6.1,4.6,7.1,5.0,5,2,2,1,483.0,1,1,1,5,2,5.0,3.9,8.2,5.9,4.7,5.1,1,0
S100038,25,B.Tech,7.21,5.1,4.1,6.7,4.8,1.9,7.0,5,4,0,1,469.0,4,0,0,3,0,1.0,5.4,7.6,3.1,3.1,5.8,0,5
S100039,20,B.Sc,7.21,4.3,6.4,6.4,5.3,3.2,1.4,2,2,1,1,469.0,2,1,1,4,1,3.0,5.3,4.7,5.4,9.5,9.2,1,0
S100040,22,B.Tech,7.37,10.0,2.5,7.9,5.5,2.5,1.5,2,0,0,0,,6,0,2,6,2,6.0,9.0,7.3,3.0,8.4,5.1,0,5
S100041,20,MCA,6.99,8.0,1.7,2.0,3.8,7.7,8.2,6,2,0,4,326.0,7,1,2,3,1,3.0,5.3,3.7,9.6,,10.0,1,3
S100042,20,M.Tech,7.1,5.9,6.4,7.9,8.3,2.6,5.2,2,1,1,1,115.0,6,2,3,4,1,5.0,8.3,7.3,7.2,7.2,7.3,1,2
S100043,21,B.Tech,7.46,8.7,4.2,4.9,7.6,5.7,5.2,4,1,1,5,341.0,5,0,2,3,3,,5.7,6.0,6.0,,6.5,1,2
S100044,23,MCA,7.9,7.7,1.8,7.0,5.2,6.6,2.5,3,1,0,2,242.0,4,1,1,4,4,1.0,5.6,6.8,3.6,5.1,7.6,1,1
S100045,25,MCA,7.23,10.0,6.9,2.9,7.1,4.2,5.2,3,1,1,2,466.0,4,1,1,4,2,4.0,4.8,7.1,4.9,3.8,2.4,1,4
S100046,24,B.Tech,7.13,3.7,10.0,5.5,6.2,1.5,2.5,5,0,0,2,187.0,3,1,2,3,3,1.0,5.0,7.0,5.0,2.4,8.1,1,0
S100047,23,B.Tech,7.58,6.0,8.6,6.0,7.2,1.5,7.6,2,0,0,0,,5,0,0,1,2,2.0,7.3,9.1,6.0,5.9,3.2,1,4
S100048,24,B.Sc,5.77,5.7,5.3,7.8,3.1,6.4,10.0,4,1,0,1,329.0,5,1,2,2,3,2.0,4.0,,6.3,9.4,7.5,1,4
S100049,21,B.Tech,7.93,2.9,5.8,2.3,5.5,1.7,6.1,4,1,1,1,394.0,1,0,0,5,1,4.0,7.4,6.8,5.9,4.3,4.6,0,5
S100050,25,B.Tech,7.5,8.4,7.6,5.6,5.7,5.4,3.6,2,1,0,1,26.0,4,0,2,4,1,4.0,8.4,8.9,6.2,7.6,4.2,1,1
S100051,25,B.Tech,7.54,6.0,8.0,3.3,7.0,4.8,0.0,3,2,2,5,232.0,0,0,0,4,4,1.0,4.3,9.9,5.2,7.9,9.3,1,2
S100052,20,M.Tech,8.36,7.8,5.1,6.5,4.5,5.3,1.3,4,1,1,0,,2,0,1,6,2,3.0,7.9,6.5,6.2,7.3,5.6,1,2
S100053,22,B.Sc,5.74,10.0,5.9,7.1,0.8,5.5,8.4,1,1,0,1,114.0,1,0,0,3,2,2.0,7.6,5.6,4.2,9.6,2.7,0,5
S100054,24,M.Tech,5.72,5.9,6.4,8.1,3.6,2.4,2.7,4,1,1,5,402.0,2,1,1,4,3,4.0,7.2,5.7,3.4,7.7,7.7,1,0
S100055,22,M.Tech,7.75,5.7,6.9,4.4,5.7,2.4,4.2,2,2,0,2,416.0,6,1,3,5,3,4.0,4.2,7.3,9.2,9.2,3.4,1,2
S100056,25,B.Tech,7.49,6.7,5.5,7.4,5.9,6.1,6.4,6,1,1,3,41.0,2,1,1,6,2,1.0,5.3,6.1,6.3,3.9,8.5,0,5
S100057,25,B.Sc,7.65,8.3,5.6,8.2,9.2,3.1,8.3,4,3,0,0,,4,0,1,3,3,6.0,5.3,3.4,9.1,7.3,5.8,1,4
S100058,22,B.Tech,7.08,5.5,8.6,2.2,7.0,0.0,4.6,2,2,1,3,430.0,0,0,0,4,2,2.0,9.7,8.5,5.0,8.7,3.3,1,2
S100059,20,B.Tech,8.1,5.4,8.2,6.7,6.0,5.9,4.1,2,2,0,3,145.0,4,0,0,2,2,,5.5,8.0,10.0,4.6,7.4,1,0
S100060,22,B.Sc,8.34,8.4,6.8,7.4,5.7,2.2,5.2,6,1,0,1,316.0,4,1,1,7,3,4.0,5.1,8.6,5.7,0.0,6.8,1,1
S100061,21,B.Tech,7.94,7.2,9.2,5.0,8.0,5.5,3.6,2,2,2,0,,2,0,0,5,1,3.0,3.2,8.9,7.8,3.7,1.6,0,5
S100062,22,B.Sc,7.27,2.8,5.0,3.1,4.6,7.6,3.7,0,0,0,1,10.0,1,0,0,4,3,2.0,3.6,6.8,5.6,4.7,5.7,0,5
S100063,23,M.Tech,5.6,4.3,9.0,7.4,5.5,4.5,5.9,3,0,0,2,408.0,3,0,0,5,2,1.0,4.1,,5.8,7.0,6.4,0,5
S100064,22,B.Sc,,9.2,6.9,3.1,3.6,6.7,5.4,3,2,0,0,,4,0,0,2,1,2.0,6.2,8.3,5.3,5.0,6.3,0,5
S100065,21,B.Sc,8.6,7.2,10.0,5.1,8.6,4.8,9.7,6,0,0,3,135.0,1,0,1,4,3,1.0,2.7,4.3,4.5,6.0,5.4,1,4
S100066,21,B.Sc,8.08,5.1,3.4,5.4,6.6,8.0,6.0,4,1,0,3,157.0,4,0,1,5,5,2.0,4.2,5.9,7.5,4.9,7.3,1,1
S100067,24,B.Tech,6.71,6.2,4.4,6.9,4.4,2.2,7.5,1,1,0,1,384.0,5,1,2,6,0,2.0,1.8,6.4,5.5,5.8,6.9,0,5
S100068,20,B.Tech,8.11,6.5,6.6,4.2,5.6,4.5,2.6,3,1,0,3,401.0,3,1,1,5,4,2.0,8.3,8.2,7.2,5.9,5.9,1,3
S100069,21,B.Tech,8.27,7.8,6.6,4.1,6.8,6.0,6.2,2,0,0,2,37.0,5,3,3,3,2,4.0,5.7,5.5,7.3,4.9,5.3,0,5
S100070,25,B.Tech,8.9,4.1,9.7,5.7,5.3,4.1,3.4,3,3,0,2,180.0,5,0,3,2,0,2.0,6.1,5.2,8.3,7.5,6.1,0,5
S100071,20,B.Tech,6.71,5.0,4.5,7.5,4.7,7.0,5.9,4,1,0,3,312.0,3,1,1,5,3,4.0,3.3,5.7,6.3,8.5,4.6,0,5
S100072,22,MCA,7.3,7.0,7.6,10.0,4.5,3.5,6.5,1,1,1,3,64.0,6,1,3,3,3,2.0,7.8,7.3,2.5,,3.8,1,0
S100073,21,B.Tech,8.17,6.3,8.1,2.5,6.5,9.1,5.1,1,1,0,2,499.0,0,0,0,10,2,,8.5,6.4,4.9,,3.6,1,3
S100074,20,B.Tech,7.55,7.5,7.2,6.1,5.1,9.2,10.0,2,0,0,3,105.0,4,0,1,3,1,1.0,5.6,3.9,5.4,,5.6,0,5
S100075,22,B.Tech,6.49,4.3,3.9,3.3,4.9,5.1,8.1,5,2,1,0,,3,0,0,3,4,1.0,4.5,4.2,5.5,2.8,4.1,1,2
S100076,23,B.Tech,7.87,7.1,8.6,7.5,3.1,5.7,7.6,6,2,0,4,33.0,7,1,3,7,4,4.0,6.6,6.7,8.1,7.9,5.5,1,0
S100077,21,B.Sc,8.02,8.5,8.3,3.6,6.0,7.1,6.7,6,2,0,0,,1,0,1,2,1,2.0,7.0,6.8,7.8,9.6,8.5,1,3
S100078,20,B.Sc,7.58,7.4,7.0,4.2,5.4,1.9,8.9,2,1,1,0,,4,0,2,2,1,1.0,7.2,6.5,5.2,5.4,5.4,0,5
S100079,20,M.Tech,7.7,6.8,6.2,4.3,5.2,1.6,1.8,5,0,0,0,,2,0,0,8,1,4.0,6.8,5.7,10.0,9.3,6.1,0,5
S100080,23,B.Sc,7.27,6.3,6.3,5.3,6.2,7.3,8.0,2,0,0,1,180.0,2,1,1,5,0,1.0,7.4,7.9,4.8,4.8,5.3,0,5
S100081,25,B.Tech,8.83,5.0,5.6,6.1,7.3,5.1,2.8,6,1,1,0,,2,0,1,1,2,2.0,4.1,7.2,5.0,5.6,8.4,1,2
S100082,21,MCA,6.69,6.4,7.1,6.5,7.2,4.0,3.8,2,1,0,1,55.0,1,0,0,1,5,2.0,7.3,7.1,3.3,9.0,9.1,1,0
S100083,21,B.Tech,6.97,8.8,5.9,5.5,6.9,4.5,6.2,3,0,0,3,338.0,3,0,0,4,2,4.0,4.6,7.2,2.4,4.4,4.9,1,1
S100084,22,B.Tech,7.51,6.3,4.1,2.8,5.3,0.0,7.7,2,0,0,0,,0,0,0,5,0,4.0,0.5,9.4,3.1,7.7,7.3,0,5
S100085,22,B.Tech,8.29,4.9,3.7,7.0,4.7,4.1,2.5,0,0,0,1,161.0,3,1,2,3,2,2.0,4.6,4.7,7.5,5.4,10.0,0,5
S100086,21,M.Tech,6.15,5.6,4.3,5.4,3.7,2.8,3.9,4,0,0,2,236.0,6,2,3,5,0,2.0,4.4,5.7,7.0,4.7,3.5,0,5
S100087,20,B.Tech,6.32,6.9,6.2,7.8,4.6,6.5,5.2,3,3,1,2,276.0,6,2,5,5,2,5.0,6.0,5.9,3.7,5.1,7.8,1,2
S100088,23,B.Tech,5.67,5.8,5.7,4.1,5.8,6.7,4.6,4,3,0,0,,4,1,4,3,1,,7.2,8.8,5.7,2.1,2.3,0,5
S100089,22,B.Tech,7.53,7.4,6.2,2.3,4.2,5.8,6.9,4,0,0,2,270.0,3,0,0,1,2,2.0,5.9,5.8,7.1,8.3,5.9,0,5
S100090,22,B.Tech,6.49,7.4,6.8,5.4,6.0,5.4,10.0,0,0,0,0,,5,1,1,4,0,2.0,9.5,5.1,1.4,6.4,5.5,0,5
S100091,21,B.Sc,7.15,8.1,4.5,8.1,3.9,1.2,5.9,5,1,1,3,272.0,1,0,0,2,4,3.0,4.4,6.3,9.0,5.7,2.4,0,5
S100092,25,B.Tech,8.1,9.1,8.7,5.8,2.5,5.8,3.4,1,0,0,1,174.0,5,2,2,6,2,7.0,1.5,6.7,7.6,4.8,8.0,0,5
S100093,23,B.Tech,6.92,8.3,5.3,5.1,7.4,5.9,2.1,2,0,0,2,206.0,4,0,0,4,2,5.0,6.1,8.7,7.1,6.6,6.1,1,1
S100094,22,B.Tech,7.71,4.8,4.9,3.8,4.9,7.2,4.3,6,0,0,1,186.0,1,0,1,1,1,2.0,4.4,5.8,7.9,7.6,3.9,0,5
S100095,21,B.Sc,7.23,4.9,6.8,9.0,4.1,9.2,2.9,3,1,1,2,177.0,3,0,0,3,5,1.0,3.3,5.3,1.4,5.5,6.5,0,5
S100096,24,B.Tech,8.1,6.4,2.1,3.4,3.6,0.8,6.0,1,1,1,2,118.0,2,1,1,3,2,3.0,4.9,4.9,5.1,7.7,7.6,1,4
S100097,25,B.Tech,7.93,5.7,4.2,4.0,6.6,3.6,6.0,3,3,0,4,165.0,2,0,0,0,0,0.0,3.9,5.9,8.0,6.5,2.3,0,5
S100098,20,B.Tech,6.88,4.5,7.8,6.6,8.5,2.9,4.0,2,1,0,1,356.0,3,1,1,3,2,1.0,4.1,10.0,5.5,5.8,0.0,0,5
S100099,25,BCA,7.35,5.7,2.3,1.8,5.0,4.9,9.4,1,1,1,3,113.0,4,2,4,9,1,2.0,8.5,7.2,7.0,7.6,5.7,1,4
S100100,24,MCA,8.44,5.6,8.0,8.0,5.4,4.5,3.4,4,1,0,2,379.0,4,0,2,2,2,1.0,5.7,7.6,8.4,5.1,4.3,1,0
S100101,20,B.Sc,7.85,5.3,8.8,6.7,7.9,4.0,4.7,2,1,0,0,,3,1,1,6,1,3.0,5.0,,6.9,3.7,8.5,0,5
S100102,24,B.Tech,6.24,5.9,5.1,7.3,2.2,6.8,6.4,4,0,0,1,305.0,8,1,2,5,3,6.0,8.7,6.7,5.0,5.9,5.1,1,0
S100103,20,BCA,8.09,8.6,6.4,6.6,9.7,2.1,7.0,3,3,1,2,59.0,3,0,2,3,1,2.0,4.9,,6.7,6.1,6.4,1,2
S100104,20,M.Tech,6.52,6.9,8.0,5.2,10.0,2.2,7.8,2,2,1,4,104.0,3,0,1,4,2,3.0,3.0,7.5,2.2,5.6,5.4,0,5
S100105,20,M.Tech,8.77,10.0,4.9,3.4,0.4,2.2,5.9,1,0,0,1,450.0,3,1,2,1,1,1.0,2.8,7.1,6.5,8.1,2.7,0,5
S100106,22,B.Tech,8.42,6.8,7.5,5.2,5.6,3.7,7.3,3,3,0,1,415.0,4,0,1,5,2,1.0,5.3,6.5,7.0,6.9,5.9,1,2
S100107,23,B.Tech,7.76,6.0,4.5,3.5,4.4,1.8,3.5,1,0,0,1,35.0,1,0,0,1,5,5.0,2.2,5.9,5.8,5.8,3.1,0,5
S100108,22,B.Tech,7.64,6.5,4.8,6.5,5.3,4.4,7.0,3,0,0,1,451.0,3,1,1,7,2,1.0,3.2,7.3,7.8,6.0,3.0,1,4
S100109,20,MCA,7.31,7.0,4.2,7.1,5.0,4.1,7.0,3,2,0,1,418.0,4,0,1,5,3,4.0,4.7,6.7,6.1,6.1,3.6,1,4
S100110,21,B.Tech,8.11,7.3,6.5,8.5,7.4,2.8,8.3,2,0,0,0,,0,0,0,3,4,4.0,7.8,,5.8,6.9,3.4,1,4
S100111,25,B.Tech,7.17,10.0,8.1,6.2,5.6,6.4,1.3,0,0,0,2,121.0,2,0,1,0,4,1.0,8.1,8.4,9.2,6.1,5.4,1,1
S100112,25,B.Tech,7.71,5.0,5.4,7.3,4.0,4.4,3.0,3,2,1,1,89.0,2,0,0,4,0,3.0,6.8,5.3,3.6,5.7,5.0,0,5
S100113,24,B.Sc,8.28,8.0,3.3,4.9,5.5,6.8,6.8,2,1,0,3,426.0,3,0,1,1,1,2.0,5.5,4.4,8.3,3.6,6.4,1,4
S100114,20,B.Tech,6.99,6.9,3.6,4.5,6.8,4.1,0.0,2,0,0,3,427.0,3,2,3,2,2,5.0,4.4,5.8,8.1,4.7,2.7,0,5
S100115,24,MCA,6.95,3.7,6.6,6.4,3.4,4.4,6.1,4,1,1,5,360.0,5,0,2,4,2,1.0,6.3,4.6,7.2,6.5,5.3,1,3
S100116,24,M.Tech,6.43,7.9,9.5,4.7,2.5,3.3,7.3,0,0,0,1,125.0,3,1,2,4,1,0.0,9.1,,4.7,6.3,4.8,0,5
S100117,23,M.Tech,6.54,8.8,6.6,6.0,9.8,4.5,3.7,2,0,0,1,460.0,3,1,1,3,1,4.0,5.8,4.8,6.2,3.3,6.2,0,5
S100118,20,B.Tech,5.85,5.0,5.0,3.4,4.5,6.1,4.1,0,0,0,3,423.0,4,0,1,5,2,1.0,4.6,5.9,3.9,5.0,6.3,0,5
S100119,25,B.Sc,8.16,6.5,7.3,3.7,5.5,3.6,2.6,2,2,0,3,435.0,2,0,1,2,4,,5.2,5.9,4.4,4.3,6.1,0,5
S100120,22,B.Sc,,3.4,5.3,6.8,5.0,5.6,3.9,4,1,1,0,,0,0,0,3,3,3.0,5.0,6.8,5.8,8.5,3.8,0,5
S100121,20,B.Sc,8.78,4.2,5.0,7.3,6.9,2.7,3.9,3,0,0,1,350.0,1,1,1,7,1,2.0,6.6,6.1,3.7,6.5,5.8,0,5
S100122,21,B.Tech,6.04,8.4,3.9,3.5,9.3,6.2,3.5,3,0,0,1,338.0,4,1,3,7,1,2.0,4.0,4.9,5.0,6.8,4.8,0,5
S100123,22,B.Tech,8.15,5.7,8.6,6.8,7.0,3.2,3.4,4,2,1,0,,2,0,2,2,0,1.0,6.3,8.7,3.3,5.9,8.4,1,0
S100124,20,B.Tech,8.78,4.5,0.7,4.4,2.8,6.4,4.4,4,1,1,1,291.0,2,1,2,5,0,4.0,6.6,7.2,6.8,4.9,6.0,0,5
S100125,21,B.Tech,7.09,6.9,7.4,5.5,3.0,4.6,4.4,1,0,0,2,274.0,3,1,1,5,2,4.0,6.2,5.5,8.8,5.2,6.0,0,5
S100126,22,B.Tech,7.59,5.6,4.9,8.3,5.0,7.8,9.1,2,0,0,0,,8,2,4,4,3,2.0,3.3,4.9,9.9,6.9,3.2,1,3
S100127,25,B.Tech,5.69,5.7,5.0,7.1,5.3,2.0,4.1,0,0,0,1,170.0,1,0,0,1,2,1.0,5.2,3.9,3.4,5.5,4.6,0,5
S100128,20,B.Tech,7.74,7.8,9.2,7.1,2.4,1.3,5.8,3,1,0,1,334.0,1,0,0,5,2,2.0,4.4,3.7,3.8,6.9,6.3,0,5
S100129,23,B.Sc,6.54,4.4,4.4,9.3,7.4,3.1,3.7,4,1,0,2,443.0,2,0,0,8,1,1.0,5.4,8.4,5.4,6.3,5.6,0,5
S100130,25,B.Tech,7.68,4.9,4.4,4.1,3.6,1.5,3.7,3,1,1,7,302.0,3,0,1,2,2,3.0,4.2,8.2,7.1,6.5,5.6,0,5
S100131,24,BCA,6.09,6.8,5.5,3.5,8.8,1.5,1.3,5,3,0,2,436.0,5,2,3,0,2,2.0,8.0,5.4,5.3,6.6,2.3,1,2
S100132,25,B.Sc,7.99,8.2,6.6,4.1,9.4,5.9,1.5,2,2,0,1,386.0,4,0,1,1,0,4.0,5.9,9.0,7.7,5.1,4.2,1,3
S100133,21,B.Tech,8.42,8.7,4.9,5.0,5.3,4.5,2.3,1,1,1,1,157.0,2,1,1,5,2,1.0,2.3,7.6,6.8,5.4,5.3,1,2
S100134,24,B.Sc,6.8,5.3,2.7,0.8,6.7,3.4,5.4,4,2,0,1,368.0,9,1,3,8,4,5.0,2.8,6.9,2.2,,8.2,1,3
S100135,25,B.Tech,6.48,8.2,4.1,5.1,3.3,3.6,7.4,1,1,0,1,336.0,1,0,0,3,1,2.0,7.9,8.1,5.8,9.3,2.0,0,5
S100136,21,BCA,5.56,5.1,8.4,4.4,7.0,3.2,1.1,1,1,1,1,471.0,8,2,4,0,3,0.0,5.1,7.6,3.2,,3.7,0,5
S100137,22,B.Tech,7.26,9.8,5.9,7.1,4.8,8.1,3.8,2,1,0,1,169.0,4,1,1,8,2,3.0,4.7,6.8,4.6,1.0,2.0,0,5
S100138,23,M.Tech,6.98,4.5,6.7,6.2,3.6,2.9,2.0,1,0,0,2,82.0,4,0,1,5,1,2.0,7.8,6.1,4.9,4.6,6.5,0,5
S100139,22,B.Tech,6.1,8.9,5.3,4.3,5.2,1.6,4.4,1,0,0,2,339.0,4,1,1,5,2,1.0,5.2,6.3,7.2,6.2,8.2,1,1
S100140,21,B.Tech,7.91,5.3,4.5,6.7,4.9,6.3,7.4,8,0,0,1,316.0,4,0,2,4,4,2.0,3.1,3.6,5.7,4.0,6.5,1,4
S100141,25,B.Tech,7.1,10.0,9.2,6.9,5.1,4.0,4.0,2,0,0,1,307.0,5,0,1,1,0,1.0,3.2,5.1,4.8,3.9,7.0,0,5
S100142,25,BCA,6.53,7.6,5.4,4.0,7.7,9.0,4.9,4,3,0,3,370.0,4,0,2,0,2,1.0,6.8,9.7,9.9,5.2,3.7,1,2
S100143,22,B.Sc,7.0,4.7,4.9,4.5,4.2,3.3,8.2,4,1,0,3,255.0,2,2,2,2,2,2.0,9.6,5.0,3.9,6.6,6.5,0,5
S100144,24,B.Tech,8.46,5.6,8.0,1.0,9.3,6.4,6.0,3,3,0,0,,4,2,2,5,2,1.0,7.2,3.2,6.3,7.1,4.3,1,2
S100145,22,B.Tech,8.04,7.9,4.4,3.3,3.1,6.9,3.3,1,1,0,0,,3,0,0,2,2,2.0,4.7,,7.1,5.3,5.9,0,5
S100146,24,B.Tech,7.38,8.4,4.6,4.0,9.0,3.4,5.3,6,1,1,2,139.0,4,1,1,1,0,4.0,5.0,6.9,6.1,5.2,6.8,1,1
S100147,23,B.Tech,8.06,6.4,5.8,5.6,3.8,2.9,3.2,6,3,1,1,123.0,4,0,1,3,5,3.0,5.6,7.0,3.9,4.5,5.2,1,2
S100148,22,B.Tech,6.46,6.6,5.8,3.6,5.8,6.1,5.9,7,5,2,2,407.0,5,0,2,3,1,1.0,1.5,6.2,3.8,6.9,7.4,1,2
S100149,20,B.Tech,7.53,7.9,6.3,4.5,4.8,5.8,6.1,3,1,1,4,398.0,2,0,0,3,1,2.0,5.5,8.1,7.0,,5.5,1,4
S100150,23,MCA,7.63,6.7,10.0,3.0,5.1,1.4,2.0,3,2,0,0,,4,1,2,5,2,5.0,6.7,9.3,7.8,7.6,6.3,1,0
S100151,21,MCA,7.08,4.2,6.5,5.8,7.4,2.0,5.4,4,0,0,0,,2,1,1,6,6,2.0,9.0,5.6,5.6,6.2,9.6,1,1
S100152,21,B.Tech,7.89,5.0,1.0,6.4,8.8,0.0,4.7,4,1,0,2,41.0,8,0,2,5,5,3.0,7.7,7.6,3.1,3.6,6.8,1,2
S100153,21,B.Sc,6.8,6.9,6.5,6.3,8.2,5.8,6.2,2,2,1,4,141.0,2,0,1,8,0,0.0,9.4,8.5,5.7,5.4,4.3,1,1
S100154,25,B.Tech,7.96,8.7,5.9,5.5,5.0,3.9,6.8,2,1,0,4,122.0,3,0,0,3,4,4.0,8.9,5.5,8.8,7.5,4.8,1,0
S100155,20,B.Sc,8.0,9.4,5.9,2.4,6.2,4.1,6.1,1,1,1,1,211.0,2,1,1,1,2,2.0,8.3,9.2,3.7,2.9,7.5,1,3
S100156,24,B.Tech,5.0,7.9,6.3,4.3,4.2,0.8,4.3,2,1,1,1,179.0,4,0,1,2,3,4.0,5.6,8.5,5.1,5.8,7.9,1,4
S100157,25,B.Sc,8.57,7.0,5.7,4.7,3.8,2.1,7.1,5,1,1,0,,4,0,1,4,3,2.0,6.2,4.3,5.8,6.5,5.7,0,5
S100158,20,M.Tech,5.0,7.8,5.7,4.7,3.5,3.4,3.1,3,1,1,0,,2,0,0,5,1,0.0,2.2,9.4,7.9,9.6,2.7,0,5
S100159,23,M.Tech,6.95,5.3,7.0,5.6,4.9,3.0,2.1,4,1,0,2,299.0,1,0,0,3,2,4.0,5.8,4.4,4.7,4.9,3.9,1,0
S100160,23,B.Tech,8.42,6.2,4.7,8.4,6.3,4.8,0.0,3,0,0,1,190.0,2,0,0,3,1,0.0,6.6,5.3,6.7,5.8,6.2,1,1
S100161,22,MCA,7.21,5.0,3.9,7.1,2.0,5.8,4.8,5,1,0,1,444.0,4,1,3,1,0,3.0,4.9,7.7,8.5,9.0,7.0,0,5
S100162,24,B.Tech,,4.3,10.0,3.5,5.7,9.5,3.2,4,3,0,3,181.0,4,0,2,4,1,1.0,2.4,8.4,2.8,4.9,7.8,1,2
S100163,22,B.Tech,6.52,7.1,4.4,6.9,8.8,4.5,5.9,1,1,1,1,59.0,3,0,0,7,2,3.0,8.7,6.7,3.1,7.9,1.7,0,5
S100164,22,B.Sc,8.42,6.8,6.0,6.8,8.0,7.0,0.7,5,1,1,1,424.0,3,2,3,2,2,2.0,6.3,5.4,5.5,6.7,7.5,1,3
S100165,22,B.Tech,5.77,7.7,2.8,3.9,4.6,2.7,3.6,1,1,1,2,66.0,1,0,0,4,1,6.0,8.9,6.0,7.7,5.6,8.7,1,2
S100166,24,MCA,,7.5,6.0,7.2,3.0,0.8,6.0,4,0,0,1,36.0,3,0,1,6,4,1.0,7.0,5.8,6.4,6.8,1.0,0,5
S100167,23,MCA,7.45,6.9,3.9,5.2,6.7,3.7,2.7,6,2,1,2,237.0,6,1,1,2,1,3.0,8.2,8.0,7.9,5.7,5.8,1,2
S100168,22,B.Tech,6.43,7.5,4.9,2.7,1.2,1.0,5.9,4,2,0,1,289.0,2,0,1,5,5,0.0,7.8,5.8,2.3,10.0,7.3,0,5
S100169,25,BCA,6.98,6.4,7.9,6.4,8.0,4.5,3.8,4,0,0,0,,3,2,2,5,1,2.0,4.1,5.3,6.4,2.3,3.0,0,5
S100170,24,B.Tech,6.58,7.2,6.7,5.9,5.4,2.8,4.9,1,1,1,2,419.0,5,0,2,6,2,2.0,4.5,3.8,0.0,5.5,4.8,1,0
S100171,25,B.Tech,8.28,5.2,6.9,5.0,9.5,0.2,6.3,3,1,0,1,139.0,2,1,2,3,1,5.0,4.6,5.4,8.4,,6.9,0,5
S100172,24,B.Tech,8.16,7.2,2.3,5.4,2.3,8.3,7.1,2,2,0,3,481.0,7,1,2,4,1,0.0,3.6,6.3,8.1,5.8,4.8,0,5
S100173,22,BCA,5.95,7.7,9.5,4.1,7.6,3.3,5.2,1,1,0,0,,5,0,1,5,5,2.0,9.0,4.5,5.1,7.9,5.1,1,0
S100174,24,B.Tech,7.14,5.3,3.4,6.7,5.6,0.9,3.2,2,1,0,2,93.0,5,1,2,4,1,4.0,5.6,3.4,1.1,5.2,6.2,0,5
S100175,21,B.Tech,6.72,6.6,8.9,5.4,5.1,6.5,4.0,1,1,0,1,205.0,3,0,1,5,1,1.0,6.4,,5.3,6.9,3.5,0,5
S100176,21,B.Tech,8.66,5.4,7.8,5.8,3.1,2.9,6.4,3,1,0,1,38.0,5,0,0,1,2,1.0,2.8,4.7,8.0,6.4,3.7,0,5
S100177,22,BCA,6.28,5.6,7.0,6.2,7.0,6.9,2.8,2,2,0,0,,5,0,1,2,3,1.0,7.1,4.1,6.5,7.5,6.7,1,3
S100178,25,MCA,8.94,4.5,4.1,3.2,7.2,2.9,4.6,4,4,1,3,324.0,1,0,0,6,4,2.0,4.7,9.3,9.4,5.8,7.7,1,2
S100179,23,M.Tech,7.47,8.8,6.1,3.7,9.4,3.3,4.2,3,0,0,2,215.0,3,0,2,4,1,0.0,8.0,8.0,5.1,6.6,6.6,1,1
S100180,22,MCA,6.45,8.4,4.9,1.1,7.8,5.3,4.8,3,2,0,1,339.0,0,0,0,3,3,3.0,4.1,8.3,9.8,5.8,8.5,1,3
S100181,22,MCA,6.89,7.5,5.9,6.6,4.6,5.8,2.8,6,2,0,0,,2,0,1,5,0,2.0,8.2,7.4,1.7,4.2,6.6,0,5
S100182,21,B.Tech,6.78,10.0,5.3,3.1,3.8,6.2,0.9,2,1,0,1,300.0,2,0,1,4,3,2.0,7.4,8.9,4.2,8.9,9.5,1,3
S100183,23,B.Tech,6.35,6.2,1.7,5.8,3.1,4.3,6.1,1,1,1,2,199.0,3,0,0,5,1,4.0,4.6,8.1,3.1,4.6,5.9,0,5
S100184,22,M.Tech,7.59,10.0,8.0,6.2,8.7,5.7,7.1,2,1,1,2,176.0,2,0,0,5,1,3.0,8.3,5.9,7.2,5.1,6.3,1,4
S100185,23,B.Sc,6.39,6.1,5.6,6.7,4.2,6.1,1.1,1,1,1,3,128.0,0,0,0,2,1,4.0,7.8,4.6,3.3,4.5,6.6,0,5
S100186,22,B.Tech,5.54,7.0,4.8,3.1,8.8,4.9,5.8,3,2,0,0,,3,2,3,1,2,6.0,6.5,4.2,7.7,6.7,4.5,1,2
S100187,21,B.Tech,7.16,5.8,4.7,5.4,6.9,4.2,7.4,3,0,0,1,236.0,2,0,1,3,2,7.0,3.5,6.2,7.1,5.1,4.2,0,5
S100188,25,M.Tech,5.88,7.2,6.5,8.8,6.5,1.3,6.3,2,1,1,0,,4,2,4,2,0,0.0,7.1,4.5,6.1,8.7,4.0,1,0
S100189,22,B.Tech,6.82,8.0,4.0,8.9,5.2,5.8,4.1,3,1,1,1,360.0,3,1,2,6,1,1.0,5.6,5.1,5.5,7.0,4.7,1,0
S100190,20,BCA,6.68,6.3,1.3,7.5,7.1,4.6,2.9,4,1,1,3,265.0,2,1,1,1,0,3.0,5.6,6.2,3.6,5.5,9.9,1,3
S100191,22,B.Tech,6.72,9.7,6.6,6.2,5.8,3.6,5.2,1,0,0,2,476.0,5,1,1,1,0,0.0,5.6,9.0,6.9,4.4,9.4,0,5
S100192,23,B.Tech,9.3,6.9,6.8,3.5,5.1,7.3,5.5,3,1,1,1,121.0,3,0,1,4,3,4.0,5.4,3.8,4.7,5.8,5.1,1,3
S100193,20,MCA,7.55,7.0,5.4,6.9,7.2,1.4,5.2,1,1,0,1,22.0,6,2,3,2,4,6.0,3.8,6.6,7.2,6.9,5.0,1,4
S100194,21,B.Tech,7.72,4.9,3.5,5.2,5.5,8.1,4.6,1,1,1,0,,2,0,0,5,2,5.0,2.5,4.2,8.7,5.9,1.5,0,5
S100195,20,B.Tech,5.9,7.3,6.0,6.6,4.2,4.5,2.6,6,4,1,2,266.0,1,1,1,2,2,2.0,2.1,5.5,5.1,5.7,3.8,1,2
S100196,23,B.Sc,6.91,6.3,2.9,4.2,7.0,5.2,5.9,1,1,0,2,410.0,7,2,3,1,0,3.0,6.1,8.2,8.3,4.2,4.2,0,5
S100197,24,MCA,7.69,5.4,3.7,5.2,5.7,3.6,6.0,2,1,0,3,318.0,7,1,2,2,4,5.0,0.7,5.0,6.1,10.0,4.9,1,4
S100198,25,B.Tech,6.58,5.1,4.3,5.8,6.8,0.8,5.4,2,1,0,1,469.0,2,0,2,6,1,1.0,7.0,6.0,6.9,5.6,4.7,1,4
S100199,22,B.Tech,8.32,10.0,7.5,6.0,4.9,4.2,5.2,0,0,0,1,43.0,2,0,1,3,3,1.0,6.5,6.8,3.1,3.5,6.2,0,5
S100200,25,M.Tech,6.42,6.0,5.1,6.5,3.4,5.2,8.7,1,1,1,0,,1,0,0,2,2,3.0,4.9,,4.3,4.1,7.3,1,4
S100201,21,BCA,7.24,3.9,4.9,4.3,9.3,6.0,3.6,1,1,1,1,414.0,3,1,2,2,1,3.0,7.6,5.5,4.3,5.4,4.3,0,5
S100202,24,B.Tech,6.97,5.2,9.7,2.8,8.9,4.1,7.8,2,2,1,2,251.0,1,0,0,2,2,4.0,5.0,8.8,8.4,9.5,8.7,1,2
S100203,23,B.Tech,7.65,6.4,6.5,8.7,7.6,0.0,3.4,0,0,0,1,138.0,0,0,0,3,3,1.0,6.3,5.7,5.0,5.7,6.5,0,5
S100204,24,B.Tech,6.92,7.5,6.5,10.0,5.0,1.1,7.4,3,2,0,1,384.0,0,0,0,5,5,3.0,1.6,7.4,7.0,5.3,7.6,1,0
S100205,24,B.Tech,7.26,7.5,5.1,6.4,5.2,9.0,7.7,2,0,0,3,437.0,1,0,1,1,2,1.0,1.0,6.2,5.6,7.5,4.9,1,4
S100206,23,B.Tech,7.29,7.7,4.6,2.9,8.6,2.1,4.4,3,1,0,1,130.0,4,2,3,2,1,2.0,5.0,7.8,5.0,7.7,6.9,1,1
S100207,21,B.Sc,6.84,5.3,1.4,4.0,5.1,7.6,8.7,3,2,0,3,276.0,5,0,0,3,3,2.0,6.3,10.0,2.8,7.2,6.7,1,2
S100208,23,B.Tech,7.94,7.1,7.7,6.5,4.5,2.4,6.0,5,1,0,3,402.0,7,0,1,5,1,4.0,7.4,6.0,1.9,6.4,8.7,1,0
S100209,24,B.Tech,7.71,4.9,6.7,8.2,9.5,4.1,3.1,4,0,0,2,76.0,2,0,2,6,2,2.0,5.1,6.5,5.0,4.0,7.1,1,2
S100210,25,B.Sc,7.42,5.4,5.4,3.1,5.7,5.9,4.2,2,2,1,0,,3,0,2,5,1,2.0,6.0,5.7,5.1,4.6,7.5,0,5
S100211,25,B.Sc,7.11,4.8,5.5,5.3,9.3,2.7,7.5,3,2,0,0,,3,0,1,7,4,2.0,7.1,5.4,3.9,3.1,4.7,1,2
S100212,21,B.Tech,8.22,4.4,7.3,5.9,3.0,8.0,7.0,2,1,0,2,376.0,4,0,1,4,3,2.0,5.2,5.2,6.0,5.6,8.2,1,3
S100213,23,MCA,7.29,8.4,2.7,7.2,6.8,4.7,2.7,4,0,0,0,,2,0,0,4,2,2.0,6.7,6.5,9.6,5.2,3.2,0,5
S100214,20,M.Tech,7.22,7.7,4.6,4.8,9.9,5.5,4.7,1,1,0,1,298.0,2,0,1,6,2,7.0,3.2,5.1,8.7,5.0,4.7,1,1
S100215,24,M.Tech,7.59,8.3,3.5,2.4,5.9,3.9,5.4,1,1,1,0,,4,0,1,1,0,2.0,2.2,5.2,5.7,6.5,6.4,0,5
S100216,25,B.Tech,9.03,6.6,9.3,6.7,5.3,5.9,3.9,1,1,0,0,,4,3,3,4,1,2.0,4.4,0.8,5.7,4.8,3.5,0,5
S100217,20,B.Tech,6.29,7.9,7.6,7.7,3.5,8.0,10.0,1,0,0,2,404.0,4,1,2,8,2,1.0,7.0,9.0,6.9,5.4,4.0,1,4
S100218,23,BCA,8.19,3.3,1.4,5.3,8.0,4.2,5.5,2,2,0,1,110.0,3,0,1,4,2,5.0,4.1,9.5,6.1,5.1,4.0,0,5
S100219,25,B.Tech,5.8,8.1,2.8,6.3,4.3,8.3,4.9,2,1,1,1,288.0,3,0,0,4,2,2.0,6.8,7.7,6.9,5.9,6.6,1,3
S100220,25,B.Tech,7.7,6.8,5.5,4.6,5.6,3.2,7.6,2,2,1,3,366.0,2,0,1,9,3,2.0,3.4,4.9,6.2,6.7,5.5,1,4
S100221,22,B.Tech,8.92,7.6,4.9,3.8,3.3,6.2,4.2,1,1,1,2,136.0,4,1,3,5,1,2.0,4.3,4.2,5.8,3.6,7.7,0,5
S100222,20,B.Sc,7.94,7.2,3.2,7.6,8.9,5.6,7.2,4,1,1,1,82.0,2,0,0,2,2,2.0,6.0,3.7,4.3,6.8,9.6,0,5
S100223,25,BCA,7.65,4.7,9.7,6.3,8.1,2.1,1.3,1,0,0,1,219.0,2,0,1,2,0,0.0,4.2,7.7,6.3,6.5,6.3,0,5
S100224,25,B.Tech,7.0,3.8,6.4,6.5,5.7,5.0,4.0,1,0,0,1,360.0,3,0,1,2,1,4.0,4.5,8.8,1.1,6.8,4.8,0,5
S100225,23,BCA,7.53,5.2,6.7,8.5,3.5,4.5,7.3,1,0,0,2,264.0,0,0,0,1,1,5.0,0.3,6.8,6.1,6.2,6.5,0,5
S100226,25,B.Tech,7.27,7.5,4.4,3.4,8.9,2.6,8.5,3,1,0,1,302.0,3,0,1,5,1,1.0,7.2,8.0,1.5,6.7,4.0,0,5
S100227,20,B.Sc,6.79,7.7,7.2,4.4,5.1,5.3,3.3,1,1,0,1,333.0,5,3,3,3,2,2.0,5.3,7.3,6.1,5.3,5.7,0,5
S100228,23,B.Sc,7.24,4.0,5.0,5.8,3.6,4.8,3.0,6,0,0,1,477.0,2,0,0,7,2,2.0,3.6,5.1,3.6,,10.0,0,5
S100229,20,B.Tech,7.68,4.7,5.2,4.4,2.3,4.3,6.2,1,1,0,1,317.0,5,0,4,5,2,2.0,9.2,8.3,8.2,8.1,5.4,1,4
S100230,25,B.Tech,6.81,5.2,7.0,7.1,4.5,4.3,3.6,4,1,0,2,68.0,3,0,1,2,3,2.0,3.9,8.2,5.8,5.1,6.4,1,1
S100231,24,B.Tech,6.77,5.9,2.5,5.1,2.9,4.3,4.4,2,1,1,1,200.0,3,1,2,6,3,1.0,4.5,4.7,5.6,5.2,5.5,0,5
S100232,25,BCA,6.28,4.0,9.0,3.5,4.6,3.7,6.9,3,1,0,1,85.0,3,0,0,7,2,1.0,3.6,8.0,6.4,7.1,5.0,0,5
S100233,23,B.Sc,7.85,3.9,6.2,5.6,7.3,4.8,3.8,1,1,1,3,379.0,3,0,0,4,1,4.0,7.7,6.2,3.9,5.0,6.8,1,2
S100234,20,BCA,7.99,5.0,8.4,5.8,5.0,3.1,0.7,1,0,0,0,,5,0,1,4,1,1.0,8.4,6.0,7.8,4.7,3.3,1,0
S100235,20,MCA,7.71,6.7,3.6,7.4,6.5,10.0,2.1,2,1,1,2,385.0,4,0,1,2,4,3.0,8.2,7.2,7.0,6.8,5.5,1,3
S100236,22,B.Tech,8.37,4.4,4.0,6.3,4.4,1.4,5.0,3,2,0,1,123.0,4,0,2,6,4,3.0,8.1,7.1,4.5,5.2,3.1,0,5
S100237,24,M.Tech,7.58,6.3,3.5,6.4,5.9,3.2,0.9,1,1,1,2,348.0,4,0,1,5,4,3.0,4.3,8.1,3.5,8.2,8.9,0,5
S100238,20,B.Tech,7.85,8.4,6.3,6.1,9.6,3.4,4.3,1,0,0,2,11.0,3,0,0,4,2,2.0,8.8,5.0,4.8,5.2,7.8,1,1
S100239,25,B.Tech,7.77,4.2,5.9,5.1,5.1,9.0,1.9,1,1,0,4,136.0,3,0,0,4,0,2.0,5.1,7.5,5.3,4.5,4.3,1,3
S100240,21,MCA,7.42,6.1,4.9,4.1,6.6,1.6,8.6,2,0,0,1,152.0,3,2,2,5,6,2.0,2.4,4.4,3.3,6.0,2.1,0,5
S100241,22,M.Tech,7.02,8.3,3.8,6.1,2.7,5.4,9.8,0,0,0,4,235.0,0,0,0,3,0,6.0,4.6,6.2,4.6,6.8,6.8,1,4
S100242,21,B.Tech,9.49,5.7,3.3,4.8,8.8,5.0,2.7,1,1,1,4,160.0,1,0,0,3,0,2.0,6.2,6.3,4.3,6.6,5.7,0,5
S100243,22,B.Tech,7.09,5.5,5.7,8.9,4.8,5.2,5.6,1,1,0,3,216.0,3,0,0,3,6,4.0,4.2,8.2,5.1,7.0,10.0,1,0
S100244,22,B.Sc,6.9,8.6,4.9,8.2,7.9,7.2,2.9,1,1,1,0,,5,0,2,4,3,0.0,5.8,6.5,5.1,5.0,8.6,0,5
S100245,20,MCA,7.89,5.9,4.4,6.8,5.6,7.2,4.3,2,0,0,3,408.0,6,1,2,3,3,3.0,6.6,6.0,6.5,8.0,7.1,1,3
S100246,23,B.Sc,7.73,8.5,8.9,6.3,7.0,3.5,9.0,5,1,1,0,,6,1,4,1,2,1.0,6.3,9.1,5.6,3.0,4.7,1,1
S100247,24,B.Tech,6.24,7.3,5.6,5.3,7.1,4.9,4.0,2,1,1,4,404.0,4,0,2,1,2,2.0,6.8,5.7,6.3,4.6,5.3,1,1
S100248,25,B.Tech,8.51,5.9,8.3,3.0,4.9,0.4,4.4,6,1,0,1,29.0,1,0,0,5,2,2.0,5.1,5.7,6.0,6.1,6.4,0,5
S100249,21,B.Tech,7.42,7.4,4.7,5.1,8.0,4.7,2.9,6,3,1,2,433.0,1,0,0,1,0,2.0,4.0,3.1,5.1,4.7,6.5,0,5
S100250,25,B.Sc,6.5,7.1,6.3,5.7,4.3,2.8,7.5,1,1,1,2,313.0,2,0,0,5,4,0.0,2.6,6.1,6.9,5.4,4.4,0,5
S100251,25,MCA,8.57,8.3,5.7,6.0,7.4,4.1,0.0,2,2,0,0,,7,0,0,5,2,1.0,5.3,4.8,0.0,4.2,3.1,0,5
S100252,25,B.Tech,8.06,5.5,2.4,6.4,5.0,0.8,4.0,2,1,0,3,376.0,5,0,1,3,3,4.0,4.4,6.0,4.8,5.6,9.7,1,2
S100253,22,B.Tech,6.36,6.6,8.7,7.3,6.5,5.4,4.9,1,1,1,1,374.0,2,1,1,4,3,3.0,5.3,6.9,4.4,6.8,5.9,1,0
S100254,25,B.Tech,9.1,6.4,5.5,4.1,4.9,0.8,3.5,0,0,0,1,363.0,1,0,0,6,2,1.0,1.4,,5.7,5.0,6.6,0,5
S100255,23,M.Tech,8.09,7.8,7.3,4.1,5.9,4.8,6.9,2,2,1,1,435.0,2,0,1,5,4,4.0,2.5,5.0,4.2,4.4,4.1,1,4
S100256,20,MCA,7.49,4.7,4.3,8.4,3.7,1.8,7.6,3,1,0,0,,3,0,1,4,2,0.0,6.5,,6.6,5.2,8.5,0,5
S100257,21,B.Tech,8.93,8.3,5.5,7.0,6.3,2.6,1.9,2,1,0,1,84.0,2,0,1,2,1,3.0,2.2,5.6,7.0,8.0,7.9,0,5
S100258,24,B.Tech,7.64,7.3,4.1,4.7,5.9,7.0,9.6,5,0,0,1,141.0,3,0,1,0,3,3.0,5.1,4.8,2.7,8.0,5.9,0,5
S100259,20,B.Sc,7.47,4.1,8.3,5.3,4.7,5.8,1.9,1,1,1,3,20.0,1,0,1,2,2,5.0,3.8,10.0,5.9,5.1,6.2,0,5
S100260,22,B.Tech,6.91,8.7,6.4,5.3,5.7,7.0,7.8,2,1,1,3,34.0,4,1,3,3,4,1.0,3.7,9.2,2.9,6.9,6.4,1,4
S100261,24,MCA,8.02,10.0,6.5,5.6,6.1,7.9,5.3,2,2,0,0,,4,0,1,2,2,3.0,5.7,,6.5,6.0,6.0,1,1
S100262,20,B.Tech,7.93,8.3,8.5,6.4,4.6,2.8,3.9,1,0,0,1,346.0,3,0,0,4,1,0.0,5.6,4.2,4.6,8.3,6.9,0,5
S100263,22,B.Tech,7.51,9.1,8.1,10.0,5.5,7.8,4.1,3,2,0,2,303.0,4,2,3,2,3,4.0,6.6,6.2,3.9,6.3,6.6,1,0
S100264,21,BCA,6.79,6.7,7.3,5.9,3.8,1.3,4.9,2,2,0,3,18.0,2,1,1,1,1,3.0,3.3,4.3,2.1,5.6,5.4,0,5
S100265,23,B.Tech,7.62,3.5,3.0,6.8,10.0,6.1,5.5,1,1,1,2,211.0,3,0,0,3,5,2.0,3.7,9.8,5.3,8.9,3.5,1,2
S100266,21,B.Tech,7.44,3.2,4.4,2.1,7.9,3.4,3.0,1,1,0,1,56.0,0,0,0,2,0,3.0,7.7,8.0,3.2,4.3,5.7,0,5
S100267,25,B.Tech,6.3,7.0,3.8,4.5,6.3,2.5,4.5,1,1,1,1,98.0,2,0,1,7,5,1.0,5.1,4.6,2.5,6.6,7.3,1,4
S100268,20,B.Tech,6.18,5.4,7.3,8.0,8.1,5.9,3.3,2,0,0,1,28.0,0,0,0,4,2,5.0,6.2,,5.9,8.5,7.1,1,0
S100269,25,B.Tech,8.01,4.9,6.1,6.3,1.8,6.6,2.3,4,0,0,1,264.0,5,0,3,5,3,5.0,4.5,3.8,7.4,7.2,8.4,0,5
S100270,24,B.Tech,5.16,6.4,3.0,0.0,0.7,6.5,3.2,3,1,1,1,41.0,2,0,2,4,3,3.0,6.4,6.3,6.3,4.6,8.6,0,5
S100271,25,B.Tech,7.68,7.6,5.4,6.8,5.0,5.0,2.5,2,0,0,3,392.0,1,0,0,5,4,4.0,0.5,6.2,2.6,4.5,7.2,1,1
S100272,25,B.Tech,7.07,3.9,2.8,9.3,3.0,4.8,4.1,2,0,0,2,466.0,4,1,1,4,3,3.0,7.8,7.8,5.2,3.5,6.2,0,5
S100273,21,B.Sc,8.68,5.7,5.7,1.5,5.3,5.7,6.0,0,0,0,4,428.0,3,1,1,2,1,3.0,4.6,8.3,6.9,8.7,6.5,0,5
S100274,25,B.Sc,7.06,9.2,2.5,8.5,6.2,5.2,5.3,3,1,0,0,,2,0,1,7,2,0.0,3.0,6.5,5.2,4.0,4.7,0,5
S100275,23,B.Tech,8.09,4.6,6.9,0.0,7.6,5.7,9.3,2,0,0,3,376.0,2,0,1,4,3,3.0,3.4,6.1,6.2,7.3,7.4,1,4
S100276,25,B.Tech,7.14,8.1,6.6,7.4,3.5,4.9,0.1,2,0,0,1,455.0,0,0,0,5,1,5.0,5.0,0.7,4.6,3.4,8.4,0,5
S100277,25,B.Tech,7.6,5.6,9.6,5.5,6.6,6.4,6.0,2,1,0,2,442.0,2,0,1,2,2,1.0,5.3,9.3,4.7,10.0,7.9,1,0
S100278,23,MCA,8.16,7.5,7.5,0.8,5.8,0.9,5.0,2,0,0,1,108.0,3,1,3,4,1,3.0,5.8,5.3,4.2,3.6,6.9,1,4
S100279,22,MCA,7.08,8.5,5.0,6.4,6.5,4.2,6.8,6,0,0,2,302.0,5,0,0,2,1,2.0,3.1,6.7,6.7,6.1,5.3,1,3
S100280,20,B.Tech,8.4,7.8,7.4,7.8,4.8,1.5,6.6,3,1,1,3,153.0,6,2,3,5,2,2.0,7.2,10.0,6.9,8.2,5.1,1,4
S100281,20,B.Tech,6.61,8.1,3.0,6.2,8.6,5.1,4.6,2,0,0,4,418.0,3,0,1,2,3,3.0,4.5,4.4,4.4,4.7,5.5,0,5
S100282,22,B.Tech,7.77,4.4,3.9,6.7,5.6,8.1,5.4,3,3,0,0,,1,0,0,2,2,7.0,4.4,6.5,7.0,7.0,4.3,1,3
S100283,24,B.Tech,8.33,8.5,6.5,4.7,9.3,3.5,3.4,1,1,0,0,,2,0,0,4,0,5.0,5.0,7.4,2.6,5.5,6.3,0,5
S100284,23,B.Sc,,5.0,1.5,1.8,4.2,4.8,6.4,8,2,1,2,190.0,4,0,1,4,0,3.0,6.8,8.5,5.2,6.7,0.2,0,5
S100285,22,B.Tech,9.22,7.0,5.7,6.9,7.3,6.2,0.9,1,0,0,2,426.0,3,0,1,1,4,6.0,5.4,6.5,2.8,7.9,4.7,0,5
S100286,21,B.Tech,6.81,7.0,3.8,9.0,5.7,0.0,6.7,1,1,0,2,147.0,3,1,3,5,2,3.0,4.4,8.6,3.2,5.2,5.9,0,5
S100287,23,B.Tech,6.26,7.4,6.0,7.8,5.1,3.4,4.9,3,2,0,1,448.0,2,1,1,4,4,2.0,4.9,5.8,2.8,8.7,10.0,1,0
S100288,23,B.Tech,6.61,7.1,3.6,1.5,7.1,5.3,3.9,2,0,0,4,248.0,8,1,3,2,3,1.0,7.9,7.5,4.2,6.6,5.8,0,5
S100289,25,B.Tech,8.09,5.0,6.6,2.5,5.2,0.0,4.5,4,3,1,2,343.0,2,0,2,6,5,5.0,7.6,7.2,6.7,9.5,5.9,0,5
S100290,24,MCA,7.95,4.1,5.8,3.8,0.5,2.4,4.6,3,0,0,2,265.0,5,1,2,5,2,7.0,6.2,6.3,5.3,4.5,4.1,0,5
S100291,23,B.Tech,7.59,8.1,8.6,2.3,0.0,6.9,7.9,1,0,0,2,216.0,1,0,0,1,3,3.0,5.8,7.1,4.3,4.8,9.2,1,4
S100292,25,BCA,6.49,6.8,5.8,5.6,8.3,6.7,10.0,0,0,0,2,152.0,3,0,2,7,2,2.0,10.0,4.9,5.2,5.6,4.2,1,4
S100293,22,B.Tech,8.19,8.6,4.3,6.3,8.3,5.3,7.7,1,1,1,2,141.0,6,1,2,4,4,2.0,6.4,6.0,1.4,3.8,9.9,1,4
S100294,25,MCA,6.4,6.4,5.3,2.6,9.6,6.4,3.8,3,0,0,1,320.0,3,1,1,7,1,4.0,5.9,4.2,6.6,7.7,4.3,1,3
S100295,22,MCA,8.54,4.0,3.1,7.1,5.8,5.0,6.4,3,1,0,1,163.0,5,0,0,3,4,5.0,5.1,5.7,1.0,5.9,7.7,1,3
S100296,20,BCA,,8.2,6.6,6.7,3.2,5.7,6.5,1,0,0,4,432.0,2,0,0,4,2,3.0,6.2,8.5,4.1,3.9,5.7,1,4
S100297,22,MCA,7.83,5.8,7.0,4.4,5.0,3.8,3.0,1,1,1,0,,1,0,0,2,0,3.0,0.0,7.3,5.3,4.5,4.7,0,5
S100298,20,M.Tech,8.02,7.1,10.0,5.2,5.8,4.8,2.2,1,1,1,2,108.0,0,0,0,5,2,3.0,7.6,7.1,6.4,4.4,7.8,1,0
S100299,20,B.Sc,7.06,5.3,4.6,1.6,3.8,3.1,4.9,3,2,1,1,24.0,1,0,0,3,3,2.0,3.0,3.6,6.0,7.7,8.5,0,5
S100300,25,M.Tech,5.87,9.5,5.3,4.8,9.1,7.3,6.8,4,2,1,2,431.0,2,1,1,1,1,1.0,4.1,7.1,5.4,6.8,5.4,1,3
S100301,24,B.Tech,,4.9,4.6,5.5,10.0,7.8,1.5,3,1,1,1,207.0,3,0,1,7,3,3.0,2.7,6.4,8.4,5.8,5.8,1,3
S100302,21,B.Tech,6.52,5.9,6.2,5.8,6.8,7.5,3.4,0,0,0,2,18.0,3,0,0,4,1,2.0,4.0,7.5,9.5,5.3,5.0,0,5
S100303,25,B.Tech,6.2,6.7,6.6,6.3,5.8,3.6,6.3,0,0,0,1,22.0,1,1,1,4,0,2.0,4.8,9.0,5.5,5.6,6.2,1,0
S100304,20,MCA,9.05,4.5,5.7,6.0,3.2,2.4,5.1,0,0,0,1,459.0,2,0,0,3,1,4.0,7.3,5.8,5.3,9.2,3.6,0,5
S100305,21,B.Tech,7.75,7.1,8.0,5.0,8.9,7.3,8.1,4,1,0,2,440.0,3,0,1,3,2,3.0,8.1,5.9,5.2,5.6,0.4,1,1
S100306,24,B.Tech,7.84,9.4,4.6,6.1,6.0,5.7,1.9,1,0,0,2,139.0,4,0,1,5,1,3.0,9.4,8.2,4.3,7.5,2.1,0,5
S100307,21,B.Sc,7.22,5.6,7.8,7.5,5.2,5.2,10.0,5,0,0,0,,6,0,0,4,3,3.0,5.7,5.4,6.3,5.4,5.4,1,4
S100308,24,B.Tech,7.34,7.2,6.9,5.3,6.8,3.1,1.6,1,1,0,2,126.0,6,1,4,6,2,2.0,5.1,6.7,8.0,9.0,3.7,1,0
S100309,25,B.Tech,8.37,1.6,5.8,6.1,4.6,5.4,0.5,0,0,0,0,,2,0,1,6,3,1.0,7.1,2.9,0.5,3.8,5.6,0,5
S100310,20,B.Tech,7.47,6.4,5.2,5.1,6.1,2.1,4.9,0,0,0,1,357.0,1,0,0,7,1,4.0,3.8,5.9,5.2,7.5,4.8,1,4
S100311,20,B.Tech,7.98,5.9,10.0,4.2,2.9,5.9,2.5,2,0,0,0,,3,0,1,2,2,1.0,3.6,8.8,8.5,4.6,4.4,0,5
S100312,25,B.Tech,7.32,5.0,4.2,6.5,8.0,7.5,4.9,0,0,0,2,464.0,4,1,2,4,3,4.0,4.8,7.1,6.3,10.0,4.5,1,1
S100313,23,B.Tech,7.19,8.4,6.4,4.4,5.6,8.1,4.8,4,2,0,2,112.0,5,1,2,3,2,3.0,5.4,8.1,6.3,7.3,7.7,1,3
S100314,23,B.Tech,6.23,5.9,4.3,6.3,8.1,6.1,4.6,3,2,1,1,498.0,4,1,2,2,2,2.0,1.4,8.2,2.3,2.9,6.3,0,5
S100315,22,B.Tech,5.72,6.2,9.4,5.6,5.4,1.5,3.1,1,1,0,2,145.0,7,0,3,2,2,4.0,7.6,8.9,6.9,4.3,8.9,1,0
S100316,22,B.Tech,7.26,5.8,7.6,4.9,5.5,4.9,6.0,2,1,0,1,444.0,4,0,3,4,1,1.0,6.0,5.9,7.5,7.2,6.0,1,3
S100317,24,B.Sc,7.55,3.0,4.4,4.8,3.4,9.2,4.3,2,0,0,1,427.0,1,0,0,2,0,3.0,7.1,8.2,5.9,7.2,2.0,0,5
S100318,23,B.Tech,6.34,4.5,6.8,4.5,7.3,2.6,7.4,3,0,0,1,281.0,3,1,1,2,0,3.0,2.4,10.0,4.2,7.0,3.7,0,5
S100319,20,BCA,7.47,8.2,6.3,2.2,4.0,4.4,4.6,2,2,0,0,,1,0,0,4,1,3.0,4.2,6.5,6.4,6.3,6.0,0,5
S100320,23,MCA,7.55,2.7,4.8,6.3,4.8,7.6,2.9,0,0,0,1,375.0,3,0,1,3,0,4.0,4.1,4.1,3.4,5.4,6.3,0,5
S100321,24,B.Tech,5.56,5.1,7.3,6.0,5.8,5.9,1.3,1,1,1,2,349.0,2,1,1,3,3,1.0,5.1,5.4,3.2,8.0,4.6,1,2
S100322,20,B.Tech,6.68,5.8,6.6,7.2,6.0,10.0,4.6,2,0,0,1,432.0,0,0,0,4,3,6.0,5.4,7.3,7.1,4.4,4.2,1,3
S100323,22,B.Tech,7.87,9.6,6.2,4.4,2.4,2.9,2.2,4,2,1,5,113.0,0,0,0,7,1,0.0,7.2,3.5,7.7,6.1,4.6,0,5
S100324,24,MCA,7.85,7.9,5.7,9.3,5.3,2.3,2.0,0,0,0,0,,5,0,1,7,2,3.0,5.7,5.1,4.0,4.9,5.5,0,5
S100325,23,B.Sc,6.46,5.5,6.7,4.7,7.4,7.2,6.2,1,0,0,0,,3,0,0,5,4,1.0,4.0,5.9,3.2,4.7,5.7,0,5
S100326,20,MCA,7.64,8.8,6.3,3.7,5.0,1.9,1.1,2,0,0,2,185.0,1,0,0,1,2,5.0,9.9,6.7,3.7,,3.6,0,5
S100327,20,B.Tech,8.42,5.2,5.9,3.5,5.4,4.1,8.1,3,1,0,2,2.0,4,1,3,4,2,3.0,5.0,9.7,5.9,4.7,6.3,0,5
S100328,23,B.Sc,8.2,8.3,4.5,2.0,6.1,4.4,5.4,4,2,0,2,77.0,1,0,0,2,1,4.0,3.7,7.7,3.2,7.0,6.3,0,5
S100329,22,B.Tech,7.41,4.1,9.2,8.6,5.5,6.8,4.9,2,2,1,1,240.0,4,2,3,10,3,3.0,1.7,4.5,8.1,3.3,5.6,1,0
S100330,25,M.Tech,7.08,8.4,3.7,8.2,3.7,5.9,2.7,2,2,0,2,483.0,6,1,2,7,3,,5.7,10.0,4.6,6.8,4.4,1,3
S100331,23,B.Tech,6.93,5.8,6.7,6.7,5.7,5.5,6.7,1,0,0,0,,4,0,0,1,2,1.0,6.9,6.5,6.2,4.9,7.1,1,1
S100332,25,B.Sc,7.92,4.6,5.2,3.7,7.8,3.6,5.0,3,2,1,0,,4,0,2,2,4,2.0,3.2,3.5,4.0,6.1,8.4,1,2
S100333,21,MCA,,6.1,9.3,9.1,3.7,7.2,3.5,4,1,0,3,429.0,4,1,2,5,1,0.0,6.7,4.6,6.7,5.7,4.9,1,1
S100334,22,B.Tech,8.07,7.0,4.0,4.8,5.1,10.0,5.4,1,0,0,3,20.0,3,0,1,8,6,0.0,5.7,4.6,6.8,5.1,4.5,0,5
S100335,20,B.Sc,7.62,5.6,4.3,5.0,3.0,6.0,1.3,4,1,0,1,49.0,2,0,1,3,1,5.0,2.0,4.1,2.1,8.2,6.7,0,5
S100336,23,B.Tech,8.24,7.5,3.9,8.4,7.7,4.7,1.4,4,1,0,3,445.0,7,2,5,5,3,4.0,6.8,7.4,4.1,5.3,3.5,1,1
S100337,21,M.Tech,7.59,5.5,6.4,6.8,5.6,1.6,2.5,1,1,1,0,,3,1,1,5,0,3.0,5.0,1.7,5.2,7.3,3.2,0,5
S100338,22,B.Tech,8.21,7.6,3.1,9.9,4.1,3.1,5.8,4,2,0,0,,3,0,1,6,1,6.0,3.2,,4.4,7.3,4.5,0,5
S100339,22,BCA,8.28,7.3,4.8,6.0,6.0,4.0,5.0,4,1,0,2,8.0,3,1,1,8,3,,7.4,8.0,7.2,5.5,6.4,1,4
S100340,21,B.Tech,6.78,6.4,1.5,4.7,3.4,3.3,7.3,1,0,0,1,203.0,0,0,0,6,0,3.0,7.4,5.7,4.3,3.7,4.0,0,5
S100341,20,BCA,5.87,5.7,6.3,4.3,3.7,4.5,3.0,3,1,1,3,496.0,3,0,1,6,1,2.0,3.2,8.1,6.9,,5.8,0,5
S100342,23,MCA,8.89,6.8,4.8,1.8,2.9,8.4,6.3,2,2,1,2,492.0,4,2,3,7,2,3.0,6.1,4.5,6.5,8.3,1.8,0,5
S100343,25,B.Sc,7.73,7.5,2.8,4.9,3.7,7.2,4.7,2,0,0,1,321.0,2,0,0,4,2,2.0,5.9,5.0,5.3,6.9,7.0,0,5
S100344,21,M.Tech,5.96,10.0,8.0,7.8,8.5,4.2,2.9,2,1,0,2,337.0,0,0,0,5,1,1.0,5.4,7.5,7.0,6.2,8.7,1,1
S100345,22,M.Tech,6.86,8.2,3.2,6.7,4.3,1.8,5.8,2,2,1,2,322.0,3,0,1,3,2,2.0,4.5,6.1,2.4,5.0,4.0,0,5
S100346,21,BCA,8.19,8.3,7.4,5.5,6.7,7.4,4.9,2,0,0,1,347.0,4,0,2,2,3,0.0,5.2,5.4,5.4,9.1,6.7,1,3
S100347,24,B.Tech,7.25,10.0,4.4,3.5,4.1,4.4,3.6,0,0,0,1,259.0,2,0,0,3,3,2.0,7.4,6.3,4.0,4.4,5.4,1,4
S100348,22,B.Sc,7.04,7.4,9.0,6.0,7.3,0.7,5.1,0,0,0,3,103.0,3,0,1,5,3,0.0,6.3,8.9,5.3,6.3,6.0,0,5
S100349,25,B.Tech,8.76,7.4,7.3,7.5,3.7,6.1,4.7,3,1,0,2,434.0,3,1,2,2,2,2.0,1.6,8.8,4.6,6.9,5.3,0,5
S100350,21,B.Sc,6.56,7.8,3.8,6.4,5.9,6.8,4.7,1,1,0,1,439.0,4,0,0,4,0,5.0,1.2,7.3,5.6,3.6,5.2,0,5
S100351,20,B.Tech,6.78,4.7,4.0,5.8,5.9,0.0,4.1,1,1,0,0,,3,1,2,3,1,1.0,1.8,,5.5,4.6,4.1,0,5
S100352,23,B.Sc,7.69,5.7,7.0,3.9,10.0,2.7,2.1,2,2,0,2,48.0,0,0,0,4,0,1.0,2.8,7.4,5.8,5.2,3.6,0,5
S100353,23,B.Sc,7.85,5.6,5.3,7.2,7.1,4.3,5.2,4,4,2,1,396.0,1,0,1,5,2,5.0,4.0,4.9,5.9,7.6,8.0,1,2
S100354,25,B.Tech,,7.7,5.5,0.0,4.6,6.1,3.2,4,1,0,1,24.0,2,0,0,1,2,2.0,4.6,8.6,6.6,5.2,2.4,0,5
S100355,25,B.Tech,8.32,6.2,8.3,6.3,7.2,3.4,2.8,1,1,0,0,,3,0,0,2,6,2.0,5.4,8.2,3.0,3.4,5.8,1,0
S100356,25,M.Tech,7.68,6.7,4.3,10.0,10.0,2.7,4.5,7,1,0,2,490.0,3,1,2,8,1,7.0,5.4,10.0,6.5,3.2,5.7,1,1
S100357,23,M.Tech,7.94,8.5,6.0,2.5,2.5,6.1,6.6,3,1,1,0,,5,1,2,3,2,1.0,5.4,5.1,2.5,4.6,5.7,0,5
S100358,22,B.Tech,7.27,8.1,7.7,5.0,4.1,3.5,5.4,2,2,0,2,399.0,1,0,1,4,1,4.0,7.8,4.8,0.0,3.3,7.1,1,0
S100359,22,B.Sc,7.56,6.2,7.4,5.5,5.3,5.7,3.8,4,2,2,3,67.0,3,0,1,2,2,1.0,2.1,7.5,9.4,7.4,5.1,1,2
S100360,20,BCA,7.6,5.3,5.5,4.6,5.0,2.1,3.7,2,1,1,2,145.0,4,1,2,5,0,4.0,6.2,6.0,3.6,7.5,7.1,1,1
S100361,22,B.Tech,7.69,8.5,5.2,7.6,5.1,1.5,6.4,3,1,0,4,274.0,2,1,1,3,0,5.0,6.2,8.3,4.6,6.0,9.8,1,4
S100362,22,B.Tech,8.2,7.9,2.3,6.4,3.2,6.2,0.0,2,0,0,2,340.0,4,1,1,2,4,2.0,3.0,8.9,1.8,5.5,5.5,0,5
S100363,20,B.Tech,8.0,3.6,3.7,5.8,8.6,5.1,6.8,6,2,1,1,46.0,1,0,0,3,1,2.0,6.6,9.6,4.6,7.3,1.7,1,2
S100364,21,B.Sc,7.54,5.9,6.4,7.1,3.0,6.5,0.9,3,1,1,2,55.0,3,1,1,5,3,6.0,6.2,6.6,5.9,7.3,5.5,1,0
S100365,23,B.Tech,6.77,6.8,5.5,5.5,5.4,3.3,1.9,1,1,1,1,141.0,2,1,2,4,2,2.0,5.4,8.1,6.0,4.2,5.3,0,5
S100366,22,M.Tech,7.56,7.9,5.9,10.0,7.9,2.8,3.9,3,0,0,0,,7,2,2,5,0,2.0,0.7,5.6,3.1,4.5,6.6,0,5
S100367,25,B.Sc,7.47,8.1,7.9,5.8,5.7,7.5,9.8,5,1,1,1,202.0,3,0,0,6,1,1.0,7.4,6.9,4.6,7.3,1.8,1,4
S100368,22,B.Tech,7.67,7.0,3.4,5.9,3.8,1.1,8.7,3,1,1,3,138.0,5,0,2,6,1,1.0,6.0,6.4,6.2,6.5,6.4,1,4
S100369,25,MCA,9.49,7.6,5.3,2.1,3.1,7.3,6.6,2,0,0,4,79.0,3,1,1,2,5,1.0,6.3,6.3,6.0,7.1,5.0,0,5
S100370,23,M.Tech,7.03,6.6,6.2,4.4,5.3,7.4,5.8,5,0,0,1,484.0,3,1,1,2,3,5.0,0.0,9.8,5.8,4.4,7.4,0,5
S100371,20,B.Tech,7.88,5.3,4.4,7.8,4.3,6.4,0.9,2,0,0,3,352.0,2,0,1,5,0,2.0,4.4,4.1,7.0,4.6,4.8,0,5
S100372,21,B.Tech,8.46,6.0,8.7,2.8,6.2,3.0,5.3,1,1,1,1,492.0,0,0,0,3,1,2.0,2.6,6.5,5.3,6.8,7.5,1,4
S100373,24,B.Tech,7.59,6.5,7.6,1.2,3.0,2.7,3.8,2,2,0,2,248.0,5,0,2,6,2,1.0,8.1,6.6,8.3,4.8,2.8,0,5
S100374,23,B.Tech,9.6,6.4,6.4,5.6,7.4,4.0,3.2,3,1,1,2,409.0,3,1,1,7,2,1.0,3.3,7.7,4.9,3.3,5.8,1,1
S100375,21,B.Tech,7.16,3.1,9.4,8.2,6.0,1.7,5.3,1,0,0,2,320.0,3,0,0,1,1,1.0,8.5,4.5,6.9,4.8,3.9,0,5
S100376,23,BCA,7.79,5.8,2.8,5.6,6.2,2.4,4.0,6,0,0,1,263.0,2,0,1,4,2,3.0,7.4,6.0,7.0,5.6,4.8,0,5
S100377,25,B.Tech,6.78,6.6,5.8,4.8,8.7,5.9,6.9,3,0,0,2,237.0,8,1,3,3,0,2.0,5.9,5.4,2.2,9.1,10.0,1,4
S100378,22,B.Tech,7.18,6.0,6.5,1.8,4.9,5.9,0.7,0,0,0,0,,1,0,0,3,1,3.0,7.8,2.4,6.4,4.5,3.9,0,5
S100379,20,M.Tech,7.72,6.1,4.0,6.4,4.3,2.2,5.2,3,1,0,5,206.0,2,0,0,3,3,5.0,3.6,8.6,4.2,5.9,5.1,1,4
S100380,21,B.Sc,8.26,7.4,6.4,6.8,4.7,6.0,3.1,3,0,0,1,320.0,2,0,1,8,0,4.0,4.0,3.9,3.5,9.7,3.5,0,5
S100381,25,BCA,7.79,4.6,3.6,1.9,5.4,5.5,4.1,6,1,1,2,246.0,1,0,0,3,6,2.0,7.3,3.6,4.7,4.0,5.2,0,5
S100382,24,M.Tech,8.63,3.6,7.2,7.8,5.6,7.8,5.7,3,1,0,4,485.0,2,0,1,2,6,3.0,3.6,8.2,5.8,7.2,5.5,1,3
S100383,25,B.Tech,7.41,5.9,7.9,7.0,4.1,5.8,2.5,2,2,0,2,449.0,4,0,0,5,2,4.0,2.8,5.9,2.4,4.7,4.3,0,5
S100384,25,B.Tech,7.2,7.9,6.3,7.8,1.8,6.8,5.4,3,2,1,4,232.0,1,0,0,4,3,1.0,4.9,6.0,5.6,6.7,9.0,1,0
S100385,20,BCA,9.93,9.5,2.1,6.7,4.7,5.5,4.5,5,2,1,2,198.0,3,1,2,3,1,3.0,3.7,6.0,5.1,10.0,8.1,1,2
S100386,21,M.Tech,7.85,7.9,3.9,6.8,6.5,6.7,3.5,2,1,0,1,379.0,1,1,1,4,5,3.0,9.2,8.4,7.6,7.4,3.9,1,3
S100387,20,BCA,6.85,3.9,6.9,6.5,6.1,1.7,4.0,1,1,0,3,321.0,3,0,1,2,2,2.0,7.1,5.5,4.2,6.3,7.4,0,5
S100388,20,B.Tech,6.88,6.1,5.8,7.2,8.2,4.2,4.7,2,1,0,4,116.0,1,0,0,2,1,0.0,4.3,7.6,7.9,4.3,4.8,1,3
S100389,25,MCA,6.65,7.0,0.4,1.9,9.7,4.4,3.3,2,2,2,1,417.0,3,1,3,2,2,3.0,3.5,4.4,6.3,5.7,3.3,0,5
S100390,25,B.Sc,8.34,6.8,8.3,2.5,7.3,4.0,5.0,2,1,0,0,,1,0,0,4,1,4.0,6.2,7.1,5.4,5.0,4.4,0,5
S100391,20,B.Tech,7.17,7.5,6.1,4.0,8.6,5.5,4.4,2,2,0,2,310.0,5,1,2,3,2,4.0,7.9,,8.0,3.4,3.3,0,5
S100392,24,B.Sc,7.61,4.8,4.2,5.2,7.3,5.9,3.7,0,0,0,0,,3,0,1,4,4,2.0,6.1,9.0,9.3,2.2,7.7,1,3
S100393,23,B.Sc,7.44,6.6,7.8,6.3,9.2,5.4,8.5,0,0,0,1,113.0,6,1,4,2,2,6.0,3.6,3.7,5.1,4.5,4.0,0,5
S100394,20,B.Tech,8.16,7.3,4.4,6.1,9.5,4.1,5.9,3,2,1,1,400.0,5,0,1,2,2,2.0,2.6,6.0,4.0,5.9,8.4,1,1
S100395,25,B.Tech,,8.0,4.4,7.7,7.7,2.9,4.2,4,1,1,2,61.0,2,0,0,4,1,,4.7,9.4,6.4,8.0,6.1,1,2
S100396,25,MCA,6.53,5.0,6.5,7.8,7.2,6.9,5.3,3,1,1,0,,5,0,2,5,1,5.0,6.1,8.2,2.7,4.7,5.0,1,3
S100397,23,B.Tech,7.7,5.9,9.4,3.8,5.4,5.3,2.7,3,0,0,0,,1,0,0,8,4,0.0,4.6,6.1,2.9,6.3,4.8,1,0
S100398,24,B.Tech,8.04,1.6,9.0,6.0,5.7,2.3,4.0,4,2,1,2,291.0,2,0,1,3,3,2.0,7.5,6.5,8.1,2.9,9.3,1,0
S100399,22,B.Tech,7.8,5.4,6.5,3.8,5.1,4.1,4.3,3,2,2,2,363.0,5,0,0,4,3,3.0,6.6,7.0,6.6,4.6,5.8,1,2
S100400,24,B.Tech,6.77,5.6,6.7,5.1,7.0,0.7,2.3,5,2,0,2,156.0,1,0,0,4,4,5.0,6.0,5.8,3.8,1.6,4.8,0,5
S100401,22,MCA,8.11,4.7,7.4,6.1,4.4,4.6,5.9,7,2,0,1,384.0,5,0,1,5,2,2.0,6.5,7.5,10.0,10.0,7.5,1,3
S100402,25,M.Tech,6.83,6.8,3.3,0.0,5.4,4.1,3.9,1,1,1,1,13.0,0,0,0,5,0,3.0,2.7,7.4,2.7,6.4,7.0,0,5
S100403,20,B.Tech,7.03,6.4,7.1,10.0,1.1,3.2,4.2,4,2,0,2,347.0,3,0,0,4,2,2.0,4.5,4.5,6.7,6.3,3.8,0,5
S100404,21,BCA,6.65,2.4,4.3,6.6,9.2,8.0,3.7,3,1,1,0,,3,0,2,3,0,2.0,3.4,5.6,3.9,7.0,5.8,0,5
S100405,25,MCA,8.67,6.9,6.4,4.3,5.4,2.0,10.0,1,1,1,0,,4,2,3,3,0,,6.3,5.7,9.1,10.0,2.2,1,4
S100406,21,B.Tech,8.07,4.8,5.3,9.4,6.7,6.1,3.5,1,1,1,1,347.0,5,0,1,1,0,2.0,3.4,6.0,4.4,5.2,5.7,1,2
S100407,21,MCA,8.04,7.4,6.8,4.8,8.7,9.3,0.4,2,2,2,1,387.0,4,1,2,4,3,1.0,5.7,7.0,4.9,4.2,6.4,1,3
S100408,24,B.Tech,8.62,4.2,6.0,5.8,6.4,6.9,1.5,4,2,0,0,,3,0,1,5,6,3.0,5.2,6.8,1.9,9.6,6.7,1,3
S100409,21,BCA,10.0,6.6,0.0,4.5,8.7,4.4,6.7,5,2,0,1,302.0,1,0,0,4,3,0.0,6.7,5.2,9.7,3.8,3.8,0,5
S100410,23,B.Sc,5.96,6.0,6.2,8.8,3.3,2.0,7.9,2,0,0,2,30.0,7,2,4,6,1,3.0,3.1,8.9,4.3,8.3,4.3,1,4
S100411,21,B.Sc,,7.0,7.1,5.3,10.0,1.5,3.5,0,0,0,1,494.0,4,1,4,6,2,5.0,6.4,6.5,6.5,5.9,6.3,1,1
S100412,21,B.Tech,6.95,6.7,6.7,5.8,8.0,3.6,7.8,1,1,0,3,483.0,4,1,1,2,2,1.0,3.4,,5.5,6.8,8.3,1,1
S100413,25,MCA,6.73,6.0,5.6,7.9,6.2,3.0,6.6,2,2,1,2,382.0,9,0,4,6,3,3.0,3.6,9.1,4.4,3.4,6.0,1,2
S100414,21,B.Tech,6.53,3.7,9.1,6.7,8.7,2.9,4.6,1,0,0,0,,1,0,0,8,2,2.0,5.2,4.6,1.0,10.0,4.7,0,5
S100415,20,B.Tech,7.23,3.8,6.4,5.4,3.5,3.8,4.4,7,0,0,0,,6,0,0,3,4,1.0,7.9,5.6,5.0,5.3,7.7,1,0
S100416,24,B.Tech,6.41,5.4,6.7,7.7,5.2,4.3,5.4,3,1,1,1,409.0,5,0,2,5,1,0.0,3.8,5.7,5.0,4.7,6.1,0,5
S100417,25,M.Tech,7.8,6.5,7.9,10.0,8.7,5.6,6.9,1,1,1,2,338.0,5,2,3,2,1,3.0,1.9,7.1,6.1,7.0,6.2,1,1
S100418,20,B.Tech,7.55,5.4,6.5,6.1,2.1,1.8,5.9,2,1,0,5,452.0,2,0,1,2,2,4.0,3.6,7.8,9.8,4.8,7.4,0,5
S100419,24,MCA,7.93,7.6,4.0,5.7,6.9,3.0,3.5,3,1,1,0,,4,0,1,2,2,3.0,4.7,6.8,6.8,6.8,5.6,0,5
S100420,23,B.Sc,7.96,6.0,0.9,5.8,6.9,4.1,4.6,0,0,0,1,357.0,7,0,0,4,5,1.0,9.2,5.5,7.2,3.7,3.9,1,1
S100421,24,B.Tech,8.04,4.8,4.8,8.1,9.7,4.1,9.4,5,0,0,0,,3,0,0,4,3,1.0,6.3,9.5,4.9,6.3,5.5,1,1
S100422,20,B.Tech,7.16,6.0,7.3,4.3,2.6,8.5,5.6,2,1,0,0,,2,0,0,3,4,1.0,4.0,5.7,2.9,4.9,8.0,0,5
S100423,25,B.Tech,9.41,6.9,5.1,4.9,9.0,5.0,6.9,1,1,1,1,267.0,5,0,1,1,2,5.0,5.2,7.8,4.9,4.6,9.6,1,2
S100424,23,B.Sc,7.71,7.1,7.4,2.4,4.7,1.0,6.2,1,0,0,2,400.0,2,1,2,2,1,2.0,8.6,6.4,4.0,4.3,3.4,0,5
S100425,25,MCA,5.82,9.9,6.1,3.1,4.9,5.4,5.6,2,0,0,3,102.0,4,1,3,2,2,2.0,5.0,6.4,5.4,7.6,9.1,1,4
S100426,22,B.Tech,6.6,5.3,8.4,4.5,3.4,5.7,5.2,1,1,1,2,134.0,1,0,1,1,4,1.0,5.0,7.7,4.5,5.4,5.1,1,0
S100427,25,MCA,5.93,6.4,5.2,5.4,3.6,4.2,7.0,3,1,1,3,44.0,3,0,1,3,3,4.0,4.7,9.3,2.1,5.7,5.8,0,5
S100428,23,B.Tech,7.52,7.3,6.7,9.0,6.6,1.8,6.6,2,1,1,3,337.0,3,0,0,9,1,1.0,6.9,,8.0,6.8,9.2,1,1
S100429,20,MCA,7.39,6.5,6.8,6.6,3.6,8.4,5.6,4,0,0,1,366.0,5,0,2,0,2,2.0,4.4,5.6,5.2,8.1,5.0,0,5
S100430,25,BCA,7.08,5.6,8.8,3.7,7.3,2.1,3.5,7,1,1,1,142.0,4,2,2,2,2,1.0,7.2,9.2,4.8,4.3,5.3,0,5
S100431,24,M.Tech,9.31,3.7,2.4,4.0,4.5,6.0,5.8,7,1,1,2,192.0,2,0,0,3,5,2.0,7.6,7.4,3.3,6.4,4.5,1,2
S100432,21,B.Sc,7.99,5.6,4.9,8.2,3.4,4.9,4.9,3,0,0,1,285.0,2,0,0,5,3,4.0,6.7,6.8,4.5,4.4,5.9,0,5
S100433,23,MCA,8.15,4.6,7.5,7.8,4.7,5.8,4.3,3,1,1,3,378.0,2,0,1,2,0,1.0,5.1,8.3,3.8,5.6,6.4,1,2
S100434,22,B.Tech,6.66,3.4,8.9,5.6,6.5,8.3,10.0,7,1,1,4,152.0,3,0,1,4,2,2.0,2.7,7.1,3.1,7.9,4.4,1,0
S100435,23,B.Tech,6.6,5.1,6.3,4.6,5.2,5.7,1.6,2,0,0,0,,5,0,0,3,1,2.0,5.1,10.0,5.8,1.8,8.7,0,5
S100436,25,B.Tech,7.53,4.6,5.2,7.7,5.9,3.3,7.1,2,1,0,2,93.0,3,1,3,4,1,7.0,4.2,6.5,4.6,4.3,4.3,0,5
S100437,25,B.Tech,7.66,7.6,7.3,3.5,7.2,6.9,3.1,4,1,1,0,,3,0,1,5,1,5.0,3.9,8.6,7.0,5.6,6.8,0,5
S100438,21,M.Tech,5.83,7.6,7.5,6.3,8.0,3.1,5.3,2,1,0,0,,2,0,1,7,0,1.0,5.0,7.3,4.8,6.7,5.9,0,5
S100439,25,B.Sc,7.34,4.9,5.1,10.0,5.2,4.9,10.0,2,0,0,0,,7,3,3,1,1,3.0,6.5,7.3,5.7,8.2,8.3,1,4
S100440,22,MCA,7.51,6.0,6.5,5.9,3.7,1.7,2.9,2,2,1,0,,4,1,2,3,0,3.0,4.3,5.8,5.7,2.9,4.2,0,5
S100441,24,B.Tech,7.31,3.2,8.2,3.9,6.0,2.2,3.4,2,0,0,2,382.0,1,0,0,1,0,2.0,2.8,5.9,6.3,8.5,6.9,0,5
S100442,24,M.Tech,6.77,5.6,9.6,6.3,6.7,4.6,5.0,1,1,1,0,,4,2,3,6,1,3.0,3.6,7.4,3.8,6.9,10.0,1,0
S100443,22,B.Tech,7.01,7.2,7.3,4.6,2.9,5.3,3.1,3,1,0,2,215.0,2,0,1,4,2,,8.9,4.9,7.3,5.6,2.9,0,5
S100444,22,B.Tech,7.34,8.0,5.9,2.7,4.0,0.8,6.9,3,1,0,2,103.0,2,1,1,3,2,3.0,6.6,5.5,3.1,3.4,4.0,0,5
S100445,22,M.Tech,7.58,5.2,5.7,6.9,4.4,5.6,3.8,1,1,1,0,,2,0,0,2,0,4.0,3.6,6.5,5.6,5.0,10.0,0,5
S100446,25,BCA,8.04,8.4,6.9,7.7,5.4,2.7,6.4,0,0,0,3,2.0,6,1,2,3,1,3.0,8.1,8.7,3.1,7.8,5.5,1,1
S100447,22,B.Sc,8.47,3.8,5.6,4.9,4.3,7.3,2.1,3,2,1,0,,4,1,3,9,1,1.0,5.0,6.6,5.3,6.0,6.0,1,3
S100448,21,B.Tech,7.24,4.3,6.2,4.7,7.2,3.7,1.0,2,2,0,2,363.0,2,0,0,2,1,1.0,10.0,6.6,7.3,5.7,5.1,0,5
S100449,22,B.Sc,7.09,7.8,3.7,3.6,2.6,2.0,4.5,1,1,0,3,396.0,3,1,2,3,2,0.0,6.0,,6.6,4.3,9.1,0,5
S100450,21,B.Tech,7.89,9.5,8.4,5.2,2.6,4.7,1.5,1,0,0,2,343.0,1,0,1,3,1,0.0,6.6,9.6,7.6,7.3,2.6,0,5
S100451,22,MCA,8.05,7.4,3.5,4.4,5.1,2.5,8.3,5,1,0,4,245.0,4,2,4,3,0,0.0,7.2,8.5,4.9,,8.3,1,4
S100452,20,M.Tech,7.11,6.4,4.9,3.5,5.4,7.3,1.6,2,0,0,1,461.0,2,0,0,2,2,0.0,8.5,8.7,7.3,5.6,2.8,1,3
S100453,20,B.Tech,8.21,2.5,6.0,9.3,2.9,4.5,2.7,4,1,0,2,118.0,1,0,0,6,3,3.0,4.6,3.9,4.1,5.8,2.7,0,5
S100454,24,B.Tech,8.38,2.9,9.8,6.4,4.6,4.2,5.9,0,0,0,3,71.0,5,0,2,0,5,3.0,8.3,7.1,4.6,4.8,3.6,0,5
S100455,20,B.Tech,8.66,6.7,5.0,6.6,5.0,5.8,3.7,2,0,0,1,314.0,3,0,1,3,3,0.0,4.3,4.8,5.8,4.5,5.5,0,5
S100456,23,BCA,9.1,5.9,4.5,7.3,5.0,2.3,1.7,3,3,0,1,160.0,1,0,0,3,6,2.0,4.8,,7.2,3.3,4.4,1,2
S100457,24,B.Tech,6.72,4.5,4.7,7.0,6.1,1.7,9.5,1,0,0,1,235.0,3,1,1,4,2,2.0,5.5,7.1,4.4,4.9,4.3,0,5
S100458,24,M.Tech,7.51,6.6,9.1,4.7,4.5,5.4,2.8,1,1,1,1,228.0,1,0,0,3,3,3.0,7.3,7.4,6.9,2.8,3.9,1,0
S100459,22,B.Sc,7.51,6.7,0.2,6.0,8.8,2.1,4.6,1,1,1,4,132.0,4,1,1,3,1,2.0,4.8,5.2,6.0,6.9,4.0,0,5
S100460,21,B.Sc,7.41,8.2,3.8,5.0,6.8,2.1,4.5,4,2,0,0,,3,0,1,4,4,1.0,8.8,4.6,6.2,4.8,3.9,1,2
S100461,25,B.Tech,6.92,6.7,10.0,6.4,4.2,6.3,6.6,2,2,0,0,,1,0,0,0,3,,8.2,5.3,3.8,5.3,6.3,1,0
S100462,25,BCA,6.16,8.7,7.0,6.2,6.0,5.7,6.0,4,1,1,2,335.0,2,0,1,6,3,2.0,5.6,7.1,4.7,5.9,4.5,1,4
S100463,23,B.Tech,7.58,6.5,3.6,4.7,6.0,1.7,3.2,2,0,0,3,80.0,2,1,2,2,2,1.0,3.6,6.1,5.3,4.6,0.5,0,5
S100464,20,B.Sc,6.81,6.3,5.7,2.8,8.2,3.1,4.3,2,2,0,4,495.0,1,0,0,5,3,4.0,7.5,7.0,6.2,3.9,5.7,1,2
S100465,20,B.Sc,7.58,8.4,5.9,5.8,4.6,2.5,4.5,5,0,0,4,493.0,2,0,0,4,1,2.0,1.3,4.7,3.9,6.4,7.3,0,5
S100466,21,B.Sc,6.79,4.7,7.5,5.1,7.3,8.4,6.6,2,1,1,0,,4,0,0,6,1,1.0,7.0,6.5,2.9,,5.2,1,3
S100467,20,BCA,6.51,10.0,9.5,1.7,5.9,6.5,2.4,2,2,0,2,321.0,2,0,0,5,2,0.0,3.9,9.0,1.2,7.6,3.3,0,5
S100468,25,B.Tech,7.71,7.2,6.6,6.5,8.8,3.6,9.4,3,0,0,2,297.0,1,0,1,3,0,1.0,8.0,7.1,7.0,8.3,7.3,0,5
S100469,21,B.Tech,7.64,7.2,4.7,7.4,8.4,5.8,3.3,1,1,0,3,87.0,1,0,0,5,1,3.0,2.7,7.2,7.4,3.7,3.1,0,5
S100470,21,B.Tech,8.02,7.4,7.4,10.0,6.2,1.5,5.0,3,0,0,3,384.0,3,1,1,4,1,2.0,4.2,7.2,1.5,5.7,5.2,0,5
S100471,25,B.Tech,9.47,9.9,4.4,4.7,5.3,3.0,2.4,3,1,0,0,,2,0,0,9,4,2.0,6.4,5.6,5.7,5.6,5.8,0,5
S100472,24,B.Tech,7.75,7.9,3.7,4.4,6.8,4.7,2.1,4,0,0,1,422.0,4,0,1,5,2,1.0,6.7,9.4,4.7,8.6,8.0,1,1
S100473,21,B.Tech,7.94,3.6,2.3,3.3,5.4,5.5,3.1,2,1,0,0,,1,0,0,4,3,1.0,4.2,7.1,7.9,7.7,7.0,0,5
S100474,22,B.Tech,6.53,9.0,2.7,5.9,9.2,4.3,2.9,2,0,0,3,353.0,3,0,3,3,4,3.0,4.8,,5.1,5.7,6.3,1,1
S100475,23,B.Tech,6.34,5.9,4.0,5.9,6.0,5.0,4.1,1,1,0,0,,4,1,1,1,2,7.0,7.4,7.7,6.6,1.9,7.7,1,0
S100476,23,B.Tech,8.92,6.7,3.4,3.9,5.0,4.7,2.8,4,1,0,1,383.0,3,1,1,5,0,0.0,7.5,8.2,4.6,3.9,3.5,0,5
S100477,25,B.Sc,6.67,4.2,6.4,5.2,4.9,4.1,6.5,4,1,1,6,292.0,5,0,2,6,1,6.0,4.8,4.3,4.1,,9.0,0,5
S100478,25,B.Sc,6.56,7.4,3.4,1.5,3.4,3.8,3.3,3,2,0,2,372.0,3,0,0,3,2,2.0,4.3,6.6,7.0,5.4,0.0,0,5
S100479,25,B.Tech,7.46,5.3,0.0,7.4,6.9,3.6,3.0,0,0,0,2,31.0,7,2,3,2,4,5.0,2.8,10.0,7.7,5.8,8.7,0,5
S100480,20,B.Tech,7.42,6.7,3.7,4.0,4.2,5.0,4.1,2,2,0,1,309.0,2,0,1,3,2,2.0,6.0,9.5,3.0,7.1,4.1,0,5
S100481,21,B.Tech,6.69,6.0,4.9,5.4,8.0,5.4,7.2,2,0,0,2,102.0,8,2,4,1,3,3.0,7.1,6.3,7.8,8.0,6.6,0,5
S100482,23,B.Sc,7.23,10.0,4.6,2.6,3.2,4.9,5.5,2,2,1,5,204.0,9,1,3,5,1,2.0,5.8,7.8,3.6,4.6,8.7,1,4
S100483,20,B.Tech,8.61,10.0,8.8,4.3,6.1,1.9,4.8,2,2,0,2,384.0,2,0,2,1,2,5.0,3.7,5.9,0.8,7.1,6.9,1,0
S100484,22,B.Tech,6.77,6.6,4.6,4.9,8.1,2.3,1.8,3,0,0,0,,1,0,0,5,3,3.0,9.1,7.1,5.5,8.9,6.5,0,5
S100485,20,B.Tech,6.25,6.6,7.6,5.5,1.5,5.4,2.5,2,2,2,4,377.0,3,0,0,2,3,2.0,1.3,5.7,6.5,8.6,7.5,1,0
S100486,25,B.Tech,8.35,5.8,5.8,6.5,9.8,7.7,2.2,1,1,0,2,130.0,4,2,2,5,3,2.0,7.3,5.6,2.5,5.0,2.8,1,1
S100487,20,B.Tech,7.94,8.5,5.7,8.4,4.9,4.8,7.9,3,3,0,1,377.0,3,0,0,5,2,4.0,5.9,5.4,1.5,6.5,3.1,1,1
S100488,20,B.Sc,6.94,5.9,4.1,7.0,6.1,3.6,6.2,2,1,0,2,383.0,3,0,0,2,1,,6.4,9.5,4.5,7.4,6.3,0,5
S100489,21,B.Sc,6.08,5.7,5.7,7.4,6.9,5.0,3.1,1,1,0,2,8.0,1,0,1,3,1,1.0,3.9,5.6,4.2,6.0,5.4,1,3
S100490,20,M.Tech,6.83,8.3,4.3,8.4,7.3,2.0,3.8,3,0,0,2,117.0,5,0,3,3,0,3.0,5.2,8.6,8.2,5.6,5.2,0,5
S100491,23,B.Sc,7.45,5.5,6.1,6.6,6.3,7.4,3.2,5,3,0,0,,3,1,2,5,2,5.0,6.1,5.7,5.5,2.9,8.3,0,5
S100492,22,B.Sc,8.55,6.4,5.3,5.4,7.8,4.9,3.1,2,1,1,3,171.0,2,0,1,7,2,1.0,5.3,5.5,7.0,4.4,8.1,1,2
S100493,25,B.Tech,6.57,3.7,3.9,7.5,6.8,3.0,6.0,4,1,0,2,220.0,3,0,0,6,1,2.0,1.9,7.2,5.9,4.7,4.0,0,5
S100494,21,M.Tech,7.42,7.8,7.8,7.6,9.3,4.1,4.4,6,2,0,0,,2,1,1,8,2,3.0,8.9,4.2,8.6,3.7,6.7,1,2
S100495,23,B.Tech,8.11,10.0,6.7,6.8,6.8,3.3,9.6,1,0,0,0,,2,0,0,2,5,2.0,6.8,7.7,3.7,6.2,2.7,1,4
S100496,23,B.Tech,5.36,7.8,4.9,2.6,9.7,7.4,7.8,2,0,0,1,47.0,4,0,1,2,4,2.0,5.6,6.3,5.3,7.6,2.6,0,5
S100497,23,B.Sc,8.43,9.1,6.1,3.8,7.6,4.1,7.9,1,1,0,2,136.0,3,0,0,1,2,3.0,5.7,5.5,2.4,5.2,4.0,0,5
S100498,24,B.Tech,6.44,5.0,5.6,5.0,2.2,4.8,6.5,4,1,0,4,238.0,2,0,0,9,3,3.0,8.9,5.1,7.1,,5.7,0,5
S100499,21,B.Tech,7.8,6.9,4.1,7.1,10.0,5.8,4.1,2,2,0,1,384.0,4,0,2,8,2,3.0,4.0,10.0,7.7,5.8,4.5,1,2
S100500,23,M.Tech,7.72,4.8,5.9,5.5,4.7,2.9,6.3,1,1,1,3,249.0,5,1,1,2,0,0.0,3.6,6.4,7.2,6.5,6.7,0,5
S100501,24,MCA,8.48,6.1,4.6,7.8,8.8,4.9,4.2,2,0,0,3,491.0,2,0,1,4,2,,7.2,6.4,5.3,6.4,5.8,0,5
S100502,25,BCA,8.0,7.9,3.9,8.1,5.9,5.1,8.6,0,0,0,1,261.0,3,1,1,7,0,6.0,6.4,8.1,2.5,4.7,8.0,0,5
S100503,23,B.Tech,5.36,6.7,2.6,7.9,7.9,1.1,5.9,0,0,0,1,127.0,4,2,3,1,1,3.0,3.5,5.0,5.3,3.8,6.9,1,1
S100504,23,B.Tech,6.79,4.0,5.1,7.9,4.4,5.1,5.6,3,0,0,2,96.0,1,0,0,4,2,4.0,7.7,8.5,4.1,7.6,3.7,1,1
S100505,25,M.Tech,7.62,4.1,6.9,3.4,7.1,4.4,5.3,3,2,0,0,,3,0,0,8,0,2.0,6.1,6.4,7.3,6.6,7.6,0,5
S100506,23,B.Tech,7.32,4.0,4.4,6.5,5.3,4.8,8.8,4,1,1,0,,1,0,0,0,4,7.0,3.7,4.0,4.6,4.8,4.1,1,2
S100507,25,MCA,7.93,7.4,10.0,4.3,9.0,4.6,1.8,4,0,0,3,302.0,6,0,2,3,3,0.0,6.5,5.5,4.6,3.3,6.6,1,3
S100508,20,B.Tech,8.21,10.0,7.6,2.2,6.7,5.1,9.0,2,2,1,2,185.0,2,0,1,5,4,0.0,6.2,4.5,9.8,6.4,4.8,1,4
S100509,22,B.Tech,8.05,9.0,8.4,4.9,7.7,7.4,4.6,1,1,1,2,137.0,4,0,0,4,1,1.0,5.3,6.6,7.1,,8.4,1,3
S100510,20,B.Tech,7.31,3.1,7.4,8.1,1.5,1.9,1.9,1,1,1,2,300.0,4,0,1,7,2,7.0,6.3,5.1,7.7,6.7,7.3,1,0
S100511,20,MCA,5.84,9.1,9.5,6.4,5.6,3.7,3.3,1,1,1,0,,4,0,0,5,2,2.0,6.8,4.9,4.5,6.3,4.4,0,5
S100512,22,B.Tech,7.09,8.2,4.2,9.5,6.6,6.0,1.4,2,2,1,1,499.0,2,0,0,2,2,3.0,7.3,7.0,3.3,9.7,5.0,1,2
S100513,21,B.Tech,7.87,3.7,0.7,5.9,6.2,5.6,6.4,1,0,0,2,366.0,2,0,1,4,1,3.0,5.7,6.6,7.6,5.9,10.0,0,5
S100514,22,B.Tech,6.52,6.0,4.9,10.0,7.7,5.5,2.7,6,1,0,5,409.0,0,0,0,3,2,2.0,5.0,8.7,8.5,9.6,3.3,1,1
S100515,22,B.Tech,8.07,8.5,6.9,5.9,5.1,10.0,5.4,3,0,0,3,142.0,6,1,1,4,1,3.0,6.0,8.6,2.9,6.1,4.4,1,1
S100516,23,B.Tech,8.32,7.5,6.1,5.5,5.9,5.9,7.5,2,1,0,1,15.0,3,1,2,4,4,1.0,7.9,6.6,4.5,4.8,4.5,1,1
S100517,25,M.Tech,7.61,4.1,6.4,2.9,8.2,7.0,3.5,3,2,1,2,24.0,3,0,1,6,0,3.0,6.8,7.4,3.7,4.1,3.5,0,5
S100518,25,B.Tech,5.0,7.6,8.4,7.7,1.2,3.8,4.4,4,4,1,0,,4,0,2,2,2,2.0,4.8,4.0,6.5,4.4,3.7,0,5
S100519,22,MCA,6.35,2.7,6.6,4.5,7.0,2.3,2.1,3,1,1,1,437.0,1,0,0,4,4,3.0,5.6,7.8,7.7,6.8,5.6,1,2
S100520,21,MCA,9.2,6.1,7.4,4.2,5.1,3.8,4.1,1,0,0,0,,5,0,1,3,2,5.0,8.8,7.2,4.8,6.2,6.8,1,0
S100521,24,B.Tech,7.01,8.5,3.9,8.1,4.0,6.1,10.0,5,1,0,1,294.0,2,0,1,8,1,5.0,7.0,8.2,4.8,2.7,2.6,1,4
S100522,20,B.Tech,5.71,6.5,3.6,7.8,6.5,5.4,6.7,0,0,0,1,105.0,1,0,0,5,2,5.0,5.8,5.9,1.6,7.8,4.8,0,5
S100523,23,B.Sc,8.61,5.6,9.0,7.8,8.3,5.4,4.4,6,4,2,0,,1,0,0,6,2,1.0,7.8,6.0,3.6,8.7,4.2,1,2
S100524,22,B.Tech,7.51,8.1,6.0,4.8,7.9,4.0,3.7,3,0,0,1,258.0,2,0,1,12,3,4.0,4.4,6.0,8.5,,3.5,0,5
S100525,21,B.Tech,8.49,8.3,4.6,5.4,5.5,3.7,4.9,4,0,0,0,,2,0,0,5,2,4.0,6.2,9.1,6.5,7.8,7.8,1,4
S100526,23,BCA,7.75,8.9,4.6,5.4,7.6,4.1,5.3,1,1,0,1,12.0,4,1,1,3,1,2.0,9.3,7.0,7.4,9.0,4.3,1,1
S100527,21,BCA,7.91,8.1,4.5,7.1,7.5,6.1,4.1,1,1,0,0,,2,0,1,3,3,6.0,6.8,3.8,4.8,2.8,3.1,1,1
S100528,21,M.Tech,7.83,8.4,4.4,8.6,5.6,6.3,6.2,0,0,0,1,347.0,2,0,0,5,5,6.0,8.7,7.7,5.0,5.2,7.6,1,4
S100529,23,B.Tech,8.13,7.8,3.2,6.2,4.4,2.3,2.9,2,0,0,3,385.0,9,0,1,1,2,2.0,5.3,5.7,5.5,4.5,8.3,0,5
S100530,21,B.Sc,9.55,7.0,2.8,9.4,4.5,6.2,2.9,3,2,0,3,73.0,4,0,0,4,2,2.0,4.5,8.5,6.1,7.8,6.3,1,3
S100531,24,M.Tech,8.37,6.7,5.4,7.3,7.5,3.1,5.8,2,2,1,2,17.0,2,0,0,4,1,2.0,7.8,,8.3,5.3,3.9,1,2
S100532,20,B.Tech,6.08,6.1,4.6,5.0,5.7,5.5,2.4,1,1,0,3,427.0,2,0,1,2,2,2.0,1.8,8.7,4.2,5.2,5.2,0,5
S100533,22,B.Sc,7.9,4.3,8.0,7.2,3.7,4.1,6.6,1,1,0,1,156.0,3,0,0,0,1,2.0,5.9,8.4,5.2,6.8,4.5,0,5
S100534,24,B.Tech,8.53,4.8,6.4,8.9,2.4,7.9,5.0,2,1,1,3,236.0,5,1,1,5,3,0.0,7.6,8.2,3.9,8.8,5.7,1,0
S100535,21,B.Tech,8.58,6.0,6.3,9.5,7.5,3.6,1.0,1,1,1,1,314.0,6,1,3,3,1,2.0,6.6,8.5,1.6,5.9,7.2,1,2
S100536,24,B.Tech,7.12,6.9,4.3,7.9,4.7,4.9,5.2,5,1,0,1,246.0,0,0,0,6,3,1.0,1.3,8.0,7.3,5.2,5.7,0,5
S100537,24,B.Tech,8.55,9.1,5.6,5.6,6.5,5.8,1.3,0,0,0,3,472.0,1,0,0,3,5,1.0,2.8,5.3,9.0,5.5,5.8,1,3
S100538,25,B.Tech,8.33,6.4,6.5,5.1,8.3,2.6,6.5,4,1,0,3,421.0,1,1,1,2,1,2.0,5.3,4.4,7.0,7.2,4.8,1,4
S100539,21,MCA,,8.3,7.2,6.7,3.2,4.3,4.5,5,2,0,0,,1,0,0,2,3,1.0,6.4,5.0,6.0,3.6,7.1,0,5
S100540,24,BCA,6.82,8.4,5.6,8.8,5.7,3.9,9.1,3,0,0,0,,3,1,1,1,1,3.0,6.5,7.8,9.2,6.0,6.5,0,5
S100541,25,B.Sc,7.04,6.1,8.0,6.4,5.5,3.4,7.4,1,1,0,4,487.0,3,0,2,1,2,4.0,5.5,2.5,6.4,4.3,2.1,0,5
S100542,24,MCA,7.22,7.6,5.8,6.4,6.6,3.5,2.7,1,1,1,2,354.0,4,0,0,1,0,4.0,7.0,6.5,7.1,3.8,2.2,0,5
S100543,21,BCA,7.06,6.1,7.4,5.6,8.3,6.9,0.6,1,1,1,1,377.0,2,1,1,6,4,1.0,6.4,6.0,5.8,2.5,5.1,1,2
S100544,24,B.Tech,6.7,8.9,4.8,4.8,3.1,3.2,3.3,4,2,0,0,,4,0,1,1,2,5.0,5.2,8.7,6.1,5.1,7.7,0,5
S100545,20,B.Tech,5.01,7.6,2.2,5.2,6.9,5.7,2.3,5,3,0,0,,4,2,4,8,1,2.0,6.6,6.3,5.2,7.9,8.1,1,2
S100546,23,B.Tech,7.11,4.4,6.3,5.8,7.9,5.2,9.0,4,0,0,4,91.0,3,1,3,7,1,2.0,4.2,5.8,7.2,2.4,7.3,0,5
S100547,22,B.Tech,7.83,6.8,7.3,8.9,5.4,1.4,5.0,3,1,0,1,215.0,3,1,1,4,4,1.0,6.8,8.9,3.3,7.0,5.5,1,1
S100548,23,M.Tech,7.06,9.5,7.0,5.0,5.5,5.6,7.1,1,1,1,3,271.0,6,1,5,1,1,1.0,3.8,6.3,6.3,4.8,8.7,1,4
S100549,23,B.Tech,9.24,6.2,6.6,5.6,6.6,1.4,4.4,1,1,0,0,,3,0,0,3,0,4.0,6.5,6.0,3.8,,4.4,0,5
S100550,20,B.Tech,7.51,7.3,5.1,3.8,6.5,5.9,4.6,2,2,0,2,318.0,5,0,2,3,2,1.0,6.4,5.6,6.5,6.6,5.1,0,5
S100551,23,B.Tech,8.66,7.5,4.2,6.9,7.0,3.4,4.9,3,1,1,2,307.0,4,0,0,2,2,2.0,4.9,7.0,10.0,8.4,3.0,0,5
S100552,25,B.Tech,7.74,4.6,6.9,8.2,6.9,4.5,7.4,1,1,0,1,420.0,4,1,3,2,2,0.0,6.8,5.9,6.9,8.7,5.1,1,0
S100553,22,MCA,8.24,7.4,6.7,8.7,3.8,1.7,5.7,1,1,1,1,27.0,3,0,2,5,1,3.0,8.6,5.9,7.8,6.5,4.1,1,1
S100554,21,B.Tech,7.75,4.0,4.7,5.9,7.8,4.8,2.7,5,1,0,1,113.0,1,0,1,3,2,3.0,3.5,9.1,7.3,5.9,8.9,0,5
S100555,25,B.Tech,8.73,5.4,8.0,6.6,8.1,6.5,8.6,3,1,0,2,215.0,4,3,4,4,4,3.0,7.4,6.6,0.8,6.7,8.5,1,4
S100556,20,B.Tech,7.55,8.4,4.0,5.2,6.2,2.7,4.4,2,1,0,3,440.0,2,0,0,0,1,2.0,7.7,5.7,5.2,10.0,5.9,0,5
S100557,22,B.Tech,7.95,7.1,4.6,6.6,2.8,3.2,4.0,4,2,1,1,119.0,2,1,1,2,0,5.0,5.1,4.7,6.4,5.5,6.7,0,5
S100558,23,B.Sc,7.83,6.0,9.1,6.1,5.6,5.5,0.0,5,0,0,1,486.0,1,0,0,4,0,3.0,7.1,6.9,1.3,8.0,4.6,0,5
S100559,22,B.Tech,7.24,7.3,7.5,5.6,6.2,5.6,6.4,2,0,0,3,478.0,3,0,1,2,1,4.0,5.0,5.5,4.9,4.9,0.7,0,5
S100560,25,B.Tech,7.86,6.4,5.1,5.8,3.5,0.0,5.2,5,1,1,1,48.0,3,0,0,4,2,0.0,8.0,5.8,5.3,4.5,4.3,1,0
S100561,22,B.Tech,9.51,6.5,6.4,6.4,5.1,8.9,5.2,2,1,0,3,182.0,1,0,0,3,1,3.0,0.0,5.0,3.0,9.2,7.3,0,5
S100562,25,MCA,7.26,7.7,6.1,4.9,3.0,5.7,4.1,0,0,0,0,,3,1,1,3,0,3.0,8.4,6.9,3.6,6.0,6.7,0,5
S100563,20,B.Sc,7.88,5.2,0.3,5.0,7.0,6.0,3.7,1,1,1,2,245.0,3,0,1,6,1,2.0,3.3,4.2,8.2,6.4,5.0,0,5
S100564,24,B.Sc,8.63,6.6,4.0,8.9,6.1,4.2,4.2,0,0,0,3,462.0,1,0,0,4,1,3.0,5.7,7.2,0.0,7.0,7.3,0,5
S100565,23,B.Sc,8.53,5.9,5.7,10.0,2.5,0.4,6.0,4,2,2,2,188.0,2,1,1,5,3,5.0,3.9,5.5,6.0,4.4,4.9,1,0
S100566,21,M.Tech,7.51,3.6,5.1,3.1,6.5,6.0,6.4,3,2,1,1,331.0,2,0,0,2,4,3.0,8.5,7.8,7.8,5.2,3.5,1,3
S100567,21,B.Tech,5.35,4.8,6.3,3.0,5.7,3.3,4.5,3,1,1,5,69.0,2,0,0,5,4,1.0,5.0,7.4,5.4,4.8,7.3,1,2
S100568,24,B.Tech,7.97,9.3,8.1,3.6,6.8,5.7,7.1,3,0,0,3,285.0,0,0,0,9,5,2.0,4.4,6.7,8.3,6.6,4.6,1,3
S100569,23,B.Tech,5.5,7.2,5.2,5.3,5.0,4.0,4.8,0,0,0,0,,0,0,0,8,1,1.0,7.7,8.0,4.6,6.7,7.9,1,1
S100570,23,B.Tech,8.82,4.1,3.7,7.3,4.2,5.0,3.9,2,1,0,4,458.0,1,0,0,4,3,2.0,7.0,9.3,3.7,4.9,1.8,0,5
S100571,20,MCA,7.65,3.7,6.4,6.7,4.3,2.8,5.4,1,1,0,2,389.0,3,1,1,2,1,3.0,4.8,8.8,5.5,9.6,4.7,0,5
S100572,23,B.Tech,8.4,6.3,5.1,5.8,4.7,6.4,2.0,6,1,0,3,108.0,3,1,2,6,4,1.0,3.5,4.1,4.7,6.0,7.0,1,3
S100573,25,M.Tech,6.69,9.3,5.5,6.6,5.8,1.9,5.5,2,0,0,1,310.0,1,0,0,2,3,2.0,3.2,5.4,4.4,6.2,6.8,0,5
S100574,20,MCA,6.1,6.2,5.2,4.1,6.1,9.4,1.6,7,2,2,0,,1,0,1,4,1,4.0,8.1,5.6,5.1,8.4,5.4,1,3
S100575,22,B.Tech,7.73,8.9,10.0,5.0,5.4,9.4,2.7,2,1,1,0,,3,2,2,5,2,3.0,6.3,7.6,3.9,4.4,6.4,1,3
S100576,22,MCA,7.47,7.1,1.3,5.5,5.0,8.1,0.6,2,0,0,2,231.0,3,1,1,6,2,2.0,5.8,5.6,3.8,5.1,6.1,0,5
S100577,25,B.Sc,7.06,7.3,5.0,2.3,5.1,7.3,4.6,1,1,0,2,410.0,4,0,2,3,3,1.0,6.5,5.5,3.3,6.5,2.8,0,5
S100578,21,MCA,7.58,4.1,5.8,3.2,10.0,4.3,8.5,4,1,0,2,145.0,5,1,3,9,0,4.0,1.6,5.2,6.3,3.3,5.1,1,3
S100579,22,B.Tech,9.99,8.2,4.2,3.3,4.3,7.1,4.7,3,0,0,1,3.0,5,0,1,3,0,2.0,4.9,7.0,3.5,5.6,6.3,0,5
S100580,24,B.Tech,8.25,5.9,7.6,7.0,4.7,4.3,6.4,1,1,1,2,97.0,5,0,0,5,3,1.0,4.9,7.6,3.0,9.7,6.8,1,0
S100581,20,B.Tech,8.44,8.1,7.4,6.0,10.0,1.1,10.0,0,0,0,2,413.0,3,1,1,2,3,0.0,7.5,4.3,3.4,9.3,5.7,1,1
S100582,24,B.Tech,,5.0,5.7,6.7,6.6,7.8,5.9,4,0,0,1,149.0,2,0,1,6,3,0.0,2.6,5.6,5.9,7.6,4.7,1,3
S100583,24,B.Tech,8.83,6.8,5.3,1.8,3.0,7.0,3.3,2,0,0,0,,1,0,0,4,0,3.0,7.6,3.1,6.8,,3.1,0,5
S100584,24,MCA,7.33,7.1,5.6,2.5,7.5,4.4,3.6,4,0,0,0,,1,0,0,7,2,3.0,9.1,2.2,7.0,6.9,7.3,1,4
S100585,23,B.Sc,5.65,6.2,5.6,6.8,4.0,1.8,5.0,5,2,1,1,435.0,6,1,2,2,2,2.0,2.1,7.4,5.9,5.2,7.1,1,0
S100586,24,B.Tech,7.33,7.2,5.6,0.0,7.6,3.2,3.6,2,1,0,0,,6,2,2,1,2,4.0,5.5,7.1,6.6,9.0,7.8,0,5
S100587,24,B.Tech,8.23,6.0,5.4,7.9,5.4,0.5,3.8,2,2,0,4,473.0,2,0,1,6,1,3.0,6.5,6.8,5.4,4.3,3.6,1,0
S100588,25,B.Tech,6.63,5.3,6.3,1.9,4.9,6.6,7.2,0,0,0,2,342.0,0,0,0,2,4,1.0,7.2,9.4,6.4,7.7,6.0,0,5
S100589,22,B.Tech,7.34,9.4,7.3,7.2,9.0,1.0,7.3,3,0,0,2,409.0,4,2,2,6,3,3.0,1.2,3.5,6.4,5.1,4.4,0,5
S100590,22,BCA,6.88,8.4,3.3,3.7,6.9,5.1,1.4,1,1,0,0,,4,0,3,6,2,5.0,6.2,2.8,4.0,5.2,5.9,0,5
S100591,23,B.Tech,8.85,5.1,3.7,7.6,7.7,2.6,3.2,2,2,1,0,,3,0,1,3,2,4.0,5.1,4.5,3.3,7.0,10.0,0,5
S100592,21,B.Tech,8.17,7.5,2.3,10.0,6.7,1.4,4.0,0,0,0,2,209.0,1,0,1,2,1,4.0,4.9,2.7,8.2,9.7,7.6,0,5
S100593,25,B.Sc,8.09,5.2,7.5,1.0,4.9,5.0,6.3,5,0,0,0,,3,0,1,1,3,3.0,9.6,5.4,5.8,8.6,4.3,1,4
S100594,24,B.Tech,8.06,4.4,6.3,6.9,7.0,3.8,7.5,2,1,0,2,232.0,3,0,0,2,0,1.0,5.1,7.5,7.6,6.6,5.3,0,5
S100595,23,B.Tech,7.47,8.4,6.8,1.9,8.2,6.3,10.0,3,2,0,0,,3,1,1,5,1,2.0,6.4,7.0,3.3,6.1,5.1,1,4
S100596,21,M.Tech,7.68,3.4,2.9,6.4,6.1,1.7,4.0,3,2,0,1,491.0,4,0,0,5,0,0.0,5.3,8.3,4.7,7.4,6.0,0,5
S100597,22,B.Sc,6.43,8.2,9.4,5.1,9.4,2.8,4.1,3,1,1,1,272.0,2,1,2,4,2,3.0,6.0,7.2,2.7,8.5,2.8,0,5
S100598,22,BCA,5.53,6.0,4.6,5.8,7.5,0.0,6.3,3,1,0,5,49.0,4,0,0,3,1,6.0,6.6,5.8,6.8,2.8,6.4,1,1
S100599,23,B.Sc,7.64,6.1,6.1,3.7,6.2,0.0,3.5,2,0,0,4,180.0,4,0,1,6,2,3.0,7.3,5.6,4.3,5.8,1.6,0,5
S100600,24,B.Tech,7.79,7.2,7.5,7.1,6.3,8.5,4.7,3,1,0,2,99.0,5,0,2,4,2,3.0,3.9,7.3,4.4,4.1,2.5,0,5
S100601,24,M.Tech,8.59,7.5,3.8,2.6,6.1,9.1,4.1,4,0,0,2,235.0,6,1,2,3,5,1.0,5.8,3.7,9.4,5.6,9.8,1,3
S100602,25,MCA,8.91,5.0,4.7,8.0,3.3,4.7,0.0,1,0,0,4,117.0,5,0,2,5,4,3.0,5.9,0.8,6.8,3.7,5.1,0,5
S100603,25,M.Tech,8.91,7.8,6.2,4.7,5.6,2.7,5.3,4,2,0,2,41.0,2,0,1,5,3,2.0,2.2,7.2,6.8,2.7,8.7,1,4
S100604,24,BCA,6.6,6.7,10.0,2.7,6.2,3.8,4.6,1,1,1,1,86.0,2,0,1,7,2,2.0,3.6,6.9,3.1,3.6,4.2,0,5
S100605,22,M.Tech,7.18,4.2,6.4,8.7,5.0,6.4,7.8,3,1,1,0,,1,0,0,7,7,1.0,7.3,9.3,1.8,5.0,1.6,1,0
S100606,23,MCA,7.93,6.2,9.0,5.4,6.5,3.4,5.0,2,1,0,3,71.0,2,0,0,0,3,2.0,4.6,7.8,7.4,7.1,3.7,1,0
S100607,22,B.Tech,9.78,9.0,8.2,9.3,5.8,5.0,2.2,0,0,0,3,14.0,4,0,1,3,2,4.0,10.0,7.1,1.0,4.5,10.0,1,0
S100608,23,M.Tech,8.83,9.5,6.5,7.9,7.3,4.5,4.4,2,2,2,0,,5,0,1,3,1,3.0,7.4,5.9,4.5,4.4,3.0,0,5
S100609,24,B.Tech,8.51,7.8,3.8,3.9,7.1,3.2,0.4,3,1,0,2,322.0,3,0,1,6,0,6.0,6.4,5.0,3.9,6.7,9.4,1,2
S100610,22,B.Sc,7.15,4.4,7.9,5.3,6.1,3.3,2.3,5,0,0,1,315.0,3,1,3,6,3,0.0,8.5,6.0,3.6,,6.5,0,5
S100611,23,B.Sc,6.71,7.4,2.8,5.7,3.1,5.1,6.4,1,0,0,5,195.0,7,0,2,5,1,4.0,7.0,8.2,4.6,9.1,6.0,0,5
S100612,20,BCA,8.21,8.0,9.0,8.6,9.4,2.4,4.5,4,2,0,0,,5,2,3,6,4,3.0,5.9,7.3,3.4,7.7,4.3,1,2
S100613,24,BCA,6.51,7.8,6.2,6.4,5.5,5.5,7.0,0,0,0,2,96.0,1,0,0,5,2,7.0,2.7,8.2,3.1,4.2,4.0,0,5
S100614,22,B.Tech,7.29,7.9,0.5,5.9,5.6,3.5,0.7,2,2,2,1,361.0,4,2,4,3,2,1.0,6.8,6.7,6.0,4.8,6.9,0,5
S100615,22,M.Tech,7.4,7.2,5.1,5.1,5.1,4.8,4.5,4,1,0,3,9.0,1,0,0,1,1,3.0,8.3,4.9,7.6,7.3,8.4,1,1
S100616,23,M.Tech,8.93,6.4,7.1,5.4,4.8,7.5,4.0,2,0,0,0,,3,0,0,3,1,1.0,4.3,8.6,2.0,4.4,6.2,0,5
S100617,21,B.Tech,7.18,5.4,5.3,8.1,8.9,4.1,7.1,2,2,0,0,,5,0,1,7,5,3.0,1.8,8.4,5.9,5.4,7.3,1,1
S100618,23,B.Tech,5.3,3.1,7.2,5.5,8.6,6.5,6.5,2,2,0,1,234.0,2,1,1,4,1,6.0,3.4,6.8,6.6,2.9,4.9,0,5
S100619,24,B.Tech,7.95,7.1,4.1,4.7,6.7,0.6,6.4,3,3,0,5,278.0,1,0,0,3,2,1.0,9.0,7.5,6.4,3.6,10.0,1,2
S100620,22,M.Tech,6.87,6.8,3.2,4.4,5.6,3.5,8.4,4,1,1,0,,5,1,2,3,4,3.0,5.7,7.4,5.1,8.3,6.3,1,2
S100621,20,B.Tech,7.54,7.5,5.7,4.4,7.0,4.6,4.2,3,1,0,1,323.0,2,0,1,5,1,3.0,8.4,5.7,4.3,6.3,9.9,1,1
S100622,22,BCA,7.42,4.1,5.9,2.7,5.9,8.7,7.9,1,1,1,2,374.0,3,0,0,9,2,0.0,5.5,6.0,7.0,4.9,3.9,0,5
S100623,21,B.Tech,7.25,7.7,5.1,4.0,5.4,0.2,2.7,2,0,0,1,389.0,5,1,2,4,2,5.0,4.5,4.9,6.2,5.1,5.7,0,5
S100624,22,BCA,8.21,10.0,8.3,8.5,6.5,4.3,2.6,2,2,0,1,125.0,2,0,1,3,1,2.0,9.8,6.0,1.7,9.1,7.9,1,1
S100625,23,B.Tech,6.12,6.6,4.1,5.1,4.9,7.7,6.7,5,0,0,4,313.0,5,1,2,6,2,1.0,4.8,8.4,5.1,4.8,6.1,0,5
S100626,20,M.Tech,7.03,6.4,6.4,6.9,6.3,2.8,1.7,4,2,1,0,,5,1,5,2,3,1.0,5.0,8.0,5.6,6.9,6.8,1,2
S100627,24,B.Tech,8.12,7.1,5.9,0.5,6.2,4.0,6.3,5,1,0,0,,2,0,0,6,1,3.0,6.4,7.5,3.3,7.6,3.8,0,5
S100628,21,B.Sc,6.95,10.0,2.7,6.6,7.0,5.2,5.2,4,2,1,0,,3,0,1,2,3,3.0,4.9,8.2,5.0,8.6,5.0,1,2
S100629,25,MCA,6.05,4.7,3.2,5.2,4.6,4.9,7.4,3,2,1,0,,3,0,1,2,4,3.0,7.1,5.8,6.5,4.5,4.0,1,2
S100630,24,BCA,8.1,6.9,5.8,4.5,7.2,7.9,4.9,3,3,0,2,287.0,2,1,1,4,1,2.0,6.4,4.4,3.8,3.5,5.6,0,5
S100631,21,MCA,8.51,5.1,9.8,5.9,4.0,5.5,5.1,4,1,0,0,,2,0,0,6,3,3.0,6.5,6.2,6.0,4.0,5.4,1,0
S100632,23,B.Tech,7.46,5.5,7.0,4.5,4.7,7.4,6.1,5,1,1,0,,1,0,0,3,0,3.0,4.3,6.4,3.5,7.3,4.7,0,5
S100633,20,B.Tech,5.74,6.4,2.3,1.3,4.7,3.7,3.5,2,2,1,1,281.0,1,0,1,3,2,2.0,2.2,7.7,3.0,9.6,7.1,0,5
S100634,20,B.Tech,8.14,8.9,0.0,7.3,3.7,2.9,3.4,3,1,0,0,,4,2,3,7,3,2.0,3.8,7.4,6.7,7.4,3.7,0,5
S100635,25,B.Tech,6.01,9.7,7.3,6.0,7.8,4.0,6.0,1,0,0,2,103.0,6,1,1,4,1,2.0,4.0,8.3,7.8,4.8,1.5,0,5
S100636,24,B.Sc,7.78,7.3,5.6,4.9,3.9,1.9,4.9,4,0,0,0,,5,1,1,6,1,3.0,6.1,2.9,3.1,8.1,4.7,0,5
S100637,20,M.Tech,6.7,5.8,8.1,3.6,4.4,5.6,4.1,2,1,0,1,458.0,3,1,1,3,5,0.0,3.9,5.1,7.4,5.2,10.0,1,4
S100638,21,M.Tech,6.46,10.0,4.0,2.6,8.3,3.7,4.8,2,1,1,2,363.0,4,1,1,9,2,4.0,2.6,6.3,5.5,4.5,6.8,1,2
S100639,21,MCA,7.1,5.7,6.5,5.9,4.7,3.0,8.5,2,1,1,2,255.0,1,0,1,7,2,5.0,3.2,7.4,1.1,5.4,4.1,0,5
S100640,22,M.Tech,7.34,5.5,7.5,8.7,5.4,5.6,4.0,1,1,0,1,318.0,3,0,2,2,2,1.0,6.3,10.0,2.6,5.0,6.7,1,0
S100641,21,MCA,6.92,3.3,4.9,5.9,3.8,2.0,4.0,3,0,0,1,117.0,9,1,5,3,2,3.0,6.9,4.7,6.7,4.7,5.5,0,5
S100642,21,B.Tech,8.03,9.0,4.9,2.7,7.5,6.2,1.2,4,0,0,1,31.0,2,0,0,4,3,4.0,4.5,5.2,2.3,8.2,6.6,0,5
S100643,23,B.Tech,7.1,8.2,5.9,6.0,7.5,3.4,4.9,2,2,0,1,320.0,4,0,1,4,1,,4.7,5.7,4.3,5.1,7.6,1,1
S100644,21,B.Sc,8.38,10.0,6.9,5.4,7.3,7.1,6.4,1,1,0,2,91.0,5,0,1,7,5,2.0,6.7,5.2,5.3,3.1,6.2,1,4
S100645,25,MCA,7.75,4.0,5.8,7.2,6.9,3.6,6.8,3,1,1,1,46.0,1,0,0,3,1,2.0,5.8,4.9,6.4,7.1,6.0,1,2
S100646,24,B.Tech,6.87,9.1,7.7,6.7,5.9,5.9,5.2,2,0,0,3,387.0,2,0,0,0,2,4.0,7.9,6.6,5.9,4.3,8.8,1,4
S100647,24,B.Tech,6.72,6.6,4.9,0.0,4.8,4.9,7.1,1,1,0,2,217.0,6,0,1,3,2,2.0,5.2,8.3,8.6,4.3,6.9,1,4
S100648,21,B.Sc,6.02,8.0,3.1,6.6,4.2,6.1,6.6,1,0,0,2,426.0,5,0,0,2,2,5.0,3.8,6.7,3.9,7.3,6.2,1,1
S100649,24,B.Tech,7.76,3.5,9.8,3.5,8.4,4.7,7.4,3,1,0,1,433.0,5,1,3,5,0,3.0,7.7,5.0,5.7,4.7,5.9,1,2
S100650,25,B.Tech,7.18,9.1,4.6,2.7,7.3,0.8,7.2,0,0,0,0,,5,0,2,4,2,2.0,4.9,6.1,6.4,5.2,4.7,0,5
S100651,21,MCA,5.37,7.9,4.7,5.1,4.4,6.7,8.5,1,1,0,2,384.0,3,0,2,5,1,1.0,3.9,4.6,6.9,6.1,3.3,0,5
S100652,24,B.Sc,7.02,6.4,5.7,6.3,5.9,4.3,4.6,3,1,0,1,168.0,4,1,2,6,2,2.0,7.3,8.3,7.6,5.5,7.1,0,5
S100653,22,B.Tech,6.69,7.7,5.9,2.2,5.2,6.2,2.1,4,1,1,3,352.0,3,0,2,1,2,1.0,8.4,9.1,4.6,5.2,8.4,0,5
S100654,24,MCA,8.92,5.1,5.0,6.9,3.5,6.0,6.5,6,0,0,2,22.0,4,2,3,5,0,6.0,5.9,3.6,6.8,1.8,6.7,0,5
S100655,22,B.Tech,5.97,5.5,5.8,7.0,6.2,2.8,6.7,5,0,0,0,,5,3,3,3,1,3.0,3.5,6.9,3.6,5.7,6.9,1,0
S100656,24,MCA,6.2,5.7,5.7,5.6,5.0,2.5,8.5,1,1,0,2,314.0,4,1,2,6,2,1.0,8.6,5.1,5.3,8.9,4.0,1,4
S100657,20,B.Tech,8.5,3.2,6.1,3.8,3.9,5.9,7.8,2,2,1,1,223.0,2,1,1,4,1,4.0,6.3,6.6,6.5,7.1,4.6,1,4
S100658,22,B.Sc,8.72,8.1,1.1,3.5,2.8,3.8,9.3,2,1,0,3,276.0,3,0,1,2,1,6.0,5.9,6.3,7.5,5.3,3.2,0,5
S100659,21,B.Tech,6.83,8.6,9.6,7.6,2.7,6.6,6.4,3,3,0,1,6.0,2,0,1,5,0,4.0,4.7,4.1,6.6,6.8,5.3,1,0
S100660,21,B.Tech,6.93,5.2,5.5,2.5,5.1,4.1,5.5,1,1,1,5,4.0,2,0,0,3,2,3.0,7.8,8.7,5.7,7.1,7.8,1,4
S100661,21,MCA,8.05,7.1,7.0,7.6,5.6,6.8,2.0,1,0,0,0,,1,0,1,7,4,3.0,3.3,6.2,5.3,4.5,4.4,0,5
S100662,22,B.Tech,5.41,6.0,3.0,5.2,4.0,5.4,5.7,2,2,0,2,208.0,2,0,0,1,2,7.0,3.1,5.7,6.6,8.3,5.7,0,5
S100663,20,B.Tech,5.82,7.1,4.9,5.3,7.1,5.1,3.8,5,1,0,5,288.0,5,2,4,5,2,1.0,9.3,6.7,9.9,6.3,7.2,1,3
S100664,24,B.Tech,7.25,5.4,4.5,2.1,5.7,3.7,5.5,4,0,0,2,180.0,3,0,2,3,1,1.0,3.8,4.9,7.2,5.4,8.2,0,5
S100665,23,M.Tech,8.89,4.9,8.7,5.2,7.0,5.0,5.1,4,1,1,0,,6,1,3,5,1,0.0,7.4,6.2,6.3,8.9,2.5,1,2
S100666,24,MCA,7.11,8.4,4.6,6.7,5.4,7.1,6.0,3,0,0,3,350.0,2,2,2,6,2,6.0,8.3,3.2,2.8,2.3,4.8,1,4
S100667,24,BCA,7.59,6.4,7.3,2.8,4.2,4.4,4.8,3,1,0,2,69.0,2,1,2,4,1,2.0,5.9,2.3,3.8,3.9,4.3,0,5
S100668,20,B.Tech,8.52,10.0,4.5,6.5,6.0,5.7,7.1,2,1,1,1,392.0,1,0,0,6,0,3.0,3.7,4.8,4.9,7.2,4.0,1,4
S100669,20,B.Tech,9.4,6.6,4.9,5.7,3.3,4.6,0.0,3,0,0,2,7.0,2,0,1,4,3,5.0,6.8,5.5,7.3,7.2,5.0,1,1
S100670,22,B.Tech,6.98,4.8,5.3,4.2,6.9,4.8,5.4,2,2,1,1,464.0,2,0,1,0,3,2.0,8.3,3.3,3.6,9.0,1.9,1,2
S100671,22,B.Sc,7.48,8.7,8.4,7.2,3.9,8.3,7.6,4,0,0,3,127.0,2,0,0,2,0,1.0,6.2,5.6,6.8,1.9,5.1,0,5
S100672,21,BCA,9.14,7.6,2.0,1.1,7.6,7.1,9.1,1,1,0,1,446.0,3,0,0,2,2,3.0,4.0,5.5,5.7,7.5,5.9,0,5
S100673,24,M.Tech,6.13,7.8,3.2,6.2,5.1,4.7,6.6,2,0,0,2,2.0,3,1,1,4,0,3.0,6.1,6.4,6.2,3.8,3.7,0,5
S100674,23,B.Sc,8.42,8.6,1.9,8.7,7.9,5.0,8.7,3,0,0,3,225.0,2,1,1,5,1,2.0,2.7,7.6,5.1,6.8,4.8,1,1
S100675,24,B.Tech,6.58,5.3,3.6,8.4,3.6,3.0,5.4,1,0,0,4,209.0,3,0,3,3,5,4.0,3.6,9.6,4.3,5.9,5.8,1,0
S100676,20,MCA,7.59,6.3,4.2,6.3,4.4,4.1,5.0,1,0,0,2,82.0,2,0,2,12,4,3.0,5.0,,3.6,7.5,6.0,1,1
S100677,24,B.Tech,7.28,6.2,2.6,4.9,6.6,5.2,6.2,2,0,0,2,238.0,2,0,1,5,1,4.0,5.6,4.7,6.7,5.6,2.5,1,3
S100678,21,B.Tech,6.64,4.2,4.3,4.2,8.1,6.4,5.0,4,0,0,1,108.0,1,0,0,3,1,1.0,3.1,7.7,5.3,7.8,7.2,0,5
S100679,22,B.Tech,6.62,6.0,1.8,4.9,9.1,6.1,3.3,4,1,0,0,,2,1,1,4,1,3.0,6.0,9.0,3.3,4.5,7.2,1,3
S100680,22,B.Tech,7.75,8.9,3.8,6.6,5.9,2.1,3.9,1,1,0,1,187.0,4,1,1,6,1,3.0,6.5,4.5,5.9,5.9,4.3,0,5
S100681,24,B.Tech,8.4,6.9,8.2,3.9,9.5,6.6,2.6,0,0,0,2,100.0,1,0,0,5,1,3.0,5.1,4.6,10.0,6.3,9.2,1,3
S100682,21,B.Tech,7.38,4.1,6.6,7.0,5.2,4.3,6.2,3,0,0,3,394.0,3,1,2,6,2,4.0,1.2,3.9,5.1,9.0,6.7,0,5
S100683,21,B.Tech,7.56,3.7,6.2,9.8,8.0,2.3,5.0,4,1,0,2,262.0,1,1,1,4,0,2.0,5.7,5.5,8.8,7.5,6.4,0,5
S100684,22,B.Sc,8.01,9.5,3.8,5.4,3.9,7.4,4.2,2,0,0,2,419.0,5,0,1,5,3,2.0,9.1,7.2,0.3,6.4,7.2,1,1
S100685,22,B.Tech,6.63,6.3,2.7,2.8,6.6,7.7,3.8,6,0,0,2,407.0,2,0,0,3,1,1.0,6.4,9.2,5.0,7.2,3.7,0,5
S100686,21,B.Tech,8.17,5.3,3.5,2.8,1.1,5.1,6.1,1,1,1,4,131.0,1,0,1,2,3,0.0,5.5,,7.4,8.0,5.1,0,5
S100687,21,BCA,8.24,6.0,5.7,7.1,3.6,6.1,6.7,4,2,0,2,146.0,2,0,0,2,1,2.0,4.8,7.2,5.5,6.7,7.0,0,5
S100688,21,M.Tech,9.84,3.8,7.5,5.4,6.7,6.2,2.5,1,1,0,2,475.0,3,1,1,4,5,3.0,6.7,6.6,4.2,,4.2,0,5
S100689,22,B.Tech,7.16,9.1,7.6,7.3,3.2,7.6,2.2,0,0,0,2,156.0,2,0,0,7,4,3.0,5.9,7.2,5.4,7.1,5.1,1,0
S100690,22,B.Tech,7.09,5.8,7.1,4.4,6.7,6.1,7.1,4,3,1,2,48.0,4,0,1,3,5,3.0,6.9,7.3,7.5,5.9,7.0,1,2
S100691,22,MCA,8.19,9.0,4.3,7.2,7.6,1.6,2.0,2,0,0,5,271.0,4,2,3,2,5,3.0,3.3,8.8,9.8,5.4,6.4,1,1
S100692,24,B.Tech,8.24,6.6,5.8,5.2,4.8,8.9,6.2,1,0,0,0,,1,0,0,4,2,7.0,5.7,6.5,7.6,4.6,5.8,0,5
S100693,21,B.Tech,7.02,9.1,5.2,4.0,3.9,6.8,8.6,1,0,0,2,117.0,0,0,0,0,4,3.0,4.6,7.0,4.5,7.0,5.9,1,4
S100694,25,MCA,7.14,7.0,5.4,4.7,4.9,3.4,8.6,2,2,1,2,319.0,1,0,0,6,3,2.0,6.2,5.8,5.0,6.9,5.5,1,2
S100695,24,B.Tech,7.99,8.0,9.9,3.1,3.9,2.2,6.6,5,0,0,2,169.0,1,0,0,6,2,5.0,1.6,6.7,5.0,4.3,7.5,0,5
S100696,21,M.Tech,6.76,7.8,2.3,9.5,5.6,5.6,6.6,2,0,0,1,193.0,1,1,1,7,1,1.0,4.7,6.0,3.8,4.0,10.0,0,5
S100697,21,B.Sc,7.13,7.6,5.3,5.3,6.0,3.9,10.0,1,1,1,3,226.0,2,1,2,3,7,1.0,6.6,4.4,5.2,9.4,6.4,1,4
S100698,21,B.Sc,7.58,7.1,8.2,6.8,5.2,5.2,0.0,3,1,0,0,,5,0,2,1,4,2.0,6.9,8.1,5.0,7.5,8.4,1,0
S100699,21,B.Tech,8.4,6.1,2.9,4.4,9.1,6.1,4.0,3,0,0,0,,2,1,1,4,2,2.0,5.4,9.2,3.1,6.2,4.9,0,5
S100700,22,B.Tech,6.96,9.9,4.5,3.4,4.4,3.3,6.9,0,0,0,1,137.0,1,0,1,2,0,4.0,1.2,6.4,7.2,7.1,4.4,0,5
S100701,20,B.Tech,5.84,4.9,4.7,5.0,8.6,2.0,4.3,4,0,0,2,409.0,4,0,1,5,2,1.0,6.8,7.1,6.3,5.2,4.2,0,5
S100702,20,B.Tech,5.78,6.5,5.4,7.7,3.7,5.3,7.7,3,1,0,2,114.0,1,0,0,2,2,5.0,8.7,8.1,4.2,5.7,4.0,1,4
S100703,22,MCA,6.37,6.5,2.6,4.5,5.9,3.3,4.9,2,2,1,1,424.0,6,2,2,5,1,0.0,3.8,6.2,5.8,6.0,5.2,0,5
S100704,24,B.Tech,6.32,7.2,7.0,3.8,8.2,4.8,5.3,2,2,0,2,9.0,4,0,0,3,4,2.0,4.6,6.8,3.6,7.7,7.6,1,2
S100705,21,B.Sc,7.36,5.7,7.1,5.8,8.1,1.5,4.4,4,0,0,1,202.0,2,0,1,0,1,3.0,7.1,6.1,4.4,3.5,7.8,1,1
S100706,25,M.Tech,6.43,7.1,6.8,6.5,5.0,3.9,3.9,2,2,0,1,134.0,2,0,0,4,4,0.0,7.2,5.5,6.9,4.2,4.8,0,5
S100707,22,M.Tech,6.87,6.2,4.1,8.8,6.9,6.1,3.8,5,0,0,0,,1,0,0,4,3,3.0,7.7,7.4,6.4,3.8,5.2,1,3
S100708,25,B.Tech,6.8,3.7,6.0,6.2,6.6,5.8,5.6,3,3,0,0,,2,0,1,3,1,5.0,7.5,7.4,4.5,7.5,5.8,1,2
S100709,21,B.Tech,7.1,6.5,4.0,6.8,4.7,2.8,3.3,2,2,0,2,478.0,1,0,1,9,5,0.0,2.4,8.2,6.1,5.8,6.3,1,4
S100710,23,BCA,8.69,4.5,5.1,6.9,7.0,1.9,7.1,3,1,0,2,364.0,2,0,0,8,1,2.0,4.5,6.5,5.4,4.4,7.0,0,5
S100711,24,B.Sc,8.1,3.4,10.0,3.2,9.5,4.5,6.4,2,2,0,0,,2,2,2,2,3,3.0,6.8,4.3,3.5,5.6,5.0,0,5
S100712,20,MCA,7.51,6.7,6.0,3.6,6.7,5.7,7.4,3,2,2,1,256.0,0,0,0,2,3,0.0,5.3,8.5,5.2,4.9,5.4,1,2
S100713,25,MCA,7.09,7.4,3.4,3.3,6.9,5.4,2.5,4,1,1,2,496.0,4,0,0,6,2,5.0,6.2,5.2,6.4,3.4,8.5,0,5
S100714,22,M.Tech,7.11,7.4,6.2,2.8,7.1,3.4,1.3,2,1,1,1,495.0,4,0,2,4,2,4.0,5.2,5.1,6.1,8.3,5.2,1,2
S100715,22,B.Tech,7.79,7.5,3.1,7.1,2.9,5.2,5.0,3,2,0,2,381.0,2,0,0,3,2,3.0,4.6,5.5,2.1,5.7,4.7,0,5
S100716,23,B.Sc,8.03,3.0,3.4,6.1,6.7,7.8,10.0,4,2,0,1,82.0,3,0,0,2,1,2.0,5.0,3.4,5.8,8.3,5.6,0,5
S100717,23,B.Tech,6.68,4.1,3.7,5.7,3.8,5.0,7.8,1,1,0,4,132.0,1,0,0,8,2,0.0,3.3,6.1,5.6,3.4,6.0,1,0
S100718,20,B.Sc,7.53,10.0,4.9,0.3,4.6,0.9,3.8,2,0,0,2,136.0,5,0,2,7,2,4.0,4.1,7.6,1.7,6.9,2.7,0,5
S100719,25,BCA,5.67,4.6,7.7,9.6,10.0,4.9,5.9,0,0,0,4,115.0,5,1,2,13,4,4.0,5.4,5.7,3.9,3.4,4.9,1,0
S100720,23,B.Tech,7.69,7.6,7.0,3.7,5.3,9.0,6.6,0,0,0,1,483.0,4,1,1,7,2,1.0,5.4,8.9,6.5,10.0,6.6,0,5
S100721,25,B.Tech,8.19,5.3,6.8,9.6,4.3,1.7,2.0,4,2,0,0,,2,1,1,6,2,3.0,6.6,8.8,8.3,2.9,9.8,1,1
S100722,22,B.Tech,7.25,6.6,3.6,2.6,8.1,4.6,8.0,3,2,1,1,426.0,5,1,3,2,2,2.0,4.9,8.1,2.2,9.2,4.7,0,5
S100723,23,BCA,9.13,5.4,4.7,3.9,3.9,4.0,4.6,3,0,0,2,403.0,1,0,0,6,5,3.0,8.9,3.0,7.5,6.0,7.3,1,3
S100724,22,B.Tech,,7.5,6.3,1.1,4.9,4.7,4.8,4,0,0,1,264.0,5,1,1,7,5,2.0,8.0,9.1,1.7,5.7,6.2,1,4
S100725,25,B.Tech,7.7,6.7,4.5,6.2,8.3,4.9,5.1,3,1,1,1,154.0,1,0,0,1,0,2.0,4.5,6.1,8.3,7.1,8.1,1,2
S100726,24,B.Tech,7.47,5.7,5.2,3.3,5.9,7.0,7.5,1,1,1,2,133.0,0,0,0,2,2,2.0,5.9,9.5,5.0,4.3,4.6,0,5
S100727,25,B.Tech,7.41,4.6,6.7,3.4,2.7,4.7,3.3,3,2,1,1,338.0,4,2,3,3,2,3.0,7.9,5.4,4.1,7.4,8.0,1,2
S100728,23,B.Tech,7.4,7.0,5.1,2.8,6.9,7.3,1.2,3,1,1,1,335.0,8,3,3,7,3,3.0,4.2,6.2,6.2,7.5,8.6,1,3
S100729,24,B.Tech,7.6,4.3,6.3,7.1,5.0,4.2,5.7,5,1,0,0,,3,1,2,1,0,2.0,4.0,6.7,3.6,6.0,8.7,0,5
S100730,22,B.Tech,8.26,7.3,9.0,6.9,8.9,3.7,0.5,1,1,1,1,284.0,3,0,1,5,2,2.0,8.1,4.8,6.5,6.5,8.7,1,2
S100731,22,B.Tech,8.74,10.0,5.5,9.1,4.6,3.0,4.3,1,1,0,4,413.0,2,0,1,7,1,2.0,6.9,3.6,5.3,9.5,6.2,1,0
S100732,24,B.Tech,7.5,8.9,8.2,4.1,7.9,0.5,7.6,3,0,0,1,377.0,3,1,1,3,4,2.0,7.6,2.2,0.0,7.2,7.0,0,5
S100733,20,B.Tech,8.23,7.8,6.9,5.9,9.4,5.1,6.3,0,0,0,2,375.0,4,2,3,7,2,5.0,6.1,10.0,3.9,4.6,5.0,1,3
S100734,24,B.Tech,6.87,6.3,2.9,2.9,4.1,9.0,7.3,2,2,0,3,140.0,6,0,1,4,3,1.0,5.0,3.5,5.9,7.4,1.4,0,5
S100735,20,B.Sc,8.19,3.0,3.6,4.8,5.4,5.5,6.4,2,2,1,1,32.0,3,0,1,3,2,2.0,2.8,3.5,7.6,5.0,6.3,0,5
S100736,23,B.Tech,6.81,4.1,4.1,4.5,6.6,6.0,10.0,5,2,1,4,229.0,3,0,0,2,5,3.0,5.8,7.5,6.2,4.7,5.5,1,2
S100737,22,B.Tech,8.48,8.8,4.1,6.4,4.1,3.6,3.7,2,1,1,1,169.0,0,0,0,10,2,6.0,8.0,3.9,7.6,6.9,7.7,0,5
S100738,22,B.Tech,9.49,5.1,5.6,7.5,6.3,4.0,5.9,2,0,0,0,,3,0,0,8,0,3.0,8.0,3.6,3.7,4.2,7.5,1,0
S100739,22,B.Tech,7.39,5.2,7.0,7.5,5.4,6.7,4.0,4,1,0,1,260.0,1,0,0,4,2,5.0,7.6,1.3,7.0,6.1,3.7,0,5
S100740,22,B.Tech,5.53,6.2,8.3,3.8,5.3,8.9,7.1,4,0,0,0,,7,0,0,6,2,2.0,7.1,7.0,7.0,7.2,10.0,1,3
S100741,22,B.Tech,7.01,4.6,6.4,7.5,5.9,7.8,4.9,3,0,0,3,402.0,3,1,3,4,2,3.0,9.9,4.6,2.2,9.4,6.6,1,3
S100742,22,MCA,8.61,4.3,4.9,5.4,5.9,6.3,8.8,4,1,1,1,337.0,2,0,2,5,0,3.0,2.4,7.7,7.7,7.1,3.2,0,5
S100743,23,B.Tech,8.0,6.4,1.6,4.9,6.1,4.6,3.8,1,1,0,3,357.0,2,0,0,7,1,1.0,6.0,6.4,6.2,3.4,3.5,0,5
S100744,24,B.Tech,7.72,4.9,5.9,4.1,4.6,5.0,8.1,2,1,1,0,,4,1,2,4,1,3.0,3.6,6.7,4.9,3.6,1.4,0,5
S100745,23,B.Tech,8.41,5.2,5.9,4.4,4.7,2.8,6.3,1,1,1,1,275.0,3,1,2,5,1,4.0,8.6,5.7,4.9,9.1,7.3,0,5
S100746,23,B.Tech,7.94,5.1,6.2,9.0,5.6,1.3,4.9,3,2,0,0,,1,0,0,7,1,2.0,4.4,6.0,3.4,4.9,4.7,0,5
S100747,25,B.Tech,8.6,7.4,10.0,6.1,5.7,2.0,6.2,1,1,1,0,,3,0,0,3,0,2.0,7.5,4.9,6.8,,4.1,0,5
S100748,25,M.Tech,8.33,6.1,8.3,5.8,4.9,4.6,5.6,2,2,2,1,495.0,3,1,3,4,2,4.0,4.6,5.1,6.1,4.2,4.5,0,5
S100749,20,MCA,8.87,6.2,7.4,5.0,6.4,3.9,5.8,1,1,0,3,218.0,3,1,1,1,0,3.0,6.3,4.5,6.7,7.4,5.2,0,5
S100750,24,B.Tech,7.82,7.6,3.9,10.0,2.2,1.3,4.5,1,1,0,1,360.0,3,0,1,8,4,1.0,5.3,9.2,5.7,6.2,7.0,1,0
S100751,21,B.Tech,8.31,6.2,4.8,8.1,4.3,4.4,3.5,1,1,1,1,28.0,0,0,0,1,4,3.0,5.5,5.8,5.9,7.2,2.5,0,5
S100752,21,B.Tech,7.22,6.0,5.6,4.1,5.2,3.8,4.3,3,1,0,1,201.0,1,0,0,3,2,4.0,6.2,2.4,4.9,5.9,3.7,0,5
S100753,24,B.Tech,6.96,7.3,4.2,5.0,4.1,1.9,1.3,3,1,0,1,435.0,7,3,4,6,1,3.0,7.3,7.0,7.7,4.0,6.7,0,5
S100754,20,B.Sc,9.04,7.7,6.8,5.1,9.1,3.7,6.9,6,1,0,2,343.0,6,0,2,7,2,2.0,5.3,5.1,6.7,2.8,4.6,1,4
S100755,25,B.Tech,7.69,6.2,6.5,5.8,5.8,3.8,2.3,2,0,0,1,263.0,3,0,2,1,1,2.0,7.3,6.4,5.8,,7.0,0,5
S100756,24,B.Tech,8.22,6.6,3.6,4.1,6.2,3.1,4.5,2,0,0,1,107.0,0,0,0,4,2,4.0,7.6,6.0,5.2,6.2,4.8,0,5
S100757,25,BCA,7.61,5.1,8.2,6.4,4.8,6.5,6.4,0,0,0,4,404.0,4,2,2,3,1,6.0,4.7,9.2,2.0,3.9,8.9,0,5
S100758,24,B.Tech,6.97,5.0,6.0,8.4,5.8,0.3,6.8,3,0,0,1,485.0,4,1,1,5,4,2.0,9.3,5.8,1.5,7.8,6.2,1,0
S100759,25,B.Tech,,7.9,2.3,2.9,3.4,0.1,1.1,4,2,0,1,196.0,0,0,0,5,3,2.0,7.0,8.0,4.8,4.2,8.3,0,5
S100760,20,M.Tech,8.79,7.3,5.7,3.2,5.5,4.5,4.8,2,2,0,1,404.0,3,0,0,3,3,5.0,4.6,7.8,8.0,3.0,6.8,1,2
S100761,25,B.Tech,8.0,7.3,6.4,4.5,3.9,4.7,6.0,2,0,0,3,294.0,5,2,4,4,3,2.0,6.7,4.0,4.1,6.0,7.0,0,5
S100762,20,B.Tech,5.96,7.0,7.7,4.6,5.2,5.4,5.1,2,1,0,0,,4,0,1,6,2,2.0,7.6,6.8,4.2,7.4,4.3,1,3
S100763,21,B.Tech,7.31,6.6,5.1,9.5,0.7,3.3,8.0,6,3,1,3,166.0,4,1,2,6,2,2.0,6.7,5.1,3.6,8.7,8.1,1,0
S100764,20,MCA,9.1,7.8,7.5,7.5,3.5,2.5,3.2,3,0,0,0,,3,1,2,4,2,2.0,5.9,4.3,2.9,3.1,6.2,1,0
S100765,22,B.Tech,7.31,8.2,6.2,7.4,8.7,4.5,0.5,1,1,1,2,205.0,1,0,1,7,0,0.0,0.0,,3.7,8.6,3.9,0,5
S100766,24,B.Tech,5.88,8.1,3.2,5.0,7.5,3.5,6.8,5,2,0,1,308.0,7,3,4,3,0,3.0,3.6,8.0,6.1,6.3,1.6,0,5
S100767,21,B.Tech,9.2,6.3,3.0,4.9,8.4,7.9,3.8,2,1,1,1,74.0,2,1,2,3,2,3.0,6.9,10.0,4.5,4.9,6.1,1,3
S100768,24,B.Tech,8.11,9.0,8.0,2.6,8.6,3.8,1.1,2,2,1,2,239.0,4,0,1,5,0,1.0,3.5,5.1,4.4,7.2,8.8,0,5
S100769,23,B.Sc,7.44,6.9,8.2,7.1,7.1,4.4,4.7,0,0,0,3,371.0,3,1,1,6,3,1.0,6.5,6.9,4.2,8.4,4.0,1,0
S100770,23,B.Tech,7.17,7.6,6.4,6.5,4.9,9.9,7.7,1,1,0,1,422.0,2,1,1,5,2,3.0,7.3,7.1,6.0,3.0,3.9,1,4
S100771,25,B.Sc,8.47,7.0,8.8,8.1,3.7,4.1,2.2,4,0,0,2,140.0,2,0,0,6,2,0.0,5.3,5.5,6.3,5.2,5.2,0,5
S100772,22,B.Sc,7.01,6.9,7.9,5.1,8.1,5.7,10.0,2,1,1,1,300.0,6,0,3,3,2,1.0,2.0,9.0,1.8,5.0,8.0,1,4
S100773,22,MCA,8.53,5.2,7.2,5.2,5.9,5.9,3.2,1,1,0,0,,3,0,1,5,1,,4.0,10.0,4.0,7.1,2.1,0,5
S100774,25,B.Tech,7.99,7.8,4.0,5.8,10.0,6.1,5.2,0,0,0,1,395.0,4,2,3,7,0,2.0,6.9,,5.3,8.6,4.5,0,5
S100775,23,MCA,7.72,10.0,9.3,7.3,5.1,5.1,2.3,2,2,1,0,,4,0,0,2,1,1.0,8.0,9.6,6.4,6.1,3.8,1,0
S100776,23,B.Sc,7.63,5.8,6.9,2.6,9.7,4.9,5.1,3,0,0,1,337.0,5,1,1,4,3,0.0,1.3,5.5,5.8,5.5,6.9,0,5
S100777,21,B.Tech,7.34,6.6,5.0,7.0,5.5,4.7,4.7,4,0,0,2,216.0,1,0,1,3,5,2.0,5.7,4.8,7.1,6.8,5.5,1,3
S100778,21,M.Tech,8.44,5.7,4.5,5.5,8.5,3.2,1.7,3,2,1,1,134.0,3,0,1,5,3,1.0,2.6,6.2,2.7,5.6,5.1,0,5
S100779,21,MCA,6.72,5.6,6.3,3.4,9.2,5.2,10.0,4,1,1,1,288.0,3,0,1,6,1,1.0,5.7,8.1,6.3,2.1,5.4,1,4
S100780,21,B.Tech,6.04,9.3,2.5,1.3,3.8,9.0,3.9,2,1,1,1,312.0,4,0,0,2,2,0.0,5.2,6.3,9.6,6.9,7.4,1,3
S100781,21,MCA,8.05,5.3,7.2,5.2,4.8,7.2,3.9,3,0,0,1,341.0,4,0,0,5,3,2.0,10.0,7.8,5.6,7.8,8.0,1,3
S100782,24,B.Tech,8.07,5.6,3.9,8.4,3.7,5.2,7.1,2,1,1,3,395.0,4,2,4,5,2,3.0,4.4,6.9,5.7,7.9,7.8,0,5
S100783,20,B.Sc,7.93,3.6,6.5,8.8,3.3,6.4,9.0,0,0,0,1,338.0,2,0,0,4,0,2.0,7.6,8.9,6.5,3.9,7.0,1,0
S100784,23,BCA,7.87,5.1,4.8,6.2,7.1,2.6,7.5,2,1,1,2,425.0,2,0,0,7,4,4.0,7.5,7.5,4.4,7.1,8.6,1,2
S100785,25,B.Tech,7.21,3.4,5.3,9.4,5.4,3.9,2.4,3,0,0,1,212.0,8,1,4,4,1,5.0,5.1,9.3,3.6,8.8,3.9,0,5
S100786,24,MCA,8.21,7.6,4.3,5.4,5.9,6.6,5.5,5,1,0,0,,2,1,2,3,1,4.0,5.7,5.0,5.6,10.0,6.6,1,3
S100787,22,B.Tech,7.46,10.0,5.5,7.4,6.9,7.8,0.9,0,0,0,1,241.0,1,0,0,2,3,1.0,5.5,6.1,2.2,6.9,10.0,1,3
S100788,20,M.Tech,7.06,5.8,9.6,4.6,2.1,2.8,7.0,0,0,0,1,289.0,3,0,1,5,0,1.0,4.0,6.5,6.3,7.8,2.1,0,5
S100789,25,B.Sc,7.22,3.5,8.6,4.5,8.4,3.4,1.4,2,2,0,1,71.0,2,0,0,1,1,1.0,3.8,5.0,6.6,4.2,4.7,0,5
S100790,20,B.Tech,,8.1,6.5,4.1,5.1,9.3,3.2,2,0,0,0,,2,0,1,4,2,1.0,4.7,4.7,2.3,4.0,3.7,0,5
S100791,24,B.Tech,5.94,5.2,5.7,1.4,6.9,4.7,5.0,2,1,0,1,261.0,5,1,1,4,2,4.0,3.2,7.2,5.8,7.8,6.4,0,5
S100792,24,B.Tech,7.95,8.8,7.5,8.1,7.0,8.5,6.0,3,2,0,3,277.0,1,0,1,4,0,0.0,4.5,7.7,5.1,2.3,8.7,1,1
S100793,21,B.Tech,5.99,6.0,8.1,4.2,8.5,5.0,4.4,1,1,0,3,438.0,3,1,2,2,1,,5.1,6.7,8.5,6.3,6.9,1,3
S100794,24,B.Tech,7.4,5.4,4.1,3.9,5.6,5.0,8.3,2,2,0,2,232.0,1,0,1,6,2,5.0,5.8,8.4,8.1,8.6,5.4,1,2
S100795,21,B.Tech,7.11,6.2,5.6,3.1,1.6,3.8,6.6,3,1,0,1,230.0,0,0,0,2,1,6.0,6.4,4.5,7.2,7.3,6.9,0,5
S100796,21,B.Tech,5.62,7.9,2.2,5.1,5.9,6.6,6.4,2,2,0,3,283.0,2,1,1,2,2,3.0,5.1,5.8,7.9,7.3,5.2,0,5
S100797,24,B.Tech,7.85,6.1,8.0,9.0,6.2,7.5,2.3,1,1,0,0,,2,1,2,5,0,5.0,4.0,4.4,4.8,5.9,6.2,0,5
S100798,25,M.Tech,7.16,5.6,9.9,9.7,3.7,2.2,8.7,0,0,0,1,127.0,3,1,2,4,2,3.0,6.4,6.8,6.0,5.3,7.0,0,5
S100799,21,M.Tech,5.61,6.1,6.0,2.2,6.1,3.7,3.2,3,0,0,2,78.0,4,0,1,2,6,2.0,7.1,7.4,5.0,9.9,9.3,1,3
S100800,25,M.Tech,8.26,4.2,1.5,4.8,5.1,6.5,8.8,2,0,0,3,54.0,3,1,1,1,2,0.0,4.5,8.9,3.5,8.2,6.7,0,5
S100801,25,B.Tech,8.79,7.2,7.0,3.4,3.1,4.2,9.4,2,1,0,0,,2,0,1,3,3,2.0,3.5,4.4,5.7,7.5,6.2,0,5
S100802,24,MCA,8.84,3.3,4.0,7.5,7.1,3.4,6.1,2,2,0,2,6.0,4,0,1,5,2,4.0,4.6,7.2,5.3,6.1,9.9,1,1
S100803,20,B.Sc,7.82,5.7,4.5,6.1,4.7,6.7,7.3,2,2,0,1,354.0,3,0,1,4,2,5.0,5.1,9.1,5.1,4.9,1.9,0,5
S100804,21,B.Tech,7.54,7.9,7.1,4.2,5.0,6.9,0.0,3,1,1,1,442.0,2,0,1,2,4,6.0,7.8,4.7,5.4,7.9,5.6,0,5
S100805,24,B.Tech,8.7,7.0,6.3,5.6,4.9,3.5,4.6,4,0,0,1,341.0,5,2,4,2,1,0.0,6.9,4.3,5.6,5.4,4.3,0,5
S100806,25,B.Sc,9.01,7.6,4.8,4.5,8.3,5.0,7.4,4,1,1,2,86.0,1,0,0,6,1,1.0,5.5,3.8,7.3,6.1,5.3,1,3
S100807,24,B.Tech,8.52,6.4,4.5,8.7,5.7,1.8,7.0,4,1,0,3,331.0,2,0,1,7,3,1.0,9.3,7.6,4.3,7.1,7.0,1,4
S100808,22,B.Tech,6.65,8.6,6.1,6.6,6.0,2.5,2.3,3,1,1,3,221.0,3,1,2,6,3,1.0,5.4,5.2,2.9,6.4,7.8,1,1
S100809,21,BCA,7.68,8.2,5.0,6.8,4.9,4.8,4.4,2,0,0,2,12.0,3,0,1,1,1,3.0,8.3,7.4,6.9,8.8,4.8,0,5
S100810,25,B.Tech,7.9,7.3,3.6,0.2,6.7,4.6,0.0,4,0,0,4,99.0,1,1,1,3,3,0.0,7.9,6.1,7.2,3.6,7.1,1,3
S100811,21,B.Tech,5.87,8.2,5.1,5.4,8.5,2.4,5.9,1,0,0,1,371.0,2,0,1,6,3,1.0,7.8,9.7,6.2,6.1,4.0,1,1
S100812,22,BCA,7.92,7.9,6.5,9.7,7.1,2.9,0.9,1,1,0,2,280.0,6,0,2,1,4,5.0,6.1,7.9,3.2,9.8,3.2,1,1
S100813,25,B.Sc,9.55,5.7,5.4,8.2,7.2,2.2,7.5,1,1,0,2,250.0,7,1,3,4,1,1.0,5.7,5.1,5.2,7.6,5.9,0,5
S100814,23,B.Tech,8.08,4.1,3.0,1.8,7.0,5.5,7.6,2,2,1,1,388.0,2,1,1,4,1,4.0,5.5,6.0,6.1,5.6,5.4,0,5
S100815,21,MCA,8.83,7.3,7.8,4.9,3.0,0.2,4.0,4,0,0,5,262.0,1,0,0,1,3,3.0,7.2,7.9,3.4,7.4,8.8,0,5
S100816,20,MCA,7.66,7.5,0.3,3.1,4.0,2.3,6.1,1,1,1,2,484.0,5,3,5,8,1,3.0,3.9,4.6,4.0,5.9,10.0,0,5
S100817,22,B.Tech,7.43,8.5,4.9,8.9,5.4,0.4,4.5,2,0,0,0,,2,1,2,3,2,2.0,5.0,,5.2,8.6,4.6,0,5
S100818,25,B.Sc,7.84,4.8,4.6,6.0,4.3,5.4,5.5,0,0,0,3,143.0,4,0,0,6,2,2.0,8.8,6.0,7.9,7.5,2.2,0,5
S100819,22,B.Tech,6.77,4.9,6.1,4.0,3.7,0.5,2.5,2,2,0,3,95.0,5,0,3,2,1,2.0,6.7,8.0,6.0,4.4,3.1,0,5
S100820,24,B.Tech,6.63,7.3,6.9,5.6,2.1,4.6,6.4,2,0,0,0,,2,0,0,6,1,3.0,7.4,6.1,4.4,6.4,4.1,0,5
S100821,21,B.Sc,8.64,6.4,8.1,0.3,3.1,8.1,1.4,1,1,0,3,455.0,2,0,1,5,3,0.0,3.1,5.6,5.1,6.8,6.2,0,5
S100822,24,B.Tech,8.74,3.1,4.4,3.3,5.3,8.2,1.0,2,0,0,0,,4,0,2,3,4,1.0,4.6,5.3,4.2,6.8,5.3,0,5
S100823,24,B.Sc,6.61,7.2,7.0,5.6,5.7,0.5,4.7,3,3,1,2,158.0,4,0,1,6,1,1.0,6.2,9.6,4.7,6.6,3.3,0,5
S100824,23,MCA,,3.2,6.2,7.2,4.2,5.2,4.5,3,1,0,0,,3,0,2,2,1,1.0,5.4,6.0,6.9,7.0,9.4,1,0
S100825,24,B.Tech,,4.8,2.4,1.6,6.0,2.3,5.6,5,3,3,0,,3,1,2,7,2,4.0,3.0,10.0,1.7,6.8,7.1,1,2
S100826,23,B.Sc,7.81,8.9,9.6,4.7,4.9,1.9,3.6,0,0,0,4,115.0,3,0,0,4,1,2.0,7.0,6.8,8.1,4.7,9.3,1,0
S100827,22,B.Tech,7.91,9.8,2.9,7.5,8.0,4.3,9.1,6,1,0,1,95.0,5,1,3,0,3,4.0,7.7,5.0,9.9,5.2,2.2,1,4
S100828,24,MCA,8.39,4.3,6.6,2.6,5.5,7.2,5.4,4,0,0,3,67.0,3,0,0,8,4,1.0,4.9,3.6,5.8,5.5,8.3,1,3
S100829,25,B.Tech,7.57,5.9,6.6,6.0,7.2,5.8,5.5,0,0,0,1,316.0,3,0,0,2,3,0.0,7.1,8.7,3.8,6.2,5.5,1,1
S100830,25,B.Sc,8.77,6.6,6.4,5.6,6.2,2.9,5.4,2,0,0,3,354.0,6,1,2,2,1,6.0,9.6,6.2,7.8,5.5,5.0,0,5
S100831,21,B.Sc,7.78,9.7,4.8,8.9,3.0,6.1,7.2,7,3,1,3,370.0,2,0,1,2,2,6.0,8.6,8.0,6.1,8.0,5.8,1,4
S100832,24,B.Tech,8.06,5.6,7.5,5.0,5.6,0.0,6.3,2,1,0,1,27.0,1,0,0,7,0,0.0,5.0,10.0,4.4,4.3,4.4,0,5
S100833,20,B.Sc,6.75,5.6,2.7,5.2,3.3,2.8,6.0,3,0,0,1,460.0,4,1,3,6,2,2.0,3.3,7.7,3.6,2.9,5.5,0,5
S100834,23,M.Tech,9.44,9.3,5.7,7.2,5.6,2.7,6.6,2,2,1,3,254.0,2,0,1,3,2,5.0,6.0,7.1,4.7,9.5,7.7,1,1
S100835,23,B.Sc,7.92,5.8,4.7,2.8,4.3,4.7,1.0,2,0,0,2,281.0,4,2,4,5,3,4.0,10.0,8.7,5.9,4.5,1.9,0,5
S100836,22,M.Tech,8.14,7.8,4.4,5.1,6.6,4.1,1.1,0,0,0,0,,3,1,2,8,1,7.0,8.2,7.9,7.3,8.0,8.8,0,5
S100837,25,BCA,6.05,3.8,6.7,4.6,3.1,4.2,4.8,1,1,0,1,138.0,0,0,0,10,1,4.0,5.5,4.2,6.1,7.1,6.6,0,5
S100838,25,B.Tech,6.76,6.2,8.0,5.2,5.8,4.1,4.6,5,0,0,0,,3,0,2,5,1,5.0,8.6,8.9,6.4,4.6,5.6,1,0
S100839,20,B.Tech,8.61,3.5,5.1,7.2,6.9,4.5,6.3,0,0,0,2,36.0,1,0,0,4,2,2.0,7.8,6.4,4.8,5.8,7.7,1,1
S100840,21,B.Tech,7.76,4.6,7.4,6.6,7.6,5.7,5.0,2,1,0,2,246.0,1,0,0,6,5,6.0,1.7,9.3,7.2,5.5,6.5,1,0
S100841,21,M.Tech,5.78,8.0,5.9,4.0,4.3,4.8,6.3,2,0,0,1,133.0,4,0,0,5,0,2.0,7.6,7.4,5.1,6.6,4.8,0,5
S100842,25,B.Tech,8.43,6.4,4.0,5.8,5.8,3.9,2.3,1,1,0,0,,0,0,0,1,4,1.0,5.7,8.6,9.2,4.6,4.3,0,5
S100843,23,B.Tech,7.01,5.9,5.3,8.5,6.2,5.4,5.0,2,2,0,2,309.0,1,0,0,10,2,3.0,3.8,6.1,4.2,5.7,8.8,0,5
S100844,24,B.Tech,8.77,5.2,5.2,3.8,8.9,6.3,2.0,1,0,0,4,65.0,1,0,0,6,1,2.0,5.7,3.8,6.3,5.9,2.8,0,5
S100845,24,MCA,7.42,6.1,4.4,5.8,2.8,3.3,5.9,0,0,0,4,487.0,3,1,1,5,4,0.0,6.3,7.5,9.9,8.0,5.4,0,5
S100846,24,B.Tech,7.68,7.0,6.7,5.1,4.0,4.4,0.9,0,0,0,3,117.0,2,0,2,2,0,1.0,3.9,8.3,7.6,5.3,3.0,0,5
S100847,20,B.Sc,8.56,8.3,6.3,5.4,10.0,7.1,5.8,4,0,0,2,40.0,4,1,2,3,0,2.0,5.3,5.5,7.0,4.2,6.8,1,3
S100848,20,B.Tech,6.69,1.8,2.6,2.2,5.3,2.1,1.8,7,0,0,0,,4,1,3,7,0,1.0,4.8,6.1,6.1,5.0,5.6,0,5
S100849,22,BCA,6.61,5.0,2.5,8.3,2.0,8.5,4.2,1,0,0,2,194.0,4,1,2,4,0,4.0,7.1,2.5,5.6,6.7,3.3,0,5
S100850,22,B.Tech,7.32,6.8,6.6,4.0,4.6,1.6,7.0,1,0,0,2,329.0,1,0,0,5,1,1.0,4.9,6.2,5.2,2.8,4.1,1,4
S100851,24,B.Tech,8.24,6.3,4.2,7.6,0.3,3.7,5.5,0,0,0,1,333.0,0,0,0,7,2,3.0,2.1,4.2,4.4,8.2,5.9,0,5
S100852,20,MCA,6.3,7.2,6.4,4.3,6.3,2.4,1.4,3,2,1,2,296.0,1,0,0,6,3,3.0,4.6,7.4,2.4,6.0,6.4,0,5
S100853,22,MCA,6.0,7.0,7.4,4.2,7.4,9.3,3.5,2,0,0,1,287.0,9,1,5,4,3,1.0,3.6,7.1,6.8,6.8,1.9,1,3
S100854,21,B.Tech,8.24,6.0,3.3,7.9,4.0,3.4,1.7,1,1,1,0,,3,0,0,5,3,3.0,2.9,6.5,2.4,6.4,4.4,0,5
S100855,21,B.Tech,6.96,5.6,3.0,7.5,4.9,3.4,1.3,1,0,0,1,326.0,1,0,0,3,1,,7.9,8.9,6.8,,6.1,0,5
S100856,21,M.Tech,,6.1,9.1,5.9,7.6,3.7,5.3,5,2,0,3,70.0,3,0,2,3,3,5.0,7.1,6.9,4.9,4.1,8.2,1,2
S100857,21,MCA,5.83,8.6,6.5,7.0,2.3,4.7,6.2,3,3,0,3,232.0,1,0,1,8,4,0.0,3.6,6.8,3.6,4.7,7.5,0,5
S100858,23,B.Tech,6.89,5.2,5.0,4.9,3.2,3.8,6.0,0,0,0,0,,1,0,1,6,2,3.0,3.0,,8.3,3.3,4.9,0,5
S100859,22,B.Tech,7.49,6.4,3.9,5.5,5.3,4.2,6.3,2,1,0,4,134.0,1,0,0,3,0,2.0,5.3,,2.6,6.6,7.8,1,4
S100860,22,M.Tech,8.34,6.8,4.8,4.2,4.3,0.0,5.0,6,4,1,2,431.0,2,0,0,2,5,3.0,2.9,8.3,4.2,5.7,5.2,1,2
S100861,22,M.Tech,6.81,9.3,3.4,7.3,5.2,4.6,4.4,0,0,0,0,,0,0,0,4,2,3.0,5.0,4.9,4.4,3.2,0.0,0,5
S100862,24,M.Tech,8.99,6.0,7.6,4.1,3.3,4.5,2.6,2,1,0,3,161.0,0,0,0,3,1,1.0,5.6,7.3,5.8,4.9,8.7,0,5
S100863,25,B.Sc,6.88,8.2,4.2,8.5,6.2,6.8,4.0,2,0,0,0,,2,0,0,1,0,4.0,6.1,8.7,4.3,7.2,6.7,1,1
S100864,23,B.Tech,6.89,8.7,8.0,4.9,5.5,7.4,2.1,3,1,1,3,309.0,6,0,1,1,1,2.0,6.2,4.7,8.4,8.3,6.2,1,1
S100865,23,MCA,8.88,6.4,5.0,5.5,6.9,4.1,3.1,2,0,0,3,354.0,2,0,0,2,1,4.0,3.9,4.1,2.8,3.7,5.8,0,5
S100866,24,MCA,7.69,6.1,3.7,7.0,6.2,6.3,5.2,1,1,0,1,128.0,2,0,1,7,4,4.0,5.6,4.6,10.0,9.9,6.4,1,3
S100867,24,M.Tech,7.0,5.9,4.9,5.5,6.2,2.1,4.7,3,2,0,1,86.0,3,1,3,4,5,4.0,8.1,9.8,3.4,4.3,5.8,1,2
S100868,20,B.Tech,7.36,6.0,0.6,4.9,2.9,6.2,10.0,1,1,0,1,46.0,2,1,2,5,4,5.0,1.3,5.4,10.0,2.9,5.2,0,5
S100869,25,B.Tech,8.72,8.0,5.6,5.4,6.8,3.2,2.0,3,1,1,2,248.0,1,1,1,5,2,1.0,6.2,4.3,7.7,9.2,4.5,1,1
S100870,20,M.Tech,8.82,6.9,5.5,7.3,5.1,1.9,4.7,4,0,0,1,463.0,2,1,1,4,4,1.0,3.1,7.2,5.3,4.1,6.0,0,5
S100871,22,B.Tech,6.76,6.9,7.4,4.2,5.5,4.1,1.9,3,0,0,3,479.0,3,1,1,7,1,3.0,8.3,1.6,6.0,8.7,4.0,0,5
S100872,23,BCA,7.46,4.5,2.0,5.2,7.9,7.6,4.1,5,1,0,1,280.0,5,0,2,1,2,2.0,7.1,4.8,4.7,4.8,3.5,1,3
S100873,22,B.Tech,7.58,4.8,8.1,5.5,4.4,4.9,4.2,2,2,1,3,266.0,2,0,0,4,2,0.0,7.1,9.0,6.2,5.5,6.3,1,0
S100874,21,M.Tech,6.61,10.0,7.4,7.2,8.5,7.8,6.9,1,1,0,1,252.0,1,1,1,2,1,5.0,3.8,4.8,4.0,3.7,7.8,1,1
S100875,25,MCA,7.45,6.2,8.3,5.3,8.7,2.9,4.0,1,1,0,2,119.0,1,1,1,1,2,3.0,6.0,6.0,6.9,8.3,4.2,1,0
S100876,20,B.Tech,7.5,5.1,5.7,9.1,7.3,6.8,4.6,3,2,0,1,208.0,7,1,2,5,5,4.0,6.3,7.0,5.9,8.1,4.6,1,0
S100877,21,B.Tech,8.53,9.1,7.8,5.2,3.8,3.1,4.1,3,0,0,2,467.0,3,0,0,1,0,4.0,0.8,7.0,3.5,4.8,2.4,0,5
S100878,25,B.Sc,8.59,7.0,2.9,5.0,1.4,5.0,1.9,3,1,1,0,,6,0,0,3,3,4.0,5.8,5.5,6.4,5.9,3.2,0,5
S100879,24,B.Sc,7.2,7.5,7.2,5.2,8.0,5.0,3.6,2,1,0,1,122.0,1,0,0,3,3,4.0,6.7,7.5,6.2,7.2,3.2,1,3
S100880,20,B.Tech,7.31,6.3,4.3,2.9,6.0,6.0,4.2,3,2,1,5,44.0,1,0,0,3,5,1.0,2.7,9.1,4.1,5.2,7.7,1,3
S100881,24,B.Sc,8.1,5.9,2.5,3.4,4.3,5.1,5.2,2,0,0,3,375.0,2,0,1,6,2,2.0,6.7,4.6,4.6,8.5,2.3,0,5
S100882,25,BCA,6.97,6.2,3.6,4.4,8.1,2.9,6.2,1,0,0,3,451.0,1,0,0,6,0,2.0,5.7,5.6,6.5,5.8,6.7,0,5
S100883,20,B.Tech,8.03,4.0,5.8,7.8,4.1,6.4,4.5,2,0,0,4,55.0,0,0,0,2,2,3.0,8.3,6.3,7.7,5.1,5.3,0,5
S100884,22,B.Tech,7.42,6.3,4.2,5.4,5.0,8.3,4.4,3,1,1,4,188.0,3,1,2,3,2,3.0,4.7,7.8,5.2,3.2,7.0,1,0
S100885,22,B.Tech,6.63,7.0,6.6,4.5,6.8,3.2,1.2,1,1,0,1,426.0,2,1,2,3,1,4.0,5.9,6.6,7.4,3.7,8.1,0,5
S100886,20,B.Tech,6.64,9.8,2.2,8.0,3.6,0.5,6.2,5,0,0,1,127.0,2,1,1,2,3,2.0,6.2,6.3,7.8,,5.7,0,5
S100887,21,B.Tech,8.8,6.7,1.5,8.6,5.6,5.6,3.5,1,1,0,1,91.0,3,0,1,4,2,,0.0,3.7,8.1,6.4,8.1,0,5
S100888,21,B.Tech,7.36,2.3,8.5,8.0,8.0,3.8,6.6,1,0,0,0,,5,0,0,5,4,4.0,4.8,4.5,6.3,7.5,8.9,1,0
S100889,21,B.Sc,8.98,6.3,7.6,3.8,6.2,4.2,7.9,2,1,0,0,,1,0,0,3,2,5.0,5.7,6.8,3.7,5.0,8.5,1,4
S100890,22,B.Tech,7.04,10.0,3.7,4.5,8.3,5.7,4.6,3,3,1,2,241.0,3,0,1,3,3,6.0,0.8,5.6,7.3,3.0,4.5,0,5
S100891,22,BCA,7.76,8.1,5.8,9.1,8.1,3.5,2.7,4,2,1,0,,5,4,5,6,1,2.0,6.8,5.9,5.1,5.1,1.9,1,1
S100892,21,B.Tech,9.65,5.0,7.8,6.0,5.8,3.9,5.0,1,1,0,0,,3,0,3,2,1,7.0,5.7,6.4,6.5,9.7,5.6,0,5
S100893,21,B.Tech,6.55,7.6,6.6,5.0,1.1,4.3,5.8,4,1,0,0,,7,0,3,1,2,1.0,5.7,10.0,4.2,4.3,6.2,0,5
S100894,21,M.Tech,5.79,5.2,6.1,6.9,3.6,7.7,4.3,2,1,0,2,38.0,3,0,2,1,0,2.0,6.9,5.6,4.3,5.9,1.9,0,5
S100895,24,MCA,8.66,4.1,8.0,7.5,7.3,4.6,3.8,3,0,0,1,132.0,0,0,0,7,1,0.0,4.7,9.0,4.1,1.7,5.9,0,5
S100896,21,B.Tech,6.76,5.9,4.3,4.4,2.7,1.8,6.2,3,0,0,2,91.0,1,0,0,7,0,0.0,5.6,8.9,2.9,5.1,0.7,0,5
S100897,25,B.Tech,7.48,6.7,5.9,5.9,5.1,1.9,6.1,2,0,0,0,,3,0,1,7,1,1.0,7.2,7.9,4.3,5.3,8.9,1,0
S100898,23,B.Tech,6.97,3.1,5.8,7.4,6.5,4.8,4.2,4,0,0,1,191.0,1,0,0,3,3,6.0,5.6,5.0,3.4,6.6,6.8,0,5
S100899,24,B.Tech,7.74,4.4,5.3,3.2,8.7,2.0,1.4,1,0,0,0,,3,0,0,11,1,2.0,1.8,6.7,6.6,5.4,4.2,0,5
S100900,23,B.Tech,6.64,6.5,5.0,5.5,4.6,1.1,6.0,1,1,0,2,287.0,2,0,1,5,2,3.0,5.6,5.8,3.4,3.3,6.1,0,5
S100901,21,B.Tech,7.34,5.8,5.9,3.3,4.5,5.9,3.3,1,1,0,1,138.0,3,1,3,3,2,2.0,5.6,10.0,4.2,4.8,6.3,0,5
S100902,23,B.Tech,7.9,7.2,5.9,3.5,5.7,6.0,5.5,2,1,0,2,362.0,0,0,0,9,2,1.0,7.3,7.2,5.5,5.6,6.8,1,3
S100903,21,B.Tech,6.59,4.3,3.7,4.4,6.5,3.7,5.3,3,1,0,4,263.0,1,0,1,5,2,1.0,4.8,6.1,9.1,4.2,5.9,0,5
S100904,20,BCA,6.87,7.8,7.4,6.5,5.5,5.1,0.8,4,2,1,2,475.0,1,1,1,7,3,2.0,3.5,9.7,4.1,4.5,7.7,1,0
S100905,21,B.Sc,7.19,4.4,3.8,4.9,7.9,4.9,5.2,2,1,0,1,242.0,1,0,0,6,2,2.0,3.6,5.9,2.7,7.8,3.3,1,3
S100906,21,B.Tech,,9.5,5.4,4.2,4.2,5.8,6.1,1,1,0,2,79.0,1,0,1,4,1,4.0,8.4,7.5,2.9,4.9,5.5,0,5
S100907,20,B.Tech,7.12,3.4,5.2,5.6,6.0,5.8,6.4,3,3,0,0,,5,0,3,3,3,5.0,6.1,7.8,3.8,6.8,9.4,1,3
S100908,20,B.Tech,7.61,4.5,6.5,3.2,6.7,0.0,5.3,2,2,2,3,155.0,5,0,2,5,3,3.0,8.3,7.1,4.2,5.7,5.1,1,2
S100909,25,B.Tech,7.14,7.3,1.6,6.4,5.0,4.0,0.7,3,1,0,0,,2,0,0,4,5,1.0,8.6,6.3,10.0,3.8,6.3,1,1
S100910,23,M.Tech,7.26,9.5,7.6,7.8,7.5,5.6,7.8,3,0,0,1,391.0,2,0,0,5,1,1.0,4.0,8.0,7.4,5.4,3.8,1,1
S100911,22,MCA,7.48,7.1,4.4,5.3,6.1,3.6,5.9,0,0,0,0,,5,2,2,3,3,2.0,3.9,,4.9,6.5,10.0,1,1
S100912,25,MCA,6.91,7.5,8.2,5.1,7.4,4.6,2.4,4,2,0,2,320.0,1,0,0,3,2,2.0,5.2,8.5,9.2,9.1,6.4,1,1
S100913,21,BCA,8.12,6.5,4.8,6.2,6.2,6.2,3.3,1,1,1,1,256.0,1,0,1,5,1,4.0,6.7,6.0,4.3,4.6,3.3,0,5
S100914,22,BCA,8.79,4.7,5.7,1.4,6.6,4.7,5.5,2,2,0,2,193.0,4,1,4,5,1,2.0,2.7,8.9,4.7,5.8,8.0,1,3
S100915,25,BCA,7.08,5.6,9.6,6.6,4.5,7.8,6.5,7,1,0,2,223.0,3,0,2,3,1,,6.4,8.4,4.6,7.6,3.7,1,0
S100916,23,B.Tech,7.94,4.3,5.2,10.0,4.5,7.0,3.9,2,2,0,2,390.0,3,0,0,4,2,1.0,6.3,7.5,7.6,,7.2,1,0
S100917,22,B.Tech,7.28,4.2,8.3,5.3,8.2,4.2,6.8,5,2,0,2,283.0,3,0,1,4,1,2.0,3.2,6.3,5.4,4.8,7.9,1,0
S100918,21,B.Tech,7.83,7.2,5.9,5.3,7.1,4.1,1.1,1,1,1,3,25.0,10,0,2,6,0,3.0,3.3,8.5,8.5,5.7,9.9,1,0
S100919,20,B.Sc,8.91,4.5,6.6,7.0,3.8,0.0,2.7,2,1,0,1,186.0,3,0,1,2,0,0.0,6.4,7.5,6.4,8.0,6.2,0,5
S100920,20,B.Tech,7.96,7.1,5.9,8.8,6.2,3.8,0.5,4,2,0,0,,7,3,4,4,2,2.0,9.6,0.7,7.3,6.9,5.9,1,1
S100921,20,MCA,5.9,4.2,7.5,7.4,1.1,1.5,3.0,2,2,0,1,106.0,3,1,3,3,3,0.0,4.9,5.0,1.9,7.9,1.7,0,5
S100922,24,B.Sc,7.91,7.0,4.4,1.2,4.7,5.0,8.3,2,2,1,1,236.0,1,0,1,4,0,1.0,6.2,6.8,2.1,8.1,4.9,0,5
S100923,23,B.Tech,8.61,5.6,3.8,6.6,7.7,4.8,9.5,1,1,1,0,,1,1,1,2,3,4.0,4.3,7.0,2.2,7.0,4.4,0,5
S100924,22,B.Tech,7.3,9.0,4.5,10.0,5.5,6.0,5.5,4,0,0,2,145.0,2,0,0,2,5,2.0,6.0,7.8,4.6,6.3,5.4,1,4
S100925,24,B.Tech,8.4,7.1,6.0,6.7,6.0,7.6,3.6,3,2,1,1,340.0,2,0,0,4,1,5.0,4.2,9.3,2.4,4.8,4.8,0,5
S100926,20,B.Tech,6.88,8.7,5.4,3.2,0.0,4.4,4.5,0,0,0,0,,6,3,5,4,3,2.0,5.0,7.6,8.0,5.6,7.4,1,4
S100927,21,MCA,6.16,5.1,7.2,6.1,5.0,9.5,6.0,1,0,0,3,163.0,4,1,2,4,3,4.0,10.0,2.7,5.1,5.7,4.7,1,3
S100928,22,B.Sc,7.63,6.6,8.4,2.9,6.5,5.0,1.6,5,1,0,2,447.0,4,1,3,3,1,3.0,5.7,6.9,6.7,8.2,6.8,1,3
S100929,25,M.Tech,5.92,4.7,3.8,8.0,6.7,1.6,3.7,4,1,0,0,,2,0,0,7,0,4.0,2.4,8.7,4.5,6.3,5.6,0,5
S100930,23,B.Tech,7.28,5.8,4.3,3.6,7.7,3.3,8.2,3,1,0,0,,3,0,0,6,1,2.0,6.8,6.7,7.1,6.3,4.6,1,4
S100931,25,B.Tech,8.66,6.0,2.9,5.6,5.4,3.7,2.7,2,1,0,2,113.0,2,1,2,5,2,,7.8,6.9,1.6,4.2,4.4,0,5
S100932,21,B.Tech,5.78,5.2,9.9,3.8,5.5,5.8,3.4,2,1,0,0,,3,0,1,5,1,1.0,6.9,5.6,5.4,8.2,6.3,0,5
S100933,25,M.Tech,6.35,4.3,6.4,4.4,3.1,2.4,5.0,2,1,0,0,,3,1,2,2,2,1.0,5.1,,6.5,4.6,8.5,0,5
S100934,20,M.Tech,6.57,4.0,6.8,8.5,5.4,3.8,5.6,1,0,0,4,113.0,4,1,3,3,0,2.0,3.7,5.9,6.7,5.5,4.3,0,5
S100935,21,B.Tech,7.44,2.3,3.1,5.7,3.3,4.1,3.6,3,1,1,2,179.0,2,0,1,3,2,3.0,3.7,7.6,4.9,8.4,5.9,1,2
S100936,23,BCA,7.17,4.6,5.8,4.4,2.1,3.5,5.2,3,1,1,2,355.0,3,1,2,4,3,3.0,5.1,7.3,2.1,7.6,6.8,1,2
S100937,20,B.Tech,8.76,7.6,6.8,3.2,3.6,6.3,6.3,2,0,0,3,437.0,3,1,1,5,2,2.0,4.8,6.6,7.5,4.5,5.8,1,3
S100938,25,MCA,8.36,3.6,5.3,1.8,8.8,5.9,9.3,3,1,1,0,,2,1,2,4,4,4.0,4.4,7.4,4.7,4.1,2.3,0,5
S100939,25,B.Tech,7.95,4.0,8.0,3.0,5.3,7.1,4.7,5,0,0,1,264.0,0,0,0,3,3,3.0,7.9,6.9,4.9,5.6,6.8,1,3
S100940,23,B.Tech,7.63,9.7,10.0,5.7,6.2,3.8,4.9,6,3,1,1,348.0,6,1,2,4,1,2.0,7.3,8.8,9.9,5.0,2.8,1,2
S100941,21,MCA,7.85,5.4,3.9,7.5,4.8,7.1,8.4,3,2,0,3,206.0,4,1,2,2,1,2.0,8.0,7.7,5.7,3.4,2.8,1,4
S100942,20,B.Tech,6.72,7.1,3.8,4.4,2.2,1.5,3.8,2,2,1,3,136.0,3,0,1,4,1,2.0,3.9,8.4,4.5,4.6,3.2,1,0
S100943,23,B.Tech,8.27,7.7,4.0,8.6,7.7,1.4,2.1,1,1,0,0,,3,0,0,5,3,1.0,3.7,5.1,4.3,1.1,5.5,0,5
S100944,23,B.Tech,6.5,7.7,9.0,4.1,1.5,1.8,5.6,0,0,0,2,68.0,2,1,1,7,2,1.0,5.7,5.0,6.8,7.6,3.9,0,5
S100945,24,B.Tech,8.25,3.8,7.9,5.0,4.7,4.5,7.4,2,1,1,1,452.0,2,2,2,5,1,2.0,6.3,6.6,3.9,7.5,2.9,0,5
S100946,23,M.Tech,8.57,6.1,5.5,3.3,5.7,7.1,5.8,2,1,0,1,214.0,4,0,1,7,8,0.0,5.6,7.8,6.5,8.5,6.6,1,3
S100947,20,MCA,7.69,3.6,5.9,7.5,6.3,3.2,4.8,1,1,1,0,,2,0,0,4,1,2.0,6.2,7.5,7.7,6.6,5.7,0,5
S100948,20,MCA,7.34,10.0,4.2,9.7,4.3,3.5,1.8,1,1,1,3,50.0,7,3,6,2,3,5.0,8.7,5.1,5.3,5.2,7.3,1,1
S100949,24,B.Tech,7.86,3.6,7.6,2.0,2.1,4.0,4.9,1,1,0,0,,2,0,0,1,3,2.0,5.1,7.9,7.5,7.8,4.3,1,2
S100950,20,B.Tech,5.0,4.6,5.0,4.8,4.2,5.8,7.7,1,0,0,1,211.0,3,0,1,2,4,4.0,7.1,5.4,5.4,4.7,5.7,1,4
S100951,25,B.Tech,7.77,4.6,5.3,8.0,4.3,3.4,2.3,2,1,0,3,178.0,1,0,0,3,2,3.0,6.5,7.7,4.1,3.6,7.4,1,0
S100952,20,B.Tech,7.4,3.8,7.0,2.6,4.3,3.3,4.5,2,2,0,5,256.0,3,0,1,1,2,,5.7,7.0,2.2,5.7,3.2,0,5
S100953,24,B.Tech,7.45,8.9,5.4,6.6,7.7,1.5,4.1,1,0,0,3,331.0,3,2,2,4,3,0.0,7.0,6.1,6.1,6.7,4.5,0,5
S100954,25,BCA,8.14,10.0,5.3,7.9,3.4,3.2,3.5,1,1,1,1,471.0,3,0,0,5,2,3.0,4.0,5.5,6.1,4.5,7.8,0,5
S100955,22,MCA,7.43,5.6,5.8,5.7,6.4,7.1,5.5,2,1,0,1,408.0,2,0,0,5,0,1.0,3.6,,7.5,4.1,5.8,0,5
S100956,20,M.Tech,6.47,4.1,7.4,6.6,6.1,4.7,6.0,3,0,0,1,116.0,5,1,1,5,4,2.0,6.4,6.6,7.3,5.2,5.5,0,5
S100957,25,B.Tech,7.37,2.5,9.1,9.0,7.7,2.9,6.0,2,2,0,2,489.0,6,2,3,9,3,3.0,2.2,4.6,9.6,6.7,5.7,1,0
S100958,21,B.Tech,7.56,6.1,7.0,9.4,5.5,7.2,2.9,2,2,0,0,,3,2,3,4,2,4.0,6.5,7.6,4.3,5.7,8.2,1,0
S100959,23,B.Tech,7.6,5.9,7.4,5.4,7.4,3.2,1.4,3,1,1,1,229.0,2,1,1,7,0,2.0,3.2,8.6,6.2,10.0,5.8,1,2
S100960,25,B.Tech,7.65,5.3,5.4,4.4,5.5,7.6,5.6,4,0,0,1,6.0,2,0,0,6,2,8.0,8.5,8.0,4.1,5.8,5.9,1,3
S100961,24,B.Tech,8.44,6.9,4.4,3.7,6.7,7.6,3.9,4,2,0,4,334.0,3,1,2,5,4,,4.7,7.1,7.4,7.4,5.8,1,3
S100962,20,B.Tech,6.52,7.2,7.1,7.5,2.8,4.6,9.0,5,0,0,2,443.0,3,1,1,1,2,0.0,8.4,5.7,3.6,3.4,2.6,1,4
S100963,24,B.Tech,7.66,7.1,6.1,2.8,0.5,1.2,9.1,4,1,1,1,147.0,3,0,2,3,3,3.0,5.1,6.7,7.3,7.1,6.8,0,5
S100964,20,BCA,8.66,5.9,3.0,5.0,6.6,9.5,9.4,3,1,1,2,433.0,4,0,1,7,2,4.0,5.0,6.3,4.0,5.2,4.2,1,3
S100965,24,B.Tech,5.94,4.5,5.1,5.7,6.7,5.4,2.9,4,1,0,2,44.0,4,0,1,8,6,0.0,7.2,6.7,7.0,6.0,3.3,1,2
S100966,23,BCA,7.66,7.7,5.6,4.5,6.8,3.8,6.3,4,2,2,0,,5,0,1,5,0,3.0,6.1,8.2,7.9,9.0,2.3,1,2
S100967,21,B.Tech,6.97,6.5,4.8,6.1,4.8,6.6,6.9,3,2,2,4,127.0,3,1,2,6,0,3.0,5.4,6.3,2.4,5.3,2.7,0,5
S100968,22,B.Sc,7.17,8.1,8.8,10.0,8.8,6.0,6.7,4,1,0,2,241.0,3,0,1,3,2,3.0,4.7,3.2,2.8,3.6,1.3,1,1
S100969,20,B.Tech,6.69,7.9,6.8,5.3,4.9,7.4,4.2,3,1,1,2,8.0,6,0,3,3,1,0.0,4.7,7.9,6.0,3.9,3.7,0,5
S100970,25,B.Tech,7.35,3.9,8.5,4.6,6.6,3.0,7.8,4,1,0,0,,3,2,2,5,1,1.0,10.0,7.2,5.8,6.3,4.9,0,5
S100971,21,B.Tech,9.16,3.9,6.3,7.5,7.0,5.2,5.0,2,0,0,0,,2,1,1,3,3,4.0,2.1,6.8,4.9,6.2,7.9,0,5
S100972,21,B.Tech,6.36,5.1,6.0,6.0,9.2,1.9,5.3,3,1,0,3,485.0,4,1,3,7,2,4.0,3.1,4.4,4.5,6.1,5.9,0,5
S100973,23,MCA,6.45,4.6,3.9,8.4,5.2,6.0,1.6,3,2,1,3,187.0,6,1,3,4,0,3.0,7.9,5.0,3.8,3.7,6.3,1,0
S100974,24,B.Tech,6.33,7.9,5.8,5.8,4.5,4.4,6.4,2,1,0,4,30.0,4,0,1,2,1,3.0,7.7,5.2,6.2,9.6,8.4,1,4
S100975,23,B.Sc,9.05,7.1,5.8,5.0,2.8,5.1,4.4,3,3,0,1,339.0,6,0,3,4,3,2.0,3.7,5.4,3.6,8.6,0.1,0,5
S100976,23,B.Tech,7.08,8.5,3.1,1.9,8.9,4.2,6.0,1,1,0,4,82.0,4,1,2,6,1,1.0,2.0,5.6,6.2,6.2,6.6,0,5
S100977,23,B.Tech,7.48,7.2,4.7,2.3,6.6,3.9,5.5,1,1,0,3,308.0,3,1,1,6,3,3.0,8.0,4.4,4.4,3.3,6.4,1,3
S100978,25,B.Tech,7.14,6.9,5.2,1.8,6.7,2.6,5.4,3,3,0,0,,1,0,1,1,2,3.0,3.4,10.0,4.7,8.9,7.4,1,4
S100979,22,B.Tech,6.65,8.7,6.6,6.3,10.0,6.2,4.9,2,2,0,2,84.0,5,0,0,1,0,1.0,4.5,9.2,7.9,8.0,2.2,1,2
S100980,24,BCA,7.29,7.3,6.7,2.8,6.5,7.8,6.7,0,0,0,2,319.0,2,0,1,2,3,1.0,5.7,7.0,7.4,6.2,4.7,1,3
S100981,24,MCA,9.71,6.6,4.6,8.0,3.2,3.3,4.6,3,1,1,2,337.0,7,1,2,5,3,1.0,3.4,6.4,3.5,8.2,3.9,0,5
S100982,25,M.Tech,8.75,9.2,6.7,5.6,5.4,5.7,1.8,5,3,1,0,,0,0,0,3,6,3.0,7.3,9.8,3.8,5.1,3.2,1,2
S100983,25,B.Tech,6.73,6.7,5.4,5.0,3.9,5.5,6.3,5,1,1,1,94.0,5,0,0,4,2,1.0,5.5,9.4,7.1,4.3,10.0,1,0
S100984,24,B.Tech,8.08,6.0,0.1,3.8,5.0,4.5,3.2,1,1,0,0,,3,0,0,4,3,1.0,3.7,5.2,2.6,6.3,4.7,0,5
S100985,21,BCA,6.75,5.0,4.8,6.7,5.0,1.1,2.1,3,1,1,2,3.0,3,0,2,5,3,3.0,3.9,6.9,8.4,3.2,7.7,0,5
S100986,24,B.Tech,,7.8,8.0,3.9,4.6,1.6,2.8,0,0,0,2,115.0,6,1,1,6,1,1.0,8.1,6.2,5.8,4.0,7.2,0,5
S100987,24,B.Tech,8.42,8.7,2.4,3.5,3.0,2.8,5.6,1,0,0,3,485.0,5,1,2,5,4,2.0,4.9,6.0,4.3,7.0,2.9,0,5
S100988,21,B.Tech,8.54,6.4,6.0,7.9,9.0,0.0,4.8,5,0,0,3,274.0,3,0,0,2,2,4.0,6.7,6.2,5.5,6.4,4.7,1,1
S100989,24,M.Tech,8.44,8.9,9.0,6.2,6.4,7.6,0.3,2,0,0,3,14.0,1,0,0,0,1,4.0,5.5,,8.2,3.5,5.9,0,5
S100990,21,B.Sc,7.08,3.0,4.3,5.0,5.3,5.3,4.2,4,2,2,0,,2,0,0,7,5,1.0,2.0,6.9,1.2,5.3,6.6,1,2
S100991,23,M.Tech,7.35,6.4,5.8,6.8,7.3,4.4,7.6,3,0,0,2,171.0,2,0,1,2,0,3.0,7.0,6.9,7.6,3.6,6.5,0,5
S100992,24,M.Tech,8.17,6.4,3.2,5.5,6.7,0.0,4.0,2,2,0,1,357.0,3,0,1,8,2,3.0,7.6,9.1,7.9,5.1,9.3,1,2
S100993,21,B.Tech,7.85,5.2,9.1,6.3,6.4,0.5,4.6,1,0,0,2,319.0,4,2,2,4,1,1.0,9.2,5.0,4.9,4.9,7.6,1,0
S100994,22,BCA,7.15,10.0,5.6,3.9,7.2,4.5,7.3,4,1,1,0,,6,0,1,9,0,2.0,1.7,8.2,5.4,7.8,7.1,1,4
S100995,24,B.Tech,6.04,6.4,5.9,9.6,6.1,8.8,6.8,3,3,0,1,185.0,6,2,2,2,3,1.0,0.0,4.6,5.8,,7.7,1,1
S100996,22,B.Sc,7.6,5.8,8.5,4.3,7.1,3.0,7.2,1,0,0,2,275.0,2,0,0,2,3,0.0,6.8,6.9,7.0,5.6,8.5,0,5
S100997,25,B.Tech,8.47,6.5,7.1,8.6,7.3,6.4,0.0,2,2,0,1,191.0,1,0,0,4,1,4.0,4.3,8.4,4.0,5.3,4.6,0,5
S100998,20,BCA,6.42,2.9,4.0,5.1,6.1,3.4,8.8,5,1,0,3,87.0,4,1,3,5,1,0.0,2.6,7.5,5.5,2.9,2.6,0,5
S100999,24,B.Tech,8.07,5.1,4.5,7.1,5.4,4.6,6.4,1,1,0,0,,4,0,0,2,2,3.0,5.7,5.9,5.3,5.8,4.6,1,1
S101000,24,B.Tech,7.8,8.3,6.8,7.0,8.9,7.2,10.0,2,2,2,1,337.0,5,0,1,5,2,2.0,4.6,7.0,6.9,6.9,3.1,1,4
S101001,25,B.Tech,8.18,5.4,4.6,7.8,4.8,3.7,3.3,2,1,0,1,301.0,2,0,1,3,3,4.0,2.9,9.5,10.0,6.4,3.8,1,0
S101002,20,B.Tech,8.28,5.0,1.6,3.8,6.6,3.0,1.1,5,1,1,1,371.0,5,1,2,4,2,5.0,5.3,5.4,4.0,7.2,6.0,0,5
S101003,25,B.Tech,6.87,8.9,5.7,7.7,6.6,7.6,5.0,4,0,0,1,259.0,1,1,1,3,0,5.0,6.6,7.5,5.7,7.3,4.7,0,5
S101004,22,B.Sc,6.04,8.9,2.8,9.2,4.6,4.6,4.4,2,0,0,0,,6,1,3,5,2,,5.8,8.2,4.0,10.0,7.1,1,1
S101005,22,B.Tech,7.02,7.4,9.0,5.0,4.2,6.9,6.4,2,1,1,0,,2,0,0,4,2,4.0,5.9,5.8,4.5,4.0,6.4,0,5
S101006,22,BCA,8.3,5.7,6.2,5.6,5.1,3.0,7.4,3,1,0,0,,2,0,1,4,3,2.0,6.4,9.6,3.3,6.4,6.5,0,5
S101007,23,B.Tech,7.01,6.1,4.0,4.5,4.8,7.6,4.8,0,0,0,2,54.0,1,0,0,5,4,3.0,2.1,10.0,2.4,6.6,3.3,0,5
S101008,23,M.Tech,6.88,5.1,4.4,4.8,2.9,5.1,4.5,3,1,1,2,51.0,3,1,1,4,2,1.0,5.4,8.5,7.9,5.4,4.0,0,5
S101009,22,B.Tech,5.86,4.7,2.0,8.9,4.5,5.5,6.1,2,1,0,1,235.0,1,0,0,1,2,2.0,6.0,8.5,6.2,4.9,2.0,0,5
S101010,20,B.Sc,9.08,4.6,3.6,3.5,6.3,4.8,4.4,3,0,0,4,346.0,2,0,1,5,2,1.0,4.7,3.4,5.7,6.9,6.9,0,5
S101011,25,B.Sc,8.24,5.4,7.8,3.6,8.3,3.4,4.3,0,0,0,4,120.0,3,0,0,4,4,1.0,3.8,4.1,3.8,6.7,9.6,1,3
S101012,21,B.Tech,8.19,4.6,10.0,8.7,6.9,4.5,7.3,4,4,1,0,,1,0,0,3,1,2.0,4.0,6.3,5.4,4.1,6.2,0,5
S101013,20,BCA,8.37,3.7,7.3,6.7,0.6,3.5,7.8,4,0,0,0,,2,1,2,2,4,0.0,4.9,,3.2,2.8,6.3,0,5
S101014,23,B.Tech,8.02,6.9,5.6,9.7,7.1,6.6,7.4,4,0,0,1,277.0,8,0,2,3,2,1.0,7.3,7.6,5.4,5.1,4.7,1,0
S101015,22,B.Tech,7.28,6.9,4.9,4.6,4.7,4.1,4.6,4,2,1,2,489.0,8,0,2,1,3,1.0,8.6,1.4,6.2,4.8,5.4,1,2
S101016,23,B.Sc,7.35,9.6,3.9,5.8,6.7,1.2,0.3,4,0,0,1,232.0,2,0,0,5,1,2.0,8.1,7.6,4.4,7.1,8.3,1,1
S101017,25,MCA,7.12,5.3,9.9,4.2,5.8,0.8,4.7,2,2,0,2,367.0,6,0,2,5,2,2.0,2.4,6.2,4.0,4.3,6.0,0,5
S101018,20,B.Tech,9.87,7.0,5.4,5.8,5.4,0.7,3.3,2,2,1,4,26.0,5,0,2,2,2,2.0,3.6,5.5,4.5,5.7,7.1,0,5
S101019,21,B.Tech,8.0,7.1,10.0,2.0,5.6,5.9,4.7,8,2,2,0,,2,0,0,4,1,2.0,6.8,9.9,7.1,2.9,8.4,1,2
S101020,23,MCA,7.08,6.0,8.6,6.9,5.8,2.0,3.5,2,1,0,1,340.0,5,0,1,1,0,2.0,8.1,5.9,5.9,3.2,8.0,0,5
S101021,24,M.Tech,7.92,7.8,2.3,6.1,8.5,5.2,5.0,3,0,0,2,201.0,3,0,1,2,0,3.0,3.6,3.6,2.3,4.6,5.9,0,5
S101022,23,BCA,6.59,7.9,4.5,5.4,5.8,4.8,2.7,4,0,0,3,14.0,4,1,2,3,1,3.0,5.9,7.3,6.9,5.5,6.0,1,1
S101023,22,B.Tech,8.85,7.1,4.5,4.7,8.0,4.4,2.2,3,0,0,1,113.0,1,0,0,6,3,2.0,3.2,7.2,6.6,,5.0,0,5
S101024,23,B.Sc,6.91,6.0,5.6,3.7,7.7,5.5,7.7,1,0,0,2,396.0,2,1,2,10,5,0.0,6.1,,5.9,6.3,6.8,0,5
S101025,25,B.Tech,7.95,5.9,5.7,7.0,7.1,4.8,2.9,6,3,0,3,342.0,2,0,1,3,3,,4.2,10.0,8.8,2.9,5.0,1,2
S101026,22,BCA,8.46,4.0,10.0,3.2,2.2,0.0,5.0,4,2,1,2,404.0,3,0,0,2,0,0.0,5.9,6.9,5.5,5.6,6.5,0,5
S101027,25,B.Tech,7.85,5.0,3.6,6.5,8.0,3.8,7.1,4,0,0,0,,2,2,2,8,2,6.0,3.1,8.3,6.4,5.6,7.9,0,5
S101028,24,M.Tech,7.59,5.4,6.3,9.6,4.9,5.4,7.0,2,0,0,4,464.0,1,0,1,5,3,4.0,2.2,7.1,6.4,3.4,2.4,0,5
S101029,21,B.Tech,7.51,4.5,7.0,8.5,7.2,8.1,6.7,1,1,1,2,460.0,0,0,0,4,1,3.0,10.0,8.8,7.3,6.4,2.1,1,3
S101030,21,B.Sc,7.45,7.3,5.8,2.5,3.9,8.2,5.7,2,1,0,2,184.0,1,0,1,3,1,2.0,5.6,5.9,5.1,2.1,5.7,0,5
S101031,24,M.Tech,6.98,8.7,6.0,4.4,3.4,1.5,6.6,3,2,2,3,104.0,3,0,2,3,3,0.0,9.8,4.6,4.2,4.8,7.1,1,2
S101032,21,B.Tech,7.1,4.9,3.7,6.3,9.8,3.7,8.0,0,0,0,0,,5,0,3,4,4,1.0,8.5,7.9,7.4,7.4,6.4,1,2
S101033,22,MCA,8.83,7.0,6.0,5.4,3.9,1.1,5.9,10,2,0,2,175.0,4,1,1,3,3,4.0,2.2,7.0,7.3,2.0,3.4,0,5
S101034,21,B.Tech,7.4,4.6,6.8,2.7,8.1,7.8,1.0,2,2,0,1,248.0,1,0,0,4,0,6.0,6.2,,8.0,7.2,7.6,1,3
S101035,23,B.Sc,6.79,6.0,6.5,6.3,6.0,6.7,3.8,4,0,0,2,465.0,2,0,0,6,0,1.0,2.9,5.4,6.3,3.9,9.6,0,5
S101036,21,B.Tech,7.04,5.3,6.9,5.5,5.0,5.3,6.5,3,0,0,2,135.0,4,0,1,3,0,2.0,4.9,7.4,2.2,4.9,4.1,0,5
S101037,23,B.Tech,8.49,7.6,8.6,9.3,5.7,4.9,3.6,4,4,0,1,442.0,2,0,1,3,3,2.0,1.7,3.6,5.8,8.5,4.3,1,0
S101038,25,B.Tech,8.11,5.3,7.7,5.0,3.2,7.5,8.6,4,0,0,0,,4,0,1,3,1,6.0,2.4,5.6,5.6,4.9,5.9,0,5
S101039,24,B.Tech,8.0,8.3,5.9,7.8,5.8,7.2,4.9,5,2,0,2,147.0,3,1,1,2,2,1.0,3.8,5.2,8.0,8.9,5.5,1,1
S101040,25,B.Tech,7.27,6.1,3.5,3.0,3.6,7.0,5.2,5,2,1,2,194.0,3,1,1,9,0,3.0,4.4,7.4,7.6,5.5,8.2,1,2
S101041,20,B.Sc,8.02,5.3,4.6,3.4,5.0,5.5,7.5,4,3,1,3,242.0,5,0,0,4,0,5.0,5.6,5.6,6.7,5.8,6.4,1,2
S101042,22,B.Sc,6.92,4.2,5.4,6.9,7.7,3.7,4.6,0,0,0,1,122.0,2,0,0,8,2,1.0,3.4,4.0,1.4,7.5,5.2,0,5
S101043,21,B.Sc,7.27,7.0,6.3,7.7,6.3,6.2,5.4,2,2,0,2,441.0,3,1,1,5,2,4.0,5.8,5.5,3.9,7.0,4.6,1,0
S101044,25,B.Tech,8.37,8.1,4.8,3.6,2.8,6.3,7.0,1,1,1,2,332.0,3,0,0,4,2,5.0,7.8,7.6,4.8,6.3,2.7,0,5
S101045,24,B.Tech,,7.0,3.9,5.5,7.5,4.1,1.8,2,0,0,0,,3,1,2,6,0,3.0,6.0,6.7,4.8,5.2,8.5,0,5
S101046,21,B.Tech,6.62,10.0,3.4,2.7,5.8,3.7,4.4,6,4,0,1,366.0,3,1,2,2,0,1.0,5.4,5.2,5.8,3.2,7.1,1,2
S101047,23,M.Tech,6.73,9.1,2.5,5.1,4.7,7.0,6.8,4,0,0,0,,3,0,1,4,1,1.0,6.2,8.0,8.5,3.3,5.6,0,5
S101048,23,MCA,7.6,5.9,5.3,7.2,7.3,8.2,5.1,2,0,0,0,,2,1,1,2,0,2.0,2.6,9.3,7.1,8.4,6.0,1,3
S101049,22,B.Tech,9.05,5.9,2.9,4.6,5.5,2.9,8.2,2,1,0,2,330.0,3,0,2,2,4,2.0,7.4,8.1,3.7,9.1,5.6,0,5
S101050,22,B.Sc,5.78,7.3,3.8,5.0,3.5,3.9,1.5,3,0,0,1,360.0,0,0,0,5,2,0.0,3.1,2.3,3.8,6.2,2.3,0,5
S101051,20,B.Tech,7.75,5.0,5.0,3.2,9.5,5.3,1.3,0,0,0,0,,3,0,0,6,2,2.0,8.6,6.9,3.7,2.8,3.0,0,5
S101052,22,B.Tech,6.26,8.6,3.1,4.2,5.8,5.6,6.7,1,1,0,3,99.0,2,1,2,5,1,4.0,7.0,,5.3,4.6,5.4,0,5
S101053,22,B.Tech,6.93,7.2,6.6,9.0,5.6,3.4,6.9,2,1,1,1,259.0,3,1,3,3,7,1.0,6.6,2.8,7.1,4.5,5.4,0,5
S101054,24,B.Tech,7.17,7.0,7.3,5.6,5.0,8.6,4.6,2,1,0,2,92.0,0,0,0,2,1,1.0,6.7,4.2,7.4,5.0,5.8,1,0
S101055,25,B.Sc,7.12,7.7,4.7,3.5,8.2,5.4,5.9,2,0,0,0,,7,1,4,5,4,3.0,5.5,7.9,4.7,4.4,9.2,1,3
S101056,24,MCA,7.02,9.6,4.9,4.9,4.8,5.7,6.6,2,2,0,2,474.0,2,1,1,3,3,3.0,3.9,6.8,5.4,6.9,5.2,1,1
S101057,20,B.Tech,7.51,6.8,6.9,2.3,2.7,8.4,3.2,4,2,2,0,,4,0,0,4,2,0.0,3.6,6.6,8.8,6.4,4.3,1,3
S101058,25,B.Tech,7.02,6.3,4.4,3.5,4.4,3.5,3.4,2,0,0,1,352.0,4,1,3,4,2,1.0,9.0,5.3,2.5,8.8,5.9,0,5
S101059,22,M.Tech,6.18,9.2,4.2,8.2,8.5,4.3,5.4,4,2,1,1,364.0,2,1,2,3,3,2.0,5.7,8.4,6.8,5.3,3.0,1,2
S101060,22,BCA,8.2,8.2,8.2,5.2,7.5,1.7,7.0,1,1,0,0,,3,1,2,2,1,4.0,3.3,4.3,6.6,,6.1,0,5
S101061,25,B.Sc,8.18,5.9,7.6,9.3,5.3,4.1,2.4,1,0,0,1,246.0,1,0,0,2,0,4.0,6.5,4.9,4.9,7.3,4.4,0,5
S101062,25,B.Tech,8.26,6.5,7.0,5.3,8.5,1.2,4.6,3,0,0,1,90.0,2,0,1,1,1,2.0,6.2,5.9,5.5,7.8,6.3,0,5
S101063,20,B.Sc,6.11,6.9,7.7,5.4,7.3,6.1,4.5,4,0,0,1,157.0,2,1,2,4,0,1.0,4.8,3.8,6.3,3.8,5.4,0,5
S101064,22,B.Tech,7.77,7.2,1.8,6.8,5.3,5.4,5.9,6,3,0,1,94.0,2,0,1,4,3,2.0,3.7,4.9,4.9,6.7,5.5,0,5
S101065,24,BCA,8.11,4.1,8.5,0.2,5.5,3.9,5.0,4,2,1,1,333.0,4,2,4,6,4,4.0,7.0,8.4,4.2,6.3,7.1,1,2
S101066,23,B.Tech,6.57,3.7,6.6,5.9,6.5,4.3,3.8,2,1,0,2,66.0,3,0,1,5,3,3.0,7.4,5.0,4.1,6.5,7.3,1,2
S101067,21,B.Sc,7.51,4.9,7.8,5.4,4.1,6.2,7.7,5,0,0,0,,3,0,0,3,0,4.0,6.1,7.9,9.2,6.1,9.9,1,4
S101068,23,B.Tech,7.4,4.8,6.6,8.5,5.8,2.0,3.8,3,0,0,0,,4,0,1,7,2,2.0,5.6,7.6,4.6,9.1,7.2,0,5
S101069,25,B.Tech,9.16,5.3,5.9,7.4,6.4,4.9,4.4,1,1,1,1,481.0,1,0,0,5,4,3.0,3.9,6.2,5.9,,5.3,1,2
S101070,21,MCA,9.23,7.6,5.2,3.2,2.4,6.0,1.5,6,0,0,3,394.0,4,0,1,5,3,2.0,6.5,3.9,7.1,4.3,4.5,0,5
S101071,24,B.Sc,6.0,6.2,6.5,8.0,5.4,0.6,3.4,3,1,0,0,,2,0,0,3,7,1.0,4.2,6.6,5.1,4.5,6.5,0,5
S101072,24,B.Tech,9.74,6.9,5.2,5.0,5.2,6.0,6.1,4,3,0,0,,4,2,3,5,1,0.0,3.0,2.7,5.6,5.5,8.7,0,5
S101073,25,BCA,6.68,4.3,7.5,3.7,7.9,0.8,5.7,3,2,0,0,,4,0,0,6,3,3.0,7.8,5.5,6.5,6.5,7.5,1,2
S101074,21,MCA,8.38,5.7,2.6,5.9,2.1,4.2,6.3,2,2,2,1,316.0,1,0,1,3,3,3.0,3.4,6.9,3.8,5.2,4.4,0,5
S101075,21,B.Tech,8.37,7.6,4.7,5.1,5.0,1.9,6.2,2,0,0,0,,3,0,2,4,3,3.0,1.7,8.1,2.4,7.8,6.7,0,5
S101076,23,B.Tech,6.6,7.6,9.9,8.6,4.8,7.6,9.6,3,2,0,0,,1,0,0,3,3,2.0,8.1,6.2,4.0,6.0,6.2,1,4
S101077,23,B.Tech,7.94,5.2,4.5,6.2,7.7,2.0,3.4,2,0,0,1,39.0,2,0,1,5,2,2.0,2.0,5.4,9.0,,7.9,0,5
S101078,22,B.Sc,7.4,6.8,5.3,5.9,5.7,0.9,1.4,3,0,0,2,318.0,2,1,1,4,4,2.0,4.7,5.3,4.3,3.6,6.4,0,5
S101079,24,B.Tech,8.0,10.0,4.0,7.3,9.4,4.8,2.7,5,2,1,2,235.0,2,0,0,2,0,1.0,3.3,5.7,5.8,9.3,6.3,0,5
S101080,24,B.Tech,7.71,6.5,6.5,7.7,7.1,3.6,3.5,5,2,1,1,414.0,2,0,1,6,1,2.0,4.1,7.6,2.8,5.9,3.4,0,5
S101081,21,MCA,8.58,5.3,4.3,7.1,5.0,1.2,2.9,2,1,0,1,15.0,3,0,0,6,4,,9.9,7.1,8.2,8.9,7.4,1,2
S101082,24,BCA,7.57,6.2,5.4,8.3,6.3,5.7,5.2,2,1,1,4,93.0,3,0,0,2,2,4.0,5.3,6.5,4.9,4.9,3.0,1,1
S101083,21,MCA,7.35,6.7,7.5,6.7,5.1,0.1,7.8,3,1,0,2,395.0,2,0,2,5,1,4.0,6.2,7.6,4.6,7.5,6.0,0,5
S101084,22,BCA,8.49,6.2,4.4,5.8,7.5,2.2,8.4,2,2,0,1,489.0,1,0,0,0,1,5.0,7.1,6.5,5.2,5.0,4.7,1,4
S101085,20,M.Tech,8.02,6.4,7.4,8.0,3.1,3.2,6.1,3,1,1,0,,1,0,0,5,3,0.0,4.2,4.1,10.0,9.3,4.6,0,5
S101086,22,M.Tech,8.16,3.9,7.4,5.3,4.2,6.3,9.7,4,3,0,1,7.0,2,1,1,3,6,0.0,7.7,4.5,6.4,8.0,7.0,1,2
S101087,25,M.Tech,6.9,4.8,7.9,5.6,6.7,7.4,4.2,1,0,0,1,26.0,2,0,0,1,0,2.0,6.3,7.6,5.2,7.5,5.8,1,0
S101088,22,B.Tech,6.56,6.2,6.1,8.9,8.3,6.9,1.4,4,1,0,1,439.0,2,0,0,4,4,1.0,7.0,4.0,0.0,4.7,1.0,0,5
S101089,24,B.Tech,6.99,6.2,10.0,8.7,1.4,4.2,7.3,2,0,0,0,,1,0,1,6,2,2.0,4.1,5.8,8.2,9.4,5.4,0,5
S101090,20,B.Tech,6.94,5.5,7.9,5.5,8.5,0.0,1.0,4,1,1,3,248.0,5,1,2,5,4,4.0,6.4,6.3,4.1,9.7,5.0,1,2
S101091,23,B.Sc,8.21,6.2,6.4,4.6,5.5,5.4,3.3,0,0,0,1,480.0,4,2,3,2,1,2.0,5.5,4.6,3.8,5.3,8.3,1,3
S101092,22,B.Tech,8.38,6.6,4.0,8.4,2.0,7.7,6.1,0,0,0,3,124.0,2,0,1,6,0,1.0,7.8,3.5,4.0,6.3,3.3,1,4
S101093,24,B.Tech,7.36,8.1,5.6,7.1,0.0,7.2,4.8,2,1,0,2,143.0,2,0,0,6,2,2.0,4.4,4.4,8.4,7.7,9.6,0,5
S101094,25,B.Sc,8.79,6.3,8.7,6.1,2.7,5.5,4.6,3,0,0,3,343.0,5,1,2,5,3,0.0,9.6,3.2,5.4,2.5,7.5,0,5
S101095,23,B.Tech,8.73,7.2,9.2,4.9,5.8,1.9,2.4,2,2,1,2,452.0,5,0,4,2,2,1.0,6.2,7.6,2.5,8.1,5.2,1,0
S101096,20,B.Tech,7.72,5.5,8.8,6.2,5.7,3.3,5.0,1,1,1,1,183.0,6,1,3,4,1,3.0,5.2,7.2,5.1,7.8,5.0,0,5
S101097,22,MCA,6.76,7.5,7.4,5.5,7.1,8.8,7.2,2,2,2,1,76.0,3,0,1,3,6,3.0,5.0,5.1,3.8,5.0,4.5,1,3
S101098,20,MCA,8.92,7.2,3.3,4.2,4.7,1.4,5.0,4,1,0,1,29.0,2,0,0,1,0,3.0,5.5,4.0,6.2,2.1,6.4,0,5
S101099,22,B.Tech,7.45,8.1,6.8,5.8,3.6,2.0,3.2,1,1,1,3,4.0,5,2,4,4,5,3.0,4.2,8.6,4.7,6.6,4.2,1,2
S101100,20,B.Tech,7.61,7.8,3.3,6.0,5.0,6.6,2.3,7,2,0,1,187.0,5,0,1,7,4,3.0,6.8,7.3,2.4,4.0,5.6,0,5
S101101,23,B.Tech,7.19,7.6,2.8,4.7,5.9,3.6,3.2,5,2,0,1,265.0,3,0,0,5,2,4.0,5.5,5.4,5.3,3.1,3.6,0,5
S101102,21,M.Tech,6.7,6.3,6.3,7.3,6.3,1.9,5.9,3,3,1,4,245.0,4,0,1,6,1,3.0,9.4,8.6,5.4,6.7,7.2,1,2
S101103,21,MCA,6.18,6.9,6.8,8.1,4.2,7.9,5.8,3,3,0,1,120.0,4,0,0,4,0,2.0,4.6,6.7,3.0,8.4,6.1,1,4
S101104,20,B.Tech,8.07,8.4,7.6,7.4,7.6,5.5,3.2,1,1,1,0,,1,0,1,6,0,1.0,5.3,7.1,1.6,5.6,4.9,0,5
S101105,25,M.Tech,6.79,5.3,6.8,4.9,4.6,3.7,0.1,3,1,1,4,439.0,1,0,0,6,2,2.0,4.6,4.6,6.1,8.1,5.3,0,5
S101106,25,B.Tech,10.0,5.4,6.9,7.0,4.1,2.0,5.9,4,2,1,0,,5,2,3,8,1,4.0,9.2,3.8,4.9,7.2,4.4,0,5
S101107,24,B.Tech,6.52,6.8,3.8,5.7,4.7,9.0,3.0,1,1,1,1,337.0,0,0,0,3,3,2.0,2.6,3.7,5.1,3.5,6.4,0,5
S101108,20,BCA,6.37,7.2,5.6,3.0,7.9,4.4,6.5,4,2,0,3,272.0,6,0,1,4,3,3.0,5.7,10.0,7.0,5.0,3.3,1,4
S101109,22,B.Tech,7.96,5.0,2.8,6.8,5.5,7.6,3.3,4,2,0,5,343.0,2,0,1,3,4,3.0,6.1,5.0,1.6,,7.6,1,3
S101110,25,B.Tech,8.88,6.4,1.8,5.8,4.4,6.5,2.8,1,0,0,2,8.0,4,0,1,5,1,2.0,3.2,6.6,5.6,5.0,6.1,0,5
S101111,23,B.Tech,7.56,6.3,7.3,10.0,7.7,3.4,5.3,2,2,0,1,336.0,3,0,1,5,5,3.0,10.0,7.3,6.8,7.5,4.9,1,0
S101112,20,B.Sc,8.02,2.5,4.3,8.4,10.0,3.4,10.0,1,1,1,0,,3,1,2,6,4,3.0,3.6,6.5,5.1,5.3,7.0,1,3
S101113,20,BCA,5.84,6.1,7.5,6.9,6.2,7.7,6.6,5,1,0,0,,2,1,2,1,1,1.0,5.6,6.2,2.7,7.3,6.6,1,0
S101114,21,BCA,6.89,6.2,8.0,6.0,8.3,7.7,5.3,4,1,0,4,420.0,4,1,2,4,1,2.0,8.9,6.2,4.2,6.8,3.7,1,3
S101115,25,B.Tech,6.53,6.2,4.6,5.8,7.9,0.4,5.8,2,1,0,2,373.0,2,0,1,2,2,2.0,4.7,7.4,4.6,5.6,8.4,0,5
S101116,21,B.Tech,5.79,9.0,7.0,3.5,4.6,5.7,1.1,2,0,0,2,492.0,7,3,4,4,1,1.0,5.8,4.6,2.3,7.2,0.8,0,5
S101117,25,M.Tech,7.61,4.3,4.5,2.0,5.9,4.2,2.5,0,0,0,1,335.0,5,2,5,2,2,1.0,4.8,5.7,6.2,2.1,8.0,0,5
S101118,24,B.Tech,5.48,5.0,2.1,3.8,3.2,2.2,0.0,0,0,0,2,223.0,3,0,0,5,2,0.0,5.4,2.4,5.5,4.0,5.5,0,5
S101119,25,MCA,6.31,1.8,6.0,5.4,5.4,5.1,8.8,1,1,0,2,417.0,6,0,2,2,1,2.0,7.7,3.1,4.2,,7.8,0,5
S101120,24,B.Sc,7.02,5.6,4.9,1.3,4.5,1.5,8.4,3,1,1,3,347.0,7,2,4,5,0,6.0,4.7,4.2,7.5,8.1,8.7,1,4
S101121,21,B.Tech,6.75,5.8,4.9,4.4,5.0,3.5,5.9,2,2,0,0,,0,0,0,5,2,4.0,0.2,8.0,4.5,3.4,4.9,0,5
S101122,24,MCA,7.86,5.6,9.8,5.0,4.3,2.7,5.3,2,0,0,1,289.0,0,0,0,4,4,2.0,5.4,6.0,8.5,5.9,5.0,0,5
S101123,21,B.Tech,7.78,8.5,2.7,5.1,5.2,3.4,1.6,3,0,0,1,175.0,4,0,2,3,3,5.0,5.6,7.8,5.0,6.6,6.4,1,1
S101124,21,B.Tech,8.3,8.0,6.6,4.2,6.9,4.3,4.5,2,1,1,4,307.0,1,0,0,2,0,3.0,5.9,7.2,3.6,6.4,3.5,1,1
S101125,21,B.Sc,8.18,6.6,3.8,4.8,5.6,2.3,8.9,4,1,0,1,233.0,2,0,0,4,2,4.0,5.1,7.0,3.7,5.8,5.1,1,4
S101126,20,B.Tech,8.53,5.8,7.6,8.9,2.1,8.0,5.3,1,1,0,1,66.0,6,1,4,4,2,1.0,3.8,4.8,5.7,4.9,5.0,1,0
S101127,20,B.Sc,7.5,8.3,6.4,6.8,4.3,5.6,3.8,3,3,1,0,,2,1,1,3,2,6.0,5.0,6.6,3.4,5.6,3.4,1,1
S101128,21,B.Sc,7.77,6.5,6.6,4.4,2.8,8.4,1.1,8,1,0,1,474.0,0,0,0,4,0,4.0,9.0,,5.8,7.8,4.9,1,3
S101129,20,BCA,7.96,5.0,3.9,5.4,6.3,4.1,8.0,1,1,0,3,166.0,4,1,2,7,4,2.0,5.4,10.0,4.7,4.8,7.3,1,4
S101130,22,BCA,7.63,3.4,4.3,5.4,6.8,3.3,4.8,3,0,0,0,,0,0,0,3,1,0.0,6.8,5.9,4.7,2.1,7.2,0,5
S101131,20,B.Tech,,5.7,7.7,4.0,6.3,8.4,1.1,3,1,1,0,,4,2,2,4,5,2.0,3.4,7.8,5.4,6.8,5.4,1,3
S101132,20,B.Tech,7.2,7.9,9.3,4.0,4.2,3.2,3.0,0,0,0,0,,3,0,2,4,2,2.0,4.9,6.3,7.5,8.7,5.9,1,0
S101133,25,M.Tech,6.76,10.0,6.8,7.5,6.3,4.1,2.2,3,0,0,1,193.0,1,0,0,3,4,2.0,3.5,5.2,4.4,4.1,5.2,0,5
S101134,20,BCA,7.88,6.6,4.0,4.7,4.9,6.1,4.7,0,0,0,2,479.0,2,0,1,6,0,1.0,8.1,8.1,5.9,8.4,2.3,1,4
S101135,20,B.Tech,7.42,5.1,6.5,3.3,3.5,1.8,5.5,5,3,0,2,56.0,6,1,4,3,2,2.0,2.4,9.9,6.4,6.9,3.8,1,4
S101136,20,B.Tech,6.9,4.4,10.0,5.4,7.3,6.1,3.9,2,1,1,2,334.0,3,1,3,5,1,5.0,6.2,7.0,3.1,3.9,7.7,1,3
S101137,20,B.Tech,6.9,7.5,6.0,5.7,7.4,5.8,6.7,2,1,0,0,,3,1,2,5,1,1.0,6.2,5.3,6.5,4.7,8.2,1,3
S101138,23,B.Tech,6.41,3.3,8.7,1.6,7.7,7.3,5.2,6,2,0,4,93.0,0,0,0,4,1,5.0,6.1,7.3,7.1,4.7,4.1,1,3
S101139,24,B.Sc,8.38,7.5,4.3,5.4,4.6,6.5,7.3,2,1,1,2,378.0,2,0,0,2,2,2.0,0.8,7.0,7.4,6.3,8.0,1,4
S101140,24,B.Tech,7.57,8.0,5.7,7.2,8.2,7.4,4.2,1,0,0,0,,1,0,0,6,3,2.0,1.5,10.0,3.3,5.7,3.4,0,5
S101141,23,M.Tech,6.72,7.3,7.0,6.4,4.8,4.3,10.0,1,1,0,1,169.0,2,0,1,4,2,0.0,5.7,7.8,3.4,8.0,4.8,1,4
S101142,20,MCA,8.23,6.1,6.6,10.0,7.1,2.6,3.8,3,1,1,1,89.0,5,1,1,6,1,8.0,3.7,4.8,5.4,7.5,5.6,1,0
S101143,24,MCA,7.0,7.5,4.3,8.0,4.8,9.1,3.0,4,2,1,1,472.0,5,0,3,6,2,1.0,4.2,8.8,5.3,3.2,5.3,0,5
S101144,20,B.Tech,6.23,6.8,4.2,8.4,5.4,1.1,2.7,1,1,1,1,99.0,4,0,1,2,0,1.0,4.7,7.9,5.5,3.4,4.4,0,5
S101145,23,B.Tech,8.42,5.1,7.8,10.0,1.0,1.4,4.5,1,1,1,1,474.0,4,1,2,3,3,0.0,3.4,8.2,4.8,7.1,6.1,0,5
S101146,22,M.Tech,7.02,9.8,8.2,7.0,5.2,5.7,1.2,5,0,0,4,324.0,1,0,0,5,2,2.0,3.0,7.3,5.9,5.1,7.4,1,1
S101147,25,MCA,7.13,5.9,8.8,5.8,6.0,8.1,5.6,2,2,0,1,428.0,3,0,2,5,4,2.0,5.5,8.3,0.4,5.7,2.9,1,3
S101148,21,B.Tech,7.54,7.9,9.4,7.4,5.0,4.9,0.8,2,2,0,0,,4,0,0,2,0,3.0,1.7,7.3,6.8,7.0,6.1,0,5
S101149,23,MCA,8.53,2.1,6.1,4.4,9.3,6.7,5.4,1,1,0,0,,5,0,1,3,1,3.0,4.5,6.0,8.4,7.5,7.7,1,3
S101150,22,B.Tech,7.52,8.8,5.2,5.7,3.5,0.1,2.0,2,1,1,1,328.0,2,0,0,4,2,1.0,4.2,6.7,4.4,3.8,5.0,0,5
S101151,23,MCA,,9.1,8.5,4.2,4.7,3.4,4.2,6,1,1,0,,1,0,1,4,1,2.0,5.5,6.3,5.9,2.0,4.7,0,5
S101152,25,B.Tech,7.99,6.6,7.2,6.3,4.0,0.4,6.3,3,2,1,4,275.0,2,0,0,5,2,2.0,10.0,7.1,8.9,5.8,4.1,1,0
S101153,24,B.Tech,7.06,7.5,3.8,4.2,4.7,6.2,10.0,2,0,0,1,229.0,1,0,0,4,5,3.0,3.5,6.6,5.6,4.5,9.8,1,4
S101154,22,B.Tech,,7.5,3.7,4.1,7.9,1.1,2.6,3,0,0,1,161.0,1,0,1,4,3,2.0,6.3,5.9,6.1,6.1,8.8,1,2
S101155,22,B.Tech,7.5,5.3,6.8,6.3,8.8,1.7,4.7,2,1,1,1,359.0,3,1,2,3,3,2.0,5.9,6.2,9.2,5.8,5.2,1,2
S101156,24,B.Tech,5.49,7.5,5.4,5.2,4.4,5.6,3.4,1,1,0,1,250.0,1,0,0,1,1,4.0,6.6,6.5,9.6,4.2,8.2,0,5
S101157,22,B.Tech,7.82,5.0,5.7,1.6,4.4,6.8,3.1,2,2,1,0,,6,1,1,8,0,2.0,5.1,3.3,3.4,9.8,4.7,0,5
S101158,21,B.Tech,9.25,5.4,7.9,2.6,3.5,4.2,3.4,1,1,1,0,,2,0,1,4,2,1.0,8.4,8.3,4.7,6.0,5.5,0,5
S101159,22,M.Tech,8.92,8.5,7.3,3.2,8.4,5.8,6.8,4,0,0,0,,2,0,0,4,0,1.0,6.9,7.1,7.3,5.0,3.7,1,4
S101160,20,B.Tech,9.15,8.3,8.5,3.7,8.0,5.7,3.9,4,2,2,2,165.0,4,0,0,4,2,3.0,6.9,5.4,6.5,6.2,2.1,1,2
S101161,21,B.Sc,6.58,5.2,1.9,6.3,5.6,4.0,9.9,2,0,0,0,,3,1,2,3,4,1.0,2.7,7.6,6.9,7.0,4.6,0,5
S101162,22,MCA,8.32,5.2,6.3,5.9,3.0,2.1,5.9,2,0,0,3,110.0,1,0,1,3,0,1.0,5.7,,0.3,4.9,4.9,0,5
S101163,24,B.Tech,6.85,5.3,7.2,7.6,3.2,5.7,2.8,5,1,1,1,474.0,2,0,1,2,4,2.0,4.5,5.6,1.6,10.0,6.7,1,0
S101164,24,B.Tech,7.7,7.8,2.7,7.0,6.1,5.8,4.2,4,2,1,3,404.0,3,0,1,2,3,4.0,3.8,7.2,9.1,3.3,7.1,1,3
S101165,21,MCA,6.35,4.7,4.5,7.6,6.9,6.5,3.2,6,0,0,1,276.0,1,0,0,5,2,2.0,4.2,9.1,7.0,3.4,5.6,0,5
S101166,22,MCA,6.92,7.1,4.1,6.7,1.7,5.2,6.8,7,0,0,1,90.0,3,0,0,4,0,4.0,5.4,7.0,6.2,3.1,3.8,0,5
S101167,20,B.Tech,6.89,7.8,5.8,5.9,5.2,1.9,1.4,1,1,0,1,452.0,5,1,5,5,1,0.0,6.4,5.1,3.0,6.0,4.5,0,5
S101168,24,MCA,,6.3,9.1,7.7,9.0,6.0,2.0,1,1,1,2,277.0,4,0,1,4,0,2.0,7.5,5.9,4.7,6.9,9.0,1,0
S101169,21,B.Tech,8.22,8.3,9.8,7.3,5.4,4.5,3.7,2,2,1,1,407.0,3,1,1,5,0,0.0,7.4,8.0,6.6,5.4,7.1,1,0
S101170,24,B.Tech,7.75,6.0,4.2,6.3,8.8,3.4,6.5,6,1,1,1,14.0,4,0,1,4,3,3.0,6.1,7.2,2.7,6.8,8.6,1,2
S101171,25,M.Tech,6.28,6.1,6.9,8.0,7.1,3.9,7.7,1,1,0,0,,2,1,1,3,1,2.0,5.6,8.2,4.1,6.8,9.4,0,5
S101172,24,B.Tech,7.22,4.7,6.9,0.8,3.6,3.0,8.0,4,0,0,0,,3,1,1,2,1,1.0,4.9,7.2,6.3,5.4,4.5,0,5
S101173,21,M.Tech,6.83,8.3,6.6,4.9,5.2,6.5,6.2,7,2,0,1,407.0,3,0,0,5,2,3.0,5.0,7.9,6.7,6.8,7.4,1,4
S101174,25,B.Tech,8.28,5.1,6.6,4.9,5.5,1.4,4.8,2,0,0,0,,3,0,2,1,4,1.0,3.9,,4.5,5.6,4.0,0,5
S101175,24,M.Tech,8.56,7.1,6.4,7.8,3.9,2.3,6.7,1,0,0,1,59.0,2,1,2,2,5,3.0,4.6,4.1,7.5,5.3,7.9,0,5
S101176,23,B.Tech,8.45,6.4,9.2,8.6,3.9,3.8,2.5,1,1,1,4,307.0,2,0,0,2,2,4.0,6.2,10.0,7.4,5.1,7.5,1,0
S101177,25,B.Tech,6.82,4.6,8.0,2.6,8.8,8.1,0.9,4,1,0,1,80.0,5,0,1,4,3,4.0,8.6,8.2,1.9,6.4,1.6,1,3
S101178,25,B.Tech,5.03,5.4,3.7,8.3,3.8,6.8,6.0,2,1,1,1,223.0,4,0,2,5,1,1.0,5.2,10.0,8.8,8.2,6.6,1,3
S101179,20,B.Tech,5.91,9.0,7.4,3.2,8.0,0.9,2.8,7,2,1,1,496.0,7,0,1,6,1,1.0,3.9,4.7,7.8,3.8,4.1,0,5
S101180,25,M.Tech,8.78,6.9,7.6,3.2,4.9,7.5,4.9,4,1,1,2,217.0,4,0,0,1,1,4.0,7.4,7.2,5.9,5.1,5.1,0,5
S101181,24,B.Tech,7.14,4.7,6.4,5.0,5.7,7.5,5.3,2,0,0,0,,0,0,0,7,0,2.0,1.5,6.8,5.2,6.3,4.5,0,5
S101182,21,B.Tech,6.82,7.0,8.1,4.9,6.9,1.9,5.5,1,1,1,1,21.0,5,1,3,2,2,5.0,7.6,8.1,7.1,9.2,7.6,1,0
S101183,21,B.Tech,8.98,6.2,6.2,2.4,4.6,0.0,7.1,1,1,0,0,,2,0,1,5,1,3.0,2.6,7.3,6.6,6.8,4.4,0,5
S101184,24,B.Tech,8.64,10.0,6.2,6.8,6.9,4.3,6.8,3,2,2,2,478.0,2,0,0,1,3,0.0,6.8,7.1,5.0,4.5,3.2,1,1
S101185,21,MCA,7.52,7.0,6.0,6.9,1.7,7.0,5.4,3,2,0,4,475.0,3,0,0,2,5,1.0,4.5,7.9,8.7,4.3,4.2,1,0
S101186,22,B.Tech,7.24,5.8,1.8,7.6,6.7,8.0,4.0,6,1,0,2,481.0,3,0,1,6,0,3.0,6.1,6.3,1.3,7.8,5.4,0,5
S101187,24,BCA,7.38,9.1,5.6,4.6,0.9,2.6,5.2,2,0,0,0,,2,0,0,4,1,3.0,9.7,5.6,4.2,5.4,6.6,0,5
S101188,23,B.Tech,7.7,3.2,4.5,5.4,5.3,8.4,3.7,8,2,1,0,,1,0,0,2,3,4.0,3.8,7.3,6.4,3.8,8.2,1,3
S101189,25,B.Sc,8.94,6.7,3.4,5.4,7.5,0.0,4.6,3,0,0,4,119.0,4,2,3,3,4,1.0,3.5,5.6,5.4,7.8,6.8,1,1
S101190,20,B.Tech,7.88,10.0,8.7,8.9,7.0,3.7,10.0,2,0,0,2,106.0,5,1,2,2,3,7.0,5.7,,6.9,6.6,7.0,1,1
S101191,21,B.Tech,8.15,6.3,6.8,0.0,3.2,3.6,5.4,1,0,0,1,39.0,5,1,2,1,6,5.0,8.6,3.9,2.7,3.9,7.3,0,5
S101192,25,MCA,8.55,3.4,5.7,3.6,3.5,7.0,6.0,3,1,1,0,,6,1,3,7,1,4.0,5.9,6.6,5.0,3.6,7.4,0,5
S101193,23,BCA,6.45,5.8,4.7,5.5,4.4,7.4,3.4,5,3,1,0,,2,0,1,10,2,4.0,5.6,4.8,7.8,2.1,7.9,1,3
S101194,21,MCA,8.18,9.1,6.4,3.3,6.2,6.6,7.2,4,4,1,1,361.0,3,0,1,4,3,,5.8,6.4,2.5,4.9,10.0,1,2
S101195,21,B.Tech,,7.2,7.8,5.0,1.7,1.5,6.7,0,0,0,0,,0,0,0,4,1,1.0,3.5,4.5,5.0,6.5,7.4,0,5
S101196,22,B.Tech,5.24,5.0,4.1,5.2,5.8,6.4,6.7,3,3,0,3,348.0,4,1,2,5,1,0.0,5.9,6.5,4.4,7.7,6.4,1,2
S101197,23,B.Sc,5.58,5.3,5.8,4.2,6.4,5.6,5.5,4,0,0,5,33.0,3,1,3,1,6,1.0,4.7,8.1,6.2,6.8,4.9,1,4
S101198,21,B.Tech,6.58,5.5,7.5,5.6,5.2,0.8,7.3,3,2,2,2,361.0,2,2,2,1,2,6.0,8.1,5.4,6.3,3.7,6.4,1,2
S101199,23,M.Tech,7.98,7.2,1.9,6.8,6.9,0.0,7.8,5,2,1,0,,2,0,0,4,1,3.0,7.1,4.8,5.7,5.5,8.1,0,5
